data,tytuł,Blog Wordpress,Blog Wordpress HTML,Post Facebook,Post Instagram,Grafika,Drive ID,Status_WP,Status_SM,Grafika_2,Drive ID_2,Grafika_3,Drive ID_3
31-08-2025,,"Gorąco w salonie i brak prywatności? Znam ten ból
Masz wielkie przeszklenia, piękne światło, ale po południu salon zamienia się w szklarnię, a sąsiad z naprzeciwka widzi więcej niż powinien. Klimatyzacja pracuje, rachunki rosną, a Ty nadal mrużysz oczy. Spokojnie — są proste i skuteczne sposoby, by odzyskać komfort bez ciężkich zasłon i ciągłego zasłaniania widoku.

Dlaczego osłony to dziś must-have, nie “nice-to-have”
Dzisiejsza architektura stawia na duże okna i ekspozycje południowo-zachodnie. To piękne, ale bez właściwej osłony wnętrza się przegrzewają, a ekran laptopa zamienia się w lustro. Dodatkowo w miastach dochodzi kwestia prywatności i hałasu, a na tarasie – palące słońce i porywisty wiatr. Dobrze dobrana osłona działa jak aktywna tarcza: zatrzymuje promienie jeszcze przed szybą, redukuje olśnienie, wspiera akustykę i podnosi poziom bezpieczeństwa. Kropką nad i jest estetyka – nowoczesne systemy z zewnątrz podkreślają linię elewacji, a wewnątrz dodają wnętrzu porządku i spokoju. Jeśli chcesz komfortu przez cały rok i niższych rachunków, nie obejdzie się bez przemyślanego zestawu rozwiązań.

Najczęstsze błędy i ich konsekwencje
- Stawianie tylko na osłony wewnętrzne przy problemie przegrzewania. Zatrzymują światło, ale ciepło i tak wchodzi do środka. Efekt? Sauna w salonie i klimatyzacja na pełen gwizdek.
- Uniwersalny wybór “jednego systemu do wszystkiego”. Każde okno ma swoją ekspozycję i inne potrzeby: południe, zachód, parter, piętro, narożne przeszklenia – to ma znaczenie.
- Zbyt jasna lub zbyt ciemna tkanina screen wybrana “na oko”. Możesz stracić widok albo prywatność o zmroku.
- Brak automatyki słonecznej i wiatrowej. Ręczne sterowanie przy zmiennej pogodzie szybko staje się uciążliwe, a przy mocnym wietrze ryzykujesz uszkodzenia.
- Montaż bez analizy miejsca. Za płytkie nadproże, kolizje z moskitierami, niewłaściwe prowadzenie przewodów — to prosta droga do kompromisów i awarii.

Konsekwencje? Przegrzane wnętrza, wyższe koszty energii, migreny od olśnienia, zniszczone tkaniny, hałaśliwe rozwiązania i rozczarowanie estetyką. A da się inaczej.

Rolbest: sprawdzone rozwiązania na upał, prywatność i komfort
Od 20 lat dobieramy osłony do prawdziwych, a nie katalogowych domów. Na przegrzewanie najlepsza jest ochrona od zewnątrz:
- Żaluzje fasadowe: aluminiowe lamele (np. Z90 lub C80) precyzyjnie dozują światło i ciepło. Dają świetną kontrolę nad olśnieniem bez całkowitego zaciemniania. W opcji z automatyką dopasowują kąt do słońca, a czujnik wiatru dba o bezpieczeństwo. Efekt: chłodniej latem, cieplej zimą, przy zachowaniu widoku.
- Rolety screen z prowadnicą ZIP: techniczne tkaniny o różnej prześwicie (1–5%) zatrzymują do 90% energii słonecznej jeszcze przed szybą, ograniczają refleksy na ekranie i zapewniają prywatność za dnia. System ZIP stabilizuje materiał przy podmuchach, więc ekran nie “łopocze”.
- Shuttery do wnętrza: idealne tam, gdzie priorytetem jest prywatność i klimat – sypialnia, gabinet, łazienka. Płynnie regulują światło, są łatwe w utrzymaniu i wprowadzają ponadczasowy porządek we wnętrzu.
- Pergole na taras: lamele lub tkanina odporna na warunki pogodowe tworzą komfortową strefę cienia i przedłużają sezon na zewnątrz. Możesz dołożyć screeny boczne, oświetlenie i nagrzewnice.

Dlaczego z nami? Montujemy w całej Polsce, mamy bezpłatny pomiar i doradztwo, a komponenty dobieramy pod Twoje okna i klimat okolicy. Dla klientów z Mazowsza mamy też sprawdzone rozwiązania wewnętrzne: plisy do trudnych kształtów, żaluzje wewnętrzne i rolety podstawowe – świetne do precyzyjnej kontroli światła, gdy zewnętrzne osłony nie są możliwe. Technicznie dbamy o detale: prowadnice dopasowane do stolarki, kolory z palet producentów okien, ciche napędy, sterowanie przewodowe i bezprzewodowe, integracje z systemami smart home. Lifestyle? Mniej hałasu, więcej cienia, prywatność bez zasłaniania świata i architektura, która wygląda jeszcze lepiej.

Jak dobrać osłony – prosty plan w 5 krokach
1) Zmapuj ekspozycję i potrzeby. Zaznacz, które okna grzeją najmocniej (południe, zachód), gdzie pracujesz przy monitorze, a gdzie zależy Ci na prywatności o zmroku.  
2) Dobierz typ do funkcji. Na upał stawiaj na zewnętrzne (żaluzje fasadowe, screeny). Do wnętrza i stref prywatnych – shuttery lub plisy. Na taras – pergola z opcją screenów bocznych.  
3) Wybierz parametry. Dla screenów: prześwit 3% to dobry kompromis między widokiem a ochroną, 1% – mocna prywatność i minimalne olśnienie. Kolor ma znaczenie: ciemne lepiej wycinają refleksy, jasne mniej się nagrzewają. Dla żaluzji: lamela Z minimalizuje hałas i lepiej domyka, C jest lżejsza optycznie.  
4) Przemyśl sterowanie. Automatyka słoneczna ustawi osłony, zanim pomieszczenie się nagrzeje. Czujnik wiatru zabezpieczy zewnętrzne systemy. Integracja z aplikacją lub pilotem ułatwia życie, a harmonogramy “robią robotę”, gdy Cię nie ma.  
5) Przygotuj montaż. Sprawdź głębokość nadproża i przebieg kabli, ustal kolor i rodzaj prowadnic, zaplanuj przeglądy. Zleć pomiar i montaż ekipie, która odpowiada za całość i daje serwis – unikniesz niespodzianek.

FAQ
Czy wieczorem z zewnątrz widać przez rolety screen?  
Przy zapalonym świetle wewnątrz i ciemności na zewnątrz prywatność maleje. Wtedy dołóż zasłonę, shuttery albo wybierz mniejszy prześwit tkaniny.

Jak żaluzje fasadowe radzą sobie z wiatrem i hałasem?  
Dobrze dobrany profil lameli i prowadzenie boczne ograniczają drgania. Dodatkowo czujnik wiatru automatycznie uniesie system przy silnych podmuchach.

Czy shuttery nadają się do łazienki?  
Tak, w wersji z tworzywa odpornego na wilgoć. Dają prywatność, nie falują jak tkaniny i łatwo je wyczyścić.

Masz dość upału i odblasków? Zróbmy to dobrze za pierwszym razem
Zadzwoń: 507 704 919 – umówimy bezpłatny pomiar i dobierzemy rozwiązanie pod Twoje okna, styl i budżet. 20 lat doświadczenia, montaż w całej Polsce i sprawdzone systemy, które realnie obniżają temperaturę i podnoszą komfort na co dzień.",,"Twój salon zamienia się w szklarnię, a sąsiad widzi za dużo? 🌞 Zewnętrzne osłony (żaluzje fasadowe, rolety screen) zatrzymują ciepło przed szybą, zmniejszają odblaski i przywracają prywatność bez zasłaniania widoku. 20 lat doświadczenia. Umów bezpłatny pomiar i wycenę: 507 704 919 📞🏠 Montaż w całej Polsce, ciche napędy i automatyka.","Każde popołudnie w salonie to piękne światło, ale i poczucie, że żyjesz w szklarni. Sąsiad zagląda, temperatura rośnie, rachunki idą w górę — zewnętrzne żaluzje i rolety screen chłodzą, zmniejszają olśnienie i dają prywatność. Dopasowane rozwiązanie podkreśli elewację i porządek we wnętrzu. Umów bezpłatny pomiar. #rolety #żaluzje #shuttery #markizy #moskitiery #wnętrza #dom #design #okna #rolbest",example (1).png,1XXcdnso49ObOvWaVhe3Vb6bdQzM7OVas,Do akceptacji,Do akceptacji,,,,
31-08-2025,Jak stworzyć komfortowy gabinet latem?,"HOOK
Wyobraź sobie: upalne popołudnie, Ty w skórzanym fotelu, z książką i lemoniadą pod ręką. Ale zamiast przyjemnego relaksu – lejący się przez okno żar, od którego ciężko się skupić. Znasz to uczucie? Latem domowy gabinet potrafi być równie inspirujący, co… męczący. A przecież to Twoja osobista strefa komfortu – czemu nie miałaby działać na Twoją korzyść przez cały sezon?

KONTEKST
Ostatnie trendy w designie wnętrz jasno pokazują: coraz więcej z nas zamienia domowe gabinety w miejsca, które nie tylko sprzyjają pracy, ale też pozwalają złapać oddech. Vintage wraca w wielkim stylu – ciemne drewno, burgund, granat, złoto i oldschoolowe dodatki sprawiają, że łatwiej poczuć się „u siebie”. Ale nawet najpiękniejszy wystrój nie zrobi roboty, jeśli nie zadbasz o to, jak wpada do środka światło i jak chronisz swoją prywatność. No i ta kwestia well-being – niby banał, a jednak odpowiednia ilość światła naturalnego w domu, właściwe kolory i tekstury potrafią zdziałać cuda dla Twojego nastroju. Lato to czas, kiedy szczególnie doceniamy komfort i elastyczność przestrzeni, w której żyjemy i pracujemy.

PROBLEM
Tu pojawia się kilka pułapek, w które wpadają nawet najbardziej świadomi właściciele domów. Po pierwsze: ignorowanie tematu kontroli światła. Zbyt mocne słońce w lecie oznacza nie tylko przegrzanie, ale i szybkie zmęczenie oczu, odbicia na monitorze czy wyblakłe książki. Po drugie: wybieranie przypadkowych rozwiązań okiennych, które albo są zbyt ciężkie wizualnie (przytłaczają klimat vintage), albo wręcz przeciwnie – nie dają realnej ochrony przed słońcem i wścibskim wzrokiem sąsiadów. Częsty błąd to stawianie tylko na styl: piękne zasłony wyglądają świetnie na Instagramie, ale w praktyce… przegrywają z codziennością. Zapominamy też, że sezonowy komfort w mieszkaniu to nie tylko chłód lub ciepło, ale też poczucie prywatności bez izolowania się od świata. Ostatecznie, to wszystko przekłada się na codzienne samopoczucie i naszą efektywność.

ROZWIĄZANIE ROLBEST
I tu wchodzą – całe na biało lub w szlachetnych odcieniach drewna – shuttersy ROLBEST. To nie są zwykłe żaluzje, ale minimalistyczne rozwiązania okienne, które idealnie odnajdują się w klimacie vintage i retro. Ich największy atut? Perfekcyjna kontrola światła naturalnego w domu: możesz precyzyjnie ustawić ilość promieni wpadających do gabinetu, rozproszyć je lub całkiem odciąć, gdy naprawdę tego potrzebujesz. To Ty decydujesz, czy chcesz zatopić się w półmroku podczas letniej burzy, czy otworzyć się na jasność poranka.

Shuttery ROLBEST to też gwarancja prywatności w nowoczesnych wnętrzach – nawet jeśli Twój gabinet wychodzi na ruchliwą ulicę. Dzięki nim nie odcinasz się od świata, ale masz pełną kontrolę nad tym, co wpuszczasz do środka. A jeśli chodzi o klimat: czyste linie, naturalne drewno i możliwość personalizacji koloru sprawiają, że shuttersy pięknie podkreślają kolory i tekstury w designie wnętrz. Dodaj do tego łatwość czyszczenia i trwałość – i masz rozwiązanie, które nie znudzi się po jednym sezonie.

PORADNIK PRAKTYCZNY
1. Zainwestuj w shuttersy lub żaluzje drewniane ROLBEST – wybierz odcień pasujący do Twojej palety vintage (np. głęboki orzech, kremowa biel, szlachetny grafit), by podbić nastrój gabinetu.
2. Ustaw shuttersy tak, by światło było rozproszone – to genialny sposób na eliminację ostrych cieni i stworzenie miękkiego, przytulnego klimatu do pracy lub relaksu.
3. Połącz tekstury: skórzany fotel, wełniany pled, mosiężne dodatki i matowe drewno shuttersów – to miks, który buduje prawdziwie komfortową strefę well-being.
4. Pamiętaj o wentylacji: shuttersy nie muszą być zamknięte na głucho! Ustaw lamele tak, by cyrkulacja powietrza była swobodna, a temperatura w gabinecie przyjemna nawet w upalne dni.
5. Dbaj o sezonowy komfort w mieszkaniu – latem shuttersy zabezpieczą Cię przed upałem, a zimą pozwolą maksymalizować światło dzienne, gdy najbardziej go potrzebujesz.

CTA
Twój gabinet to przestrzeń, w której masz czuć się najlepiej – i możesz to osiągnąć szybciej, niż myślisz. Sprawdź, jak shuttersy ROLBEST zmienią Twój domowy komfort i styl. Zadzwoń po bezpłatną wycenę: 507 704 919 – i stwórz letni gabinet, w którym naprawdę chce się być!","<h1>Jak stworzyć komfortowy gabinet latem?</h1><h2>HOOK</h2><p>Wyobraź sobie: upalne popołudnie, Ty w skórzanym fotelu, z książką i lemoniadą pod ręką. Ale zamiast przyjemnego relaksu – lejący się przez okno żar, od którego ciężko się skupić. Znasz to uczucie? Latem domowy gabinet potrafi być równie inspirujący, co… męczący. A przecież to Twoja osobista strefa komfortu – czemu nie miałaby działać na Twoją korzyść przez cały sezon?</p><h2>KONTEKST</h2><p>Ostatnie trendy w designie wnętrz jasno pokazują: coraz więcej z nas zamienia domowe gabinety w miejsca, które nie tylko sprzyjają pracy, ale też pozwalają złapać oddech. Vintage wraca w wielkim stylu – ciemne drewno, burgund, granat, złoto i oldschoolowe dodatki sprawiają, że łatwiej poczuć się „u siebie”. Ale nawet najpiękniejszy wystrój nie zrobi roboty, jeśli nie zadbasz o to, jak wpada do środka światło i jak chronisz swoją prywatność. No i ta kwestia well-being – niby banał, a jednak odpowiednia ilość światła naturalnego w domu, właściwe kolory i tekstury potrafią zdziałać cuda dla Twojego nastroju. Lato to czas, kiedy szczególnie doceniamy komfort i elastyczność przestrzeni, w której żyjemy i pracujemy.</p><h2>PROBLEM</h2><p>Tu pojawia się kilka pułapek, w które wpadają nawet najbardziej świadomi właściciele domów. Po pierwsze: ignorowanie tematu kontroli światła. Zbyt mocne słońce w lecie oznacza nie tylko przegrzanie, ale i szybkie zmęczenie oczu, odbicia na monitorze czy wyblakłe książki. Po drugie: wybieranie przypadkowych rozwiązań okiennych, które albo są zbyt ciężkie wizualnie (przytłaczają klimat vintage), albo wręcz przeciwnie – nie dają realnej ochrony przed słońcem i wścibskim wzrokiem sąsiadów. Częsty błąd to stawianie tylko na styl: piękne zasłony wyglądają świetnie na Instagramie, ale w praktyce… przegrywają z codziennością. Zapominamy też, że sezonowy komfort w mieszkaniu to nie tylko chłód lub ciepło, ale też poczucie prywatności bez izolowania się od świata. Ostatecznie, to wszystko przekłada się na codzienne samopoczucie i naszą efektywność.</p><h2>ROZWIĄZANIE ROLBEST</h2><p>I tu wchodzą – całe na biało lub w szlachetnych odcieniach drewna – shuttersy ROLBEST. To nie są zwykłe żaluzje, ale minimalistyczne rozwiązania okienne, które idealnie odnajdują się w klimacie vintage i retro. Ich największy atut? Perfekcyjna kontrola światła naturalnego w domu: możesz precyzyjnie ustawić ilość promieni wpadających do gabinetu, rozproszyć je lub całkiem odciąć, gdy naprawdę tego potrzebujesz. To Ty decydujesz, czy chcesz zatopić się w półmroku podczas letniej burzy, czy otworzyć się na jasność poranka.</p><p>Shuttery ROLBEST to też gwarancja prywatności w nowoczesnych wnętrzach – nawet jeśli Twój gabinet wychodzi na ruchliwą ulicę. Dzięki nim nie odcinasz się od świata, ale masz pełną kontrolę nad tym, co wpuszczasz do środka. A jeśli chodzi o klimat: czyste linie, naturalne drewno i możliwość personalizacji koloru sprawiają, że shuttersy pięknie podkreślają kolory i tekstury w designie wnętrz. Dodaj do tego łatwość czyszczenia i trwałość – i masz rozwiązanie, które nie znudzi się po jednym sezonie.</p><h2>PORADNIK PRAKTYCZNY</h2><ul><li>Zainwestuj w shuttersy lub żaluzje drewniane ROLBEST – wybierz odcień pasujący do Twojej palety vintage (np. głęboki orzech, kremowa biel, szlachetny grafit), by podbić nastrój gabinetu.</li><li>Ustaw shuttersy tak, by światło było rozproszone – to genialny sposób na eliminację ostrych cieni i stworzenie miękkiego, przytulnego klimatu do pracy lub relaksu.</li><li>Połącz tekstury: skórzany fotel, wełniany pled, mosiężne dodatki i matowe drewno shuttersów – to miks, który buduje prawdziwie komfortową strefę well-being.</li><li>Pamiętaj o wentylacji: shuttersy nie muszą być zamknięte na głucho! Ustaw lamele tak, by cyrkulacja powietrza była swobodna, a temperatura w gabinecie przyjemna nawet w upalne dni.</li><li>Dbaj o sezonowy komfort w mieszkaniu – latem shuttersy zabezpieczą Cię przed upałem, a zimą pozwolą maksymalizować światło dzienne, gdy najbardziej go potrzebujesz.</li></ul><h2>CTA</h2><p>Twój gabinet to przestrzeń, w której masz czuć się najlepiej – i możesz to osiągnąć szybciej, niż myślisz. Sprawdź, jak shuttersy ROLBEST zmienią Twój domowy komfort i styl. Zadzwoń po bezpłatną wycenę: 507 704 919 – i stwórz letni gabinet, w którym naprawdę chce się być!</p>","Letni gabinet jako strefa komfortu – wiesz, jak vintage detale i kontrola światła poprawiają codzienne samopoczucie? Prostym rozwiązaniem jest montaż shuttersów ROLBEST: zadbasz o idealną ilość światła, prywatność i styl, które wspierają Twój well-being. Nasze 20-letnie doświadczenie pokazuje, że komfortowe wnętrze to podstawa codziennej energii. Umów bezpłatną wycenę: 507 704 919 ✨🏠📞","Poranna kawa, vintage fotel i miękkie światło wpadające przez shuttersy – Twój letni gabinet staje się oazą komfortu. Kontrola światła to klucz do codziennego well-being i idealnego klimatu do pracy lub relaksu. Jak Ty organizujesz swoją strefę komfortu? Odkryj więcej inspiracji na blogu – link w bio! #shutters #rolety #żaluzje #wnętrza #dom #rolbest #inspiracje",https://drive.google.com/file/d/1izf2oinccRUXPEtKZeTAtA7k-aij6xCU/view?usp=drivesdk,1izf2oinccRUXPEtKZeTAtA7k-aij6xCU,Do akceptacji,Do akceptacji,,,,
31-08-2025,Jak zachować intymność w nowoczesnym domu?,"HOOK:
Wyobraź sobie: leniwy, letni wieczór, dzieci bawią się na podłodze, a Ty z kubkiem kawy obserwujesz zachód słońca przez ogromne okno salonu. I nagle… czujesz czyjś wzrok z sąsiedniego balkonu lub ścieżki za ogrodzeniem. Prywatność w nowoczesnym domu – tak łatwo ją stracić, gdy Twój salon to szklana wizytówka. Jak zachować intymność, nie rezygnując z pięknego światła i otwartej przestrzeni?

KONTEKST:
Nowoczesna architektura pokochała światło naturalne w domu, duże przeszklenia i otwartość na ogród. To trend, który nie zwalnia tempa – szukamy jasnych, przestronnych wnętrz, gdzie salon jest sercem życia rodzinnego. Ale im więcej szkła, tym większe wyzwanie: jak pogodzić potrzebę otwartości z potrzebą prywatności w nowoczesnych wnętrzach? W czasach, gdy sąsiedzi są blisko, a życie rodzinne jest na wyciągnięcie wzroku, ochrona intymności staje się nie tyle luksusem, co podstawą komfortu psychicznego. To także element wellness design w mieszkaniu – możliwość swobodnego bycia sobą, bez ciągłego poczucia bycia na widoku. Dlatego właśnie coraz więcej osób szuka rozwiązań, które pozwolą cieszyć się światłem i widokiem, jednocześnie zachowując prywatność – zwłaszcza latem, gdy życie toczy się w salonie i na tarasie.

PROBLEM:
Najczęstszy błąd? Myślisz: „przyzwyczaję się, zasłony ogarnę później”. Rzeczywistość jest inna – nowe wnętrza szybko stają się sceną na widoku dla przechodniów, sąsiadów, a nawet ciekawskich spojrzeń z ulicy. Wielkie okna bez osłon to nie tylko brak prywatności, ale też problem z kontrolą światła i komfortem termicznym. Zwykłe zasłony czy rolety? Często tłumią światło, psują efekt nowoczesnej architektury i nie pozwalają precyzyjnie sterować tym, co widoczne z zewnątrz. Typowe błędy to także wybór przypadkowych rozwiązań – za ciemne, za ciężkie, niepasujące do minimalistycznych linii albo odwrotnie: zbyt delikatne, by realnie chronić intymność. Efekt? Wieczorem zamykasz się na świat jak w bunkrze, a w dzień czujesz, że Twój dom to akwarium. W nowoczesnych wnętrzach liczy się subtelna równowaga – nie chcesz izolacji, ale potrzebujesz półprywatności, która pozwoli rodzinie być sobą.

ROZWIĄZANIE ROLBEST:
Tu wchodzą osłony okienne ROLBEST – stworzone z myślą o wyzwaniach nowoczesnych domów i współczesnych rodzin. Shuttersy ROLBEST, czyli stylowe, eleganckie „okienne żaluzje drewniane” (lub z kompozytu premium), to nie tylko modny akcent, ale przede wszystkim praktyczne narzędzie do zarządzania prywatnością i światłem. Dzięki nim precyzyjnie ustawiasz ilość światła naturalnego w domu, decydujesz, ile pokazujesz światu – a ile zostawiasz tylko dla siebie.

Ich minimalistyczny design świetnie integruje się z architekturą – nie zaburza widoku, nie przytłacza wnętrza, a wręcz podkreśla jego charakter. To idealny przykład na minimalistyczne rozwiązania okienne, które nie zamieniają salonu w ciemną norę. Shuttery działają jak filtr: wpuszczają światło, ale skutecznie chronią przed ciekawskimi spojrzeniami. Dodatkowo, dostępne są w różnych kolorach i teksturach – od jasnego drewna po chłodną biel czy głęboką czerń, co pozwala dopasować je do każdego stylu – od skandynawskich inspiracji wnętrzarskich po nowoczesny loft industrial style windows.

Co jeszcze? Shuttersy i żaluzje fasadowe ROLBEST to także inwestycja w sustainable design materials – wiele modeli wykonujemy z certyfikowanego drewna lub aluminium, które nie tylko świetnie wyglądają, ale są trwałe i ekologiczne. Dzięki temu zyskujesz prywatność w nowoczesnych wnętrzach, nie rezygnując z lekkości, światła ani designu. To rozwiązanie, które działa przez cały rok – od letnich wieczorów po zimowe, przytulne poranki.

PORADNIK PRAKTYCZNY:
1. Zdefiniuj strefy prywatności – Zastanów się, które części salonu powinny być bardziej chronione (np. kącik do pracy, miejsce zabaw dzieci) i tam zamontuj shuttersy lub żaluzje z możliwością precyzyjnej regulacji lameli.
2. Wybierz kolor i teksturę dopasowane do wnętrza – Jasne drewno to klasyka skandynawskich inspiracji, biel i grafit świetnie współgrają z minimalizmem, a naturalne materiały podkręcą efekt biophilic design elements.
3. Łącz osłony z innymi rozwiązaniami – Shuttery możesz połączyć z lekkimi, półprzezroczystymi zasłonami lub roletami screen, tworząc warstwową ochronę i ciekawy efekt dekoracyjny.
4. Postaw na regulację światła – Wybieraj produkty, które pozwalają na płynną zmianę kąta nachylenia lameli – tylko tak zyskasz pełną kontrolę nad światłem naturalnym w domu bez utraty prywatności.
5. Myśl o przyszłości – Postaw na trwałe, łatwe w czyszczeniu materiały i rozwiązania kompatybilne ze smart home integration design, jeśli chcesz mieć pełną wygodę i nowoczesność.

CTA:
Nie musisz wybierać między światłem a intymnością. Zadbaj o komfort swojej rodziny i styl swojego salonu – sprawdź shuttersy i żaluzje ROLBEST. Umów się na bezpłatną wycenę – tel: 507 704 919. Poczuj różnicę już tego lata!","<h1>Jak zachować intymność w nowoczesnym domu?</h1><h2>HOOK:</h2><p>Wyobraź sobie: leniwy, letni wieczór, dzieci bawią się na podłodze, a Ty z kubkiem kawy obserwujesz zachód słońca przez ogromne okno salonu. I nagle… czujesz czyjś wzrok z sąsiedniego balkonu lub ścieżki za ogrodzeniem. Prywatność w nowoczesnym domu – tak łatwo ją stracić, gdy Twój salon to szklana wizytówka. Jak zachować intymność, nie rezygnując z pięknego światła i otwartej przestrzeni?</p><h2>KONTEKST:</h2><p>Nowoczesna architektura pokochała światło naturalne w domu, duże przeszklenia i otwartość na ogród. To trend, który nie zwalnia tempa – szukamy jasnych, przestronnych wnętrz, gdzie salon jest sercem życia rodzinnego. Ale im więcej szkła, tym większe wyzwanie: jak pogodzić potrzebę otwartości z potrzebą prywatności w nowoczesnych wnętrzach?</p><p>W czasach, gdy sąsiedzi są blisko, a życie rodzinne jest na wyciągnięcie wzroku, ochrona intymności staje się nie tyle luksusem, co podstawą komfortu psychicznego. To także element wellness design w mieszkaniu – możliwość swobodnego bycia sobą, bez ciągłego poczucia bycia na widoku. Dlatego właśnie coraz więcej osób szuka rozwiązań, które pozwolą cieszyć się światłem i widokiem, jednocześnie zachowując prywatność – zwłaszcza latem, gdy życie toczy się w salonie i na tarasie.</p><h2>PROBLEM:</h2><p>Najczęstszy błąd? Myślisz: „przyzwyczaję się, zasłony ogarnę później”. Rzeczywistość jest inna – nowe wnętrza szybko stają się sceną na widoku dla przechodniów, sąsiadów, a nawet ciekawskich spojrzeń z ulicy. Wielkie okna bez osłon to nie tylko brak prywatności, ale też problem z kontrolą światła i komfortem termicznym.</p><p>Zwykłe zasłony czy rolety? Często tłumią światło, psują efekt nowoczesnej architektury i nie pozwalają precyzyjnie sterować tym, co widoczne z zewnątrz. Typowe błędy to także wybór przypadkowych rozwiązań – za ciemne, za ciężkie, niepasujące do minimalistycznych linii albo odwrotnie: zbyt delikatne, by realnie chronić intymność. Efekt? Wieczorem zamykasz się na świat jak w bunkrze, a w dzień czujesz, że Twój dom to akwarium.</p><p>W nowoczesnych wnętrzach liczy się subtelna równowaga – nie chcesz izolacji, ale potrzebujesz półprywatności, która pozwoli rodzinie być sobą.</p><h2>ROZWIĄZANIE ROLBEST:</h2><p>Tu wchodzą osłony okienne ROLBEST – stworzone z myślą o wyzwaniach nowoczesnych domów i współczesnych rodzin. Shuttery ROLBEST, czyli stylowe, eleganckie „okienne żaluzje drewniane” (lub z kompozytu premium), to nie tylko modny akcent, ale przede wszystkim praktyczne narzędzie do zarządzania prywatnością i światłem.</p><p>Dzięki nim precyzyjnie ustawiasz ilość światła naturalnego w domu, decydujesz, ile pokazujesz światu – a ile zostawiasz tylko dla siebie.</p><p>Ich minimalistyczny design świetnie integruje się z architekturą – nie zaburza widoku, nie przytłacza wnętrza, a wręcz podkreśla jego charakter. To idealny przykład na minimalistyczne rozwiązania okienne, które nie zamieniają salonu w ciemną norę. Shuttery działają jak filtr: wpuszczają światło, ale skutecznie chronią przed ciekawskimi spojrzeniami.</p><p>Dodatkowo, dostępne są w różnych kolorach i teksturach – od jasnego drewna po chłodną biel czy głęboką czerń, co pozwala dopasować je do każdego stylu – od skandynawskich inspiracji wnętrzarskich po nowoczesny loft industrial style windows.</p><p>Co jeszcze? Shuttery i żaluzje fasadowe ROLBEST to także inwestycja w sustainable design materials – wiele modeli wykonujemy z certyfikowanego drewna lub aluminium, które nie tylko świetnie wyglądają, ale są trwałe i ekologiczne. Dzięki temu zyskujesz prywatność w nowoczesnych wnętrzach, nie rezygnując z lekkości, światła ani designu. To rozwiązanie, które działa przez cały rok – od letnich wieczorów po zimowe, przytulne poranki.</p><h2>PORADNIK PRAKTYCZNY:</h2><ul><li>Zdefiniuj strefy prywatności – Zastanów się, które części salonu powinny być bardziej chronione (np. kącik do pracy, miejsce zabaw dzieci) i tam zamontuj shuttery lub żaluzje z możliwością precyzyjnej regulacji lameli.</li><li>Wybierz kolor i teksturę dopasowane do wnętrza – Jasne drewno to klasyka skandynawskich inspiracji, biel i grafit świetnie współgrają z minimalizmem, a naturalne materiały podkręcą efekt biophilic design elements.</li><li>Łącz osłony z innymi rozwiązaniami – Shuttery możesz połączyć z lekkimi, półprzezroczystymi zasłonami lub roletami screen, tworząc warstwową ochronę i ciekawy efekt dekoracyjny.</li><li>Postaw na regulację światła – Wybieraj produkty, które pozwalają na płynną zmianę kąta nachylenia lameli – tylko tak zyskasz pełną kontrolę nad światłem naturalnym w domu bez utraty prywatności.</li><li>Myśl o przyszłości – Postaw na trwałe, łatwe w czyszczeniu materiały i rozwiązania kompatybilne ze smart home integration design, jeśli chcesz mieć pełną wygodę i nowoczesność.</li></ul><h2>CTA:</h2><p>Nie musisz wybierać między światłem a intymnością. Zadbaj o komfort swojej rodziny i styl swojego salonu – sprawdź shuttery i żaluzje ROLBEST. Umów się na bezpłatną wycenę – tel: 507 704 919. Poczuj różnicę już tego lata!</p>","Prywatność w nowoczesnych wnętrzach: rodzina w centrum uwagi, świat w tle – czy to możliwe w domu pełnym przeszkleń? Shuttery i żaluzje ROLBEST pozwalają Ci cieszyć się światłem, nie rezygnując z intymności i komfortu. Nasze 20-letnie doświadczenie pokazuje, jak łatwo stworzyć idealną przestrzeń dla Twojej rodziny. Umów bezpłatną wycenę: 507 704 919. 🏠 👨‍🔧 💡","Cisza letniego wieczoru, dziecięcy śmiech i poczucie, że Twój dom to azyl – to takie ważne, gdy chcesz czuć się swobodnie bez ciekawskich spojrzeń z zewnątrz. Inteligentna kontrola światła i prywatności, jaką dają shuttery ROLBEST, zmienia codzienność w prawdziwą przyjemność. Jak wygląda Twoja definicja domowej intymności? Sprawdź więcej inspiracji na naszym blogu – link w bio! #shutters #żaluzje #rolety #wnętrza #rolbest #inspiracje #dom",https://drive.google.com/file/d/1SIi8jKuQowoDy1-fs-RtfxnMh98n5FZP/view?usp=drivesdk,1SIi8jKuQowoDy1-fs-RtfxnMh98n5FZP,Do akceptacji,Do akceptacji,,,,
31-08-2025,Jak stworzyć komfortową przestrzeń w nowoczesnej kuchni z jadalnią,"HOOK

Wyobrażasz sobie letnie popołudnie w swojej kuchni z jadalnią: słońce wdziera się przez wielkie okna, robi się gorąco, a każdy spacer po domu to wystawa na widok sąsiadów? Chciałbyś cieszyć się naturalnym światłem, ale nie kosztem komfortu i prywatności? Spokojnie, nie jesteś sam – to wyzwanie każdego, kto postawił na nowoczesną, otwartą przestrzeń.

KONTEKST

Nowoczesne kuchnie połączone z jadalnią to dziś serce domu – miejsce spotkań, pracy, odpoczynku. Coraz częściej projektujemy je z dużymi przeszkleniami, by wpuścić jak najwięcej światła naturalnego w domu i stworzyć poczucie otwartości. Jednak z nadejściem lata pojawia się nowy zestaw wyzwań: jak nie przegrzać wnętrza, nie stracić intymności, a jednocześnie nie zamienić przytulnej przestrzeni w ciemną twierdzę? W 2025 roku architekci podkreślają, że komfort sezonowy i wellbeing domowników zaczynają się od sprytnych rozwiązań okiennych oraz elastycznego zarządzania światłem. To właśnie odpowiednia aranżacja okien i wykorzystanie adaptacyjnych systemów osłonowych przesądza o tym, czy latem dom działa jak oaza, czy raczej jak szklarniowy piec.

PROBLEM

Najczęstszy błąd? Zostawienie kwestii osłon okiennych na koniec remontu lub wybór najprostszych rolet „byle coś było”. Efekt? W upalne dni kuchnia zamienia się w saunę, a wieczorami trudno czuć się swobodnie przy rozświetlonych oknach – każdy przechodzień ma widok jak na scenę. Wielu właścicieli nowoczesnych domów przecenia możliwości samych szyb anty-UV lub żaluzji z marketu, które często nie radzą sobie z ochroną przed letnim słońcem ani nie zapewniają prawdziwej prywatności w nowoczesnych wnętrzach. Otwarte przestrzenie wymagają precyzyjnej kontroli światła, a architekci coraz częściej wskazują na potrzebę integracji okien z architekturą już na etapie projektu. Bez tego trudno o open space light management – czyli zarządzanie światłem w dużych, połączonych strefach. Co gorsza, nieprzemyślany wybór może zaburzyć minimalistyczny styl wnętrza lub kolidować z innymi elementami designu.

ROZWIĄZANIE ROLBEST

Tu właśnie wchodzimy my – ROLBEST. Od 20 lat pomagamy właścicielom domów i architektom okiełznać światło i cieszyć się pełnym komfortem sezonowym w mieszkaniu. Nasze żaluzje aluminiowe to minimalistyczne rozwiązania okienne, które z jednej strony pozwalają precyzyjnie regulować ilość wpadającego światła naturalnego w domu, a z drugiej – chronią prywatność bez efektu „zasłoniętej jaskini”. Aluminiowe lamele są odporne na wilgoć i łatwe w czyszczeniu, co w kuchni i jadalni jest nie do przecenienia, a ich nowoczesne wzornictwo płynnie wpisuje się w każdy styl, od industrialnego loftu po ciepłe, skandynawskie inspiracje wnętrzarskie. Jeśli cenisz sustainability, mamy też rozwiązania z naturalnych materiałów – drewniane żaluzje i shuttersy, które ocieplą przestrzeń i wpiszą się w biophilic design elements. Co więcej, nasze systemy możesz połączyć z smart home integration design, by sterować światłem jednym kliknięciem – nawet z poziomu kanapy czy wakacji! Z ROLBEST zyskujesz nie tylko termoizolację i ochronę UV w nowoczesnych domach, ale także spokój i poczucie intymności. Oferujemy indywidualne dopasowanie pod każdy wymiar i styl, a Twoja kuchnia z jadalnią zyskuje nowy wymiar komfortu – przez cały rok.

PORADNIK PRAKTYCZNY

1. Stawiaj na adaptacyjne systemy osłonowe – wybierz żaluzje aluminiowe lub shuttersy, które pozwalają płynnie regulować światło i prywatność w zależności od pory dnia i nastroju.
2. Zadbaj o integrację okien z architekturą – planując remont lub projektując nową kuchnię, przemyśl już na etapie projektu, gdzie będą największe przeszklenia i jakich rozwiązań okiennych potrzebujesz.
3. Szukaj produktów z funkcją smart – automatyczne żaluzje lub rolety pozwolą Ci szybko reagować na zmiany pogody i słońca, nawet jeśli nie ma Cię w domu.
4. Pamiętaj o materiale – w kuchni stawiaj na łatwe w czyszczeniu i odporne na temperaturę systemy, np. aluminium lub specjalne tkaniny screenowe, by zapewnić letnie chłodzenie naturalnego domu.
5. Dbaj o estetykę – wybierz kolory i tekstury żaluzji dopasowane do reszty wnętrza. Minimalistyczne biele, industrialne szarości czy ciepłe drewno? Z ROLBEST masz pełną paletę możliwości.

CTA

Chcesz, by Twoja kuchnia z jadalnią była latem oazą światła i komfortu, a nie areną walki z upałem i brakiem prywatności? Zadzwoń po bezpłatną wycenę do ROLBEST – tel: 507 704 919 i zobacz, jak łatwo wprowadzić sezonowy komfort do swojego domu. Nie czekaj na kolejny upał – zadbaj o swoje wnętrze już dziś!","<h1>Jak stworzyć komfortową przestrzeń w nowoczesnej kuchni z jadalnią</h1><h2>Letnie wyzwania w otwartych przestrzeniach</h2><p>Wyobrażasz sobie letnie popołudnie w swojej kuchni z jadalnią: słońce wdziera się przez wielkie okna, robi się gorąco, a każdy spacer po domu to wystawa na widok sąsiadów? Chciałbyś cieszyć się naturalnym światłem, ale nie kosztem komfortu i prywatności? Spokojnie, nie jesteś sam – to wyzwanie każdego, kto postawił na nowoczesną, otwartą przestrzeń.</p><h2>Serce domu – nowoczesne kuchnie z jadalnią</h2><p>Nowoczesne kuchnie połączone z jadalnią to dziś serce domu – miejsce spotkań, pracy, odpoczynku. Coraz częściej projektujemy je z dużymi przeszkleniami, by wpuścić jak najwięcej światła naturalnego w domu i stworzyć poczucie otwartości.</p><p>Jednak z nadejściem lata pojawia się nowy zestaw wyzwań: jak nie przegrzać wnętrza, nie stracić intymności, a jednocześnie nie zamienić przytulnej przestrzeni w ciemną twierdzę? W 2025 roku architekci podkreślają, że komfort sezonowy i wellbeing domowników zaczynają się od sprytnych rozwiązań okiennych oraz elastycznego zarządzania światłem.</p><p>To właśnie odpowiednia aranżacja okien i wykorzystanie adaptacyjnych systemów osłonowych przesądza o tym, czy latem dom działa jak oaza, czy raczej jak szklarniowy piec.</p><h2>Najczęstsze błędy w aranżacji okien</h2><p>Najczęstszy błąd? Zostawienie kwestii osłon okiennych na koniec remontu lub wybór najprostszych rolet „byle coś było”. Efekt? W upalne dni kuchnia zamienia się w saunę, a wieczorami trudno czuć się swobodnie przy rozświetlonych oknach – każdy przechodzień ma widok jak na scenę.</p><p>Wielu właścicieli nowoczesnych domów przecenia możliwości samych szyb anty-UV lub żaluzji z marketu, które często nie radzą sobie z ochroną przed letnim słońcem ani nie zapewniają prawdziwej prywatności w nowoczesnych wnętrzach.</p><p>Otwarte przestrzenie wymagają precyzyjnej kontroli światła, a architekci coraz częściej wskazują na potrzebę integracji okien z architekturą już na etapie projektu. Bez tego trudno o open space light management – czyli zarządzanie światłem w dużych, połączonych strefach.</p><p>Co gorsza, nieprzemyślany wybór może zaburzyć minimalistyczny styl wnętrza lub kolidować z innymi elementami designu.</p><h2>Sprawdzone rozwiązania dla Twojego domu</h2><p>Tu właśnie wchodzimy my – ROLBEST. Od 20 lat pomagamy właścicielom domów i architektom okiełznać światło i cieszyć się pełnym komfortem sezonowym w mieszkaniu.</p><p>Nasze żaluzje aluminiowe to minimalistyczne rozwiązania okienne, które z jednej strony pozwalają precyzyjnie regulować ilość wpadającego światła naturalnego w domu, a z drugiej – chronią prywatność bez efektu „zasłoniętej jaskini”.</p><p>Aluminiowe lamele są odporne na wilgoć i łatwe w czyszczeniu, co w kuchni i jadalni jest nie do przecenienia, a ich nowoczesne wzornictwo płynnie wpisuje się w każdy styl, od industrialnego loftu po ciepłe, skandynawskie inspiracje wnętrzarskie.</p><p>Jeśli cenisz sustainability, mamy też rozwiązania z naturalnych materiałów – drewniane żaluzje i shuttersy, które ocieplą przestrzeń i wpiszą się w biophilic design elements.</p><p>Co więcej, nasze systemy możesz połączyć z smart home integration design, by sterować światłem jednym kliknięciem – nawet z poziomu kanapy czy wakacji!</p><p>Z ROLBEST zyskujesz nie tylko termoizolację i ochronę UV w nowoczesnych domach, ale także spokój i poczucie intymności. Oferujemy indywidualne dopasowanie pod każdy wymiar i styl, a Twoja kuchnia z jadalnią zyskuje nowy wymiar komfortu – przez cały rok.</p><h2>Praktyczne wskazówki na lato</h2><ul><li>Stawiaj na adaptacyjne systemy osłonowe – wybierz żaluzje aluminiowe lub shuttersy, które pozwalają płynnie regulować światło i prywatność w zależności od pory dnia i nastroju.</li><li>Zadbaj o integrację okien z architekturą – planując remont lub projektując nową kuchnię, przemyśl już na etapie projektu, gdzie będą największe przeszklenia i jakich rozwiązań okiennych potrzebujesz.</li><li>Szukaj produktów z funkcją smart – automatyczne żaluzje lub rolety pozwolą Ci szybko reagować na zmiany pogody i słońca, nawet jeśli nie ma Cię w domu.</li><li>Pamiętaj o materiale – w kuchni stawiaj na łatwe w czyszczeniu i odporne na temperaturę systemy, np. aluminium lub specjalne tkaniny screenowe, by zapewnić letnie chłodzenie naturalnego domu.</li><li>Dbaj o estetykę – wybierz kolory i tekstury żaluzji dopasowane do reszty wnętrza. Minimalistyczne biele, industrialne szarości czy ciepłe drewno? Z ROLBEST masz pełną paletę możliwości.</li></ul><p>Chcesz, by Twoja kuchnia z jadalnią była latem oazą światła i komfortu, a nie areną walki z upałem i brakiem prywatności? Zadzwoń po bezpłatną wycenę do ROLBEST – tel: 507 704 919 i zobacz, jak łatwo wprowadzić sezonowy komfort do swojego domu. Nie czekaj na kolejny upał – zadbaj o swoje wnętrze już dziś!</p>","Letni komfort i prywatność w nowoczesnej kuchni-jadalni: Architektoniczne strategie światła – czy Twoje wnętrze naprawdę jest na to gotowe? Proste żaluzje aluminiowe ROLBEST skutecznie chronią przed upałem i spojrzeniami sąsiadów, dbając o przytulny klimat przez cały rok. Nasze 20-letnie doświadczenie spokazuje, że to klucz do spokojnego lata. Umów bezpłatną wycenę: 507 704 919 🏠🌞📞","Poranna kawa w jadalni, gdzie światło otula Cię ciepłem, a prywatność pozostaje nienaruszona – to luksus lata w nowoczesnym wnętrzu. Precyzyjna kontrola światła sprawia, że przestrzeń zawsze jest komfortowa i pełna harmonii. Czy Twoja kuchnia jest gotowa na sezon słońca? Więcej inspiracji – link w bio! #żaluzje #shutters #wnętrza #dom #design #okna #rolbest",https://drive.google.com/file/d/1p-50Bxm5634-jzqLzKnL9B9Oq4tXSaRF/view?usp=drivesdk,1p-50Bxm5634-jzqLzKnL9B9Oq4tXSaRF,Do akceptacji,Do akceptacji,,,,
31-08-2025,Jak zapewnić sobie komfortowy sen latem dzięki odpowiedniej aranżacji okien,"HOOK:
Wyobraź sobie ciepły, letni wieczór. Otwierasz okno sypialni, łapiesz oddech po upalnym dniu… A jednak nie możesz zasnąć – światło ulicznych latarni wdziera się przez firanki, a temperatura w pokoju nie pozwala na komfortowy odpoczynek. Brzmi znajomo? Spokojny, głęboki sen i regeneracja latem to nie tylko kwestia wygodnego łóżka. To także efekt przemyślanej aranżacji okien.

KONTEKST:
W ostatnich latach coraz częściej zwracamy uwagę na wpływ światła, temperatury i akustyki na jakość snu. Przeprowadzka do nowego mieszkania, remont sypialni czy po prostu chęć poprawy codziennego komfortu skłaniają nas do szukania rozwiązań, które pozwolą dobrze wypocząć nawet podczas najbardziej upalnych nocy. Branża wnętrzarska i architektoniczna mocno podkreślają znaczenie adaptacyjnych systemów osłonowych, eco-materiałów i minimalistycznych rozwiązań okiennych. Okazuje się, że odpowiednio dobrane zasłony, rolety czy żaluzje potrafią nie tylko zadbać o klimat wnętrza, ale realnie wpłynąć na nasze zdrowie i samopoczucie. W ROLBEST wiemy, jak ważny jest „seasonal comfort w mieszkaniu” – szczególnie latem, kiedy sypialnia powinna być Twoją oazą ciszy, prywatności i świeżości.

PROBLEM:
Najczęstszy błąd? Niedocenianie roli okien i ich osłon w sypialni. W efekcie wiele osób zmaga się z przegrzaniem pomieszczenia, zbyt ostrym światłem nad ranem czy brakiem odpowiedniej prywatności. Popularne, tanie rozwiązania – cienkie firanki lub rolety z marketu – często nie spełniają swojej funkcji: nie izolują od hałasów, nie chronią przed światłem i nie są dostosowane do stylu wnętrza. Kolejny problem to brak świadomości, jak duży wpływ mają materiały i sposób montażu osłon na komfort termiczny i akustyczny. Efekt? Zamiast regeneracji mamy rozdrażnienie, przebudzanie się o świcie oraz poczucie „niechcianej obecności” sąsiadów czy światła z zewnątrz. W dodatku wiele osób zapomina, że nowoczesne rozwiązania okienne mogą być zarówno piękne, jak i funkcjonalne, dopasowane do aktualnych trendów wellness design oraz „sustainable design materials”.

ROZWIĄZANIE ROLBEST:
Tutaj wchodzimy my, cały na biało (a czasem w głębokiej zieleni lub naturalnym drewnie). ROLBEST od 20 lat stawia na jakość, komfort i design. Do letniej sypialni polecamy przede wszystkim zasłony rzymskie z eco-weluru – nie tylko efektowne, ale też świetnie izolujące akustycznie i termicznie. Gwarantują totalną kontrolę nad „światłem naturalnym w domu” – łatwo przyciemnisz wnętrze, nie rezygnując z miękkiego, kojącego półmroku. Jeśli cenisz „prywatność w nowoczesnych wnętrzach”, wybierz minimalistyczne rozwiązania okienne: nasze rolety, plisy lub żaluzje wewnętrzne z naturalnego drewna, które doskonale wpisują się w „sustainable design materials” i „kolory i tekstury w designie wnętrz”.

Wolisz high-tech? Automatyczne systemy ROLBEST pozwalają sterować zaciemnieniem jednym kliknięciem – nawet z łóżka. Dla tych, którzy szukają pełnej harmonii: plisy termoizolacyjne, które latem chronią przed upałem, a zimą zatrzymują ciepło. Wszystkie nasze rozwiązania testujemy pod kątem „acoustic comfort w wnętrzach”, bo wiemy, że prawdziwy relaks to cisza i spokój. Każdy produkt możesz spersonalizować – od koloru po fakturę i system sterowania. Z ROLBEST zyskujesz nie tylko styl, ale sezonowy luksus i zdrowy sen.

PORADNIK PRAKTYCZNY – 5 wskazówek:
1. Postaw na materiały termoizolacyjne – zasłony rzymskie z eco-weluru lub plisy termo są idealne na lato. Pomogą utrzymać niższą temperaturę w sypialni.
2. Zadbaj o precyzyjną kontrolę światła – wybierz rolety lub żaluzje z systemem regulacji kąta nachylenia, by rano nie budziło Cię ostre słońce.
3. Izoluj od dźwięków – welurowe zasłony i grube plisy skutecznie tłumią hałas z zewnątrz. To podstawa „acoustic comfort w wnętrzach”.
4. Wybieraj naturalne i ekologiczne materiały – drewno, bawełna, len nie tylko wyglądają stylowo, ale są zdrowe i wpisują się w trendy „sustainable design materials”.
5. Nie bój się automatyzacji – smart rolety i żaluzje pozwalają zarządzać światłem i temperaturą bez wstawania z łóżka. Komfort i nowoczesność w jednym!

CTA:
Zadbaj o letni komfort, zdrowy sen i piękny design w swojej sypialni. Zamów bezpłatną wycenę rozwiązań ROLBEST – zadzwoń: 507 704 919. Zainwestuj w sezonowy luksus i przekonaj się, jak wiele zmienia profesjonalna aranżacja okien!","<h1>Jak zapewnić sobie komfortowy sen latem dzięki odpowiedniej aranżacji okien</h1><h2>Letnie wieczory i problemy ze snem</h2><p>Wyobraź sobie ciepły, letni wieczór. Otwierasz okno sypialni, łapiesz oddech po upalnym dniu… A jednak nie możesz zasnąć – światło ulicznych latarni wdziera się przez firanki, a temperatura w pokoju nie pozwala na komfortowy odpoczynek. Brzmi znajomo? Spokojny, głęboki sen i regeneracja latem to nie tylko kwestia wygodnego łóżka. To także efekt przemyślanej aranżacji okien.</p><h2>Wpływ otoczenia na jakość snu</h2><p>W ostatnich latach coraz częściej zwracamy uwagę na wpływ światła, temperatury i akustyki na jakość snu. Przeprowadzka do nowego mieszkania, remont sypialni czy po prostu chęć poprawy codziennego komfortu skłaniają nas do szukania rozwiązań, które pozwolą dobrze wypocząć nawet podczas najbardziej upalnych nocy.</p><p>Branża wnętrzarska i architektoniczna mocno podkreślają znaczenie adaptacyjnych systemów osłonowych, eco-materiałów i minimalistycznych rozwiązań okiennych. Okazuje się, że odpowiednio dobrane zasłony, rolety czy żaluzje potrafią nie tylko zadbać o klimat wnętrza, ale realnie wpłynąć na nasze zdrowie i samopoczucie.</p><p>W ROLBEST wiemy, jak ważny jest „seasonal comfort w mieszkaniu” – szczególnie latem, kiedy sypialnia powinna być Twoją oazą ciszy, prywatności i świeżości.</p><h2>Najczęstsze błędy w aranżacji okien</h2><p>Najczęstszy błąd? Niedocenianie roli okien i ich osłon w sypialni. W efekcie wiele osób zmaga się z przegrzaniem pomieszczenia, zbyt ostrym światłem nad ranem czy brakiem odpowiedniej prywatności.</p><p>Popularne, tanie rozwiązania – cienkie firanki lub rolety z marketu – często nie spełniają swojej funkcji: nie izolują od hałasów, nie chronią przed światłem i nie są dostosowane do stylu wnętrza. Kolejny problem to brak świadomości, jak duży wpływ mają materiały i sposób montażu osłon na komfort termiczny i akustyczny.</p><p>Efekt? Zamiast regeneracji mamy rozdrażnienie, przebudzanie się o świcie oraz poczucie „niechcianej obecności” sąsiadów czy światła z zewnątrz. W dodatku wiele osób zapomina, że nowoczesne rozwiązania okienne mogą być zarówno piękne, jak i funkcjonalne, dopasowane do aktualnych trendów wellness design oraz „sustainable design materials”.</p><h2>Sprawdzone rozwiązania dla Twojego domu</h2><p>Tutaj wchodzimy my, cały na biało (a czasem w głębokiej zieleni lub naturalnym drewnie). ROLBEST od 20 lat stawia na jakość, komfort i design. Do letniej sypialni polecamy przede wszystkim zasłony rzymskie z eco-weluru – nie tylko efektowne, ale też świetnie izolujące akustycznie i termicznie.</p><p>Gwarantują totalną kontrolę nad „światłem naturalnym w domu” – łatwo przyciemnisz wnętrze, nie rezygnując z miękkiego, kojącego półmroku. Jeśli cenisz „prywatność w nowoczesnych wnętrzach”, wybierz minimalistyczne rozwiązania okienne: nasze rolety, plisy lub żaluzje wewnętrzne z naturalnego drewna, które doskonale wpisują się w „sustainable design materials” i „kolory i tekstury w designie wnętrz”.</p><p>Wolisz high-tech? Automatyczne systemy ROLBEST pozwalają sterować zaciemnieniem jednym kliknięciem – nawet z łóżka. Dla tych, którzy szukają pełnej harmonii: plisy termoizolacyjne, które latem chronią przed upałem, a zimą zatrzymują ciepło.</p><p>Wszystkie nasze rozwiązania testujemy pod kątem „acoustic comfort w wnętrzach”, bo wiemy, że prawdziwy relaks to cisza i spokój. Każdy produkt możesz spersonalizować – od koloru po fakturę i system sterowania. Z ROLBEST zyskujesz nie tylko styl, ale sezonowy luksus i zdrowy sen.</p><h2>Praktyczne wskazówki na letnie noce</h2><ul><li>Postaw na materiały termoizolacyjne – zasłony rzymskie z eco-weluru lub plisy termo są idealne na lato. Pomogą utrzymać niższą temperaturę w sypialni.</li><li>Zadbaj o precyzyjną kontrolę światła – wybierz rolety lub żaluzje z systemem regulacji kąta nachylenia, by rano nie budziło Cię ostre słońce.</li><li>Izoluj od dźwięków – welurowe zasłony i grube plisy skutecznie tłumią hałas z zewnątrz. To podstawa „acoustic comfort w wnętrzach”.</li><li>Wybieraj naturalne i ekologiczne materiały – drewno, bawełna, len nie tylko wyglądają stylowo, ale są zdrowe i wpisują się w trendy „sustainable design materials”.</li><li>Nie bój się automatyzacji – smart rolety i żaluzje pozwalają zarządzać światłem i temperaturą bez wstawania z łóżka. Komfort i nowoczesność w jednym!</li></ul><p>Zadbaj o letni komfort, zdrowy sen i piękny design w swojej sypialni. Zamów bezpłatną wycenę rozwiązań ROLBEST – zadzwoń: 507 704 919. Zainwestuj w sezonowy luksus i przekonaj się, jak wiele zmienia profesjonalna aranżacja okien!</p>","Letni komfort – jak aranżacja okien w sypialni wpływa na Twój sen i regenerację? Odpowiednio dobrane zasłony czy rolety to prosty sposób na chłód, ciszę i pełną prywatność podczas upalnych nocy. Nasze 20-letnie doświadczenie pokazuje, że przemyślana aranżacja okien realnie poprawia jakość snu. Umów bezpłatną wycenę: 507 704 919. 🌞✨📞","Chwila ukojenia po upalnym dniu – zasypiaj w sypialni, która otula ciszą i delikatnym półmrokiem. Kontrola światła i temperatury gwarantuje zdrowy, letni sen, a pięknie zaaranżowane okna stają się sercem Twojego komfortu. Czy Twoja sypialnia to już prawdziwa oaza wypoczynku? Sprawdź więcej inspiracji – link w bio!  
#rolbest #wnętrza #design #okna #żaluzje #rolety #inspiracje",https://drive.google.com/file/d/1L09jPUaUCWzLDylvoY4daPOWutoe4hsk/view?usp=drivesdk,1L09jPUaUCWzLDylvoY4daPOWutoe4hsk,Do akceptacji,Do akceptacji,,,,
31-08-2025,Jak stworzyć komfortowe biuro w domu latem,"HOOK
Praca z domu latem brzmi jak marzenie – dopóki nie zderzysz się z upałem, ostrym światłem wpadającym wprost na ekran i sąsiadami zaglądającymi w okno. Brzmi znajomo? Prywatność i komfort termiczny w domowym biurze to wyzwania, które latem potrafią skutecznie obniżyć produktywność i odebrać radość z home office. Na szczęście, architektoniczne triki i nowoczesne osłony okienne mogą ten problem rozwiązać raz na zawsze.

KONTEKST
Wraz z rosnącą popularnością pracy zdalnej, domowe biura przeszły prawdziwą rewolucję. Coraz więcej z nas szuka rozwiązań, które pozwolą nie tylko wygodnie pracować, ale też czuć się dobrze w swoim wnętrzu bez względu na pogodę. Szczególnie latem, gdy temperatury szybują, a promienie słoneczne zamieniają pokój w saunę, temat komfortu sezonowego (""seasonal comfort w mieszkaniu"") i prywatności w nowoczesnych wnętrzach wysuwa się na pierwszy plan. Zachowanie balansu między naturalnym światłem w domu, efektywną wentylacją i ochroną przed wzrokiem innych to coś, co doceni każdy, kto choć raz przeprowadził wideokonferencję w rozgrzanym pokoju. Dodatkowo – rosnące oczekiwania względem estetyki i funkcjonalności wnętrz sprawiają, że adaptacyjne systemy osłonowe stają się niezbędnym elementem domowego biura. Architekci i projektanci wnętrz coraz częściej stawiają na integrację okien z architekturą i minimalistyczne rozwiązania okienne, które łączą wygodę, styl i technologię.

PROBLEM
Letnie słońce, choć tak wyczekiwane po zimie, w domowym biurze potrafi być prawdziwym utrapieniem. Najczęstsze błędy? Ustawienie biurka przy oknie bez zadbania o odpowiednią kontrolę światła naturalnego i brak możliwości elastycznego zacieniania wnętrza. Efekt? Oślepiające refleksy na monitorze, przegrzane powietrze i… brak prywatności. Część osób próbuje ratować się prowizorycznymi zasłonami, które nijak nie wpisują się w nowoczesny design wnętrza. Inni inwestują w rolety, które albo za mocno zaciemniają pokój (odbierając przyjemność z pracy przy świetle dziennym), albo są trudne w obsłudze i nie pozwalają na płynne dopasowanie do aktualnych potrzeb. Do tego dochodzi temat wentylacji – zamknięte okna i szczelne zasłony to gwarancja duchoty i spadku koncentracji. W efekcie domowe biuro staje się miejscem, do którego wcale nie chce się wracać po urlopie…

ROZWIĄZANIE ROLBEST
Czas na konkret! Jeśli chcesz, by Twój home office był gotowy na każde lato, postaw na adaptacyjne systemy osłonowe ROLBEST. Nasze plisy, żaluzje fasadowe i rolety screen to więcej niż tylko ochrona przed słońcem – to przemyślany design, który daje pełną kontrolę nad światłem naturalnym w domu i prywatnością. Dzięki płynnej regulacji możesz precyzyjnie dostosować ilość światła do pory dnia – od delikatnego rozproszenia promieni (idealne do wideokonferencji!), po całkowite zacienienie podczas upałów. Żaluzje fasadowe czy plisy to nie tylko funkcjonalność – to również minimalistyczne rozwiązania okienne, które świetnie wpisują się w nowoczesny, architektoniczny styl wnętrz. Dodatkowo, nasze systemy wykonane są z trwałych, często sustainable design materials (np. drewno, aluminium), które podkreślają charakter przestrzeni i są przyjazne środowisku. Jeśli cenisz sobie wygodę, możesz wybrać smart home integration design – sterowanie osłonami z poziomu smartfona, bez ruszania się od biurka. ROLBEST to też bezpieczeństwo: nasze rozwiązania minimalizują nagrzewanie pomieszczenia, chronią przed wzrokiem ciekawskich i pozwalają zachować pełen ""seasonal comfort w mieszkaniu"". Bo domowe biuro ma być Twoją strefą komfortu – bez kompromisów.

PORADNIK PRAKTYCZNY
Jak stworzyć idealne, letnie home office? Oto 5 praktycznych wskazówek:
1. Ustaw biurko bokiem do okna – zyskasz maksimum światła naturalnego, a jednocześnie unikniesz rażącego blasku na monitorze (work from home space optimization).
2. Zamontuj plisy lub żaluzje ROLBEST – pozwolą Ci płynnie zarządzać światłem w ciągu dnia, nie tracąc kontaktu z otoczeniem.
3. Zadbaj o rośliny doniczkowe – to nie tylko ""biophilic design elements"", ale również naturalna klimatyzacja i lepsza jakość powietrza.
4. Jeśli masz duże przeszklenia – rozważ rolety screen lub żaluzje fasadowe. To rozwiązania zapewniające ochronę UV w nowoczesnych domach i skuteczne letnie chłodzenie naturalnego domu.
5. Podziel przestrzeń za pomocą ażurowych paneli lub rolet – zyskasz ""prywatność w nowoczesnych wnętrzach"" i stworzysz strefę, w której łatwiej się skupić.

CTA
Nie czekaj, aż słońce i upały odbiorą Ci przyjemność z pracy w domu! Zainwestuj w komfort, prywatność i styl – sprawdź ofertę ROLBEST. Bezpłatna wycena i doradztwo: tel. 507 704 919. Twoje biuro, Twoje zasady – my zajmiemy się resztą!","<h1>Jak stworzyć komfortowe biuro w domu latem</h1><h2>Wyzwania pracy zdalnej latem</h2><p>Praca z domu latem brzmi jak marzenie – dopóki nie zderzysz się z upałem, ostrym światłem wpadającym wprost na ekran i sąsiadami zaglądającymi w okno. Brzmi znajomo? Prywatność i komfort termiczny w domowym biurze to wyzwania, które latem potrafią skutecznie obniżyć produktywność i odebrać radość z home office.</p><p>Na szczęście, architektoniczne triki i nowoczesne osłony okienne mogą ten problem rozwiązać raz na zawsze.</p><h2>Rewolucja w domowych biurach</h2><p>Wraz z rosnącą popularnością pracy zdalnej, domowe biura przeszły prawdziwą rewolucję. Coraz więcej z nas szuka rozwiązań, które pozwolą nie tylko wygodnie pracować, ale też czuć się dobrze w swoim wnętrzu bez względu na pogodę.</p><p>Szczególnie latem, gdy temperatury szybują, a promienie słoneczne zamieniają pokój w saunę, temat komfortu sezonowego i prywatności w nowoczesnych wnętrzach wysuwa się na pierwszy plan. Zachowanie balansu między naturalnym światłem w domu, efektywną wentylacją i ochroną przed wzrokiem innych to coś, co doceni każdy, kto choć raz przeprowadził wideokonferencję w rozgrzanym pokoju.</p><p>Dodatkowo – rosnące oczekiwania względem estetyki i funkcjonalności wnętrz sprawiają, że adaptacyjne systemy osłonowe stają się niezbędnym elementem domowego biura. Architekci i projektanci wnętrz coraz częściej stawiają na integrację okien z architekturą i minimalistyczne rozwiązania okienne, które łączą wygodę, styl i technologię.</p><h2>Najczęstsze błędy w aranżacji okien</h2><p>Letnie słońce, choć tak wyczekiwane po zimie, w domowym biurze potrafi być prawdziwym utrapieniem. Najczęstsze błędy? Ustawienie biurka przy oknie bez zadbania o odpowiednią kontrolę światła naturalnego i brak możliwości elastycznego zacieniania wnętrza.</p><p>Efekt? Oślepiające refleksy na monitorze, przegrzane powietrze i… brak prywatności. Część osób próbuje ratować się prowizorycznymi zasłonami, które nijak nie wpisują się w nowoczesny design wnętrza. Inni inwestują w rolety, które albo za mocno zaciemniają pokój, odbierając przyjemność z pracy przy świetle dziennym, albo są trudne w obsłudze i nie pozwalają na płynne dopasowanie do aktualnych potrzeb.</p><p>Do tego dochodzi temat wentylacji – zamknięte okna i szczelne zasłony to gwarancja duchoty i spadku koncentracji. W efekcie domowe biuro staje się miejscem, do którego wcale nie chce się wracać po urlopie…</p><h2>Sprawdzone rozwiązania dla Twojego domu</h2><p>Czas na konkret! Jeśli chcesz, by Twój home office był gotowy na każde lato, postaw na adaptacyjne systemy osłonowe ROLBEST. Nasze plisy, żaluzje fasadowe i rolety screen to więcej niż tylko ochrona przed słońcem – to przemyślany design, który daje pełną kontrolę nad światłem naturalnym w domu i prywatnością.</p><p>Dzięki płynnej regulacji możesz precyzyjnie dostosować ilość światła do pory dnia – od delikatnego rozproszenia promieni (idealne do wideokonferencji!), po całkowite zacienienie podczas upałów. Żaluzje fasadowe czy plisy to nie tylko funkcjonalność – to również minimalistyczne rozwiązania okienne, które świetnie wpisują się w nowoczesny, architektoniczny styl wnętrz.</p><p>Dodatkowo, nasze systemy wykonane są z trwałych, często sustainable design materials (np. drewno, aluminium), które podkreślają charakter przestrzeni i są przyjazne środowisku. Jeśli cenisz sobie wygodę, możesz wybrać smart home integration design – sterowanie osłonami z poziomu smartfona, bez ruszania się od biurka.</p><p>ROLBEST to też bezpieczeństwo: nasze rozwiązania minimalizują nagrzewanie pomieszczenia, chronią przed wzrokiem ciekawskich i pozwalają zachować pełen komfort sezonowy w mieszkaniu. Bo domowe biuro ma być Twoją strefą komfortu – bez kompromisów.</p><h2>Praktyczne wskazówki na letnie biuro</h2><p>Jak stworzyć idealne, letnie home office? Oto 5 praktycznych wskazówek:</p><ul><li>Ustaw biurko bokiem do okna – zyskasz maksimum światła naturalnego, a jednocześnie unikniesz rażącego blasku na monitorze.</li><li>Zamontuj plisy lub żaluzje ROLBEST – pozwolą Ci płynnie zarządzać światłem w ciągu dnia, nie tracąc kontaktu z otoczeniem.</li><li>Zadbaj o rośliny doniczkowe – to nie tylko elementy biophilic design, ale również naturalna klimatyzacja i lepsza jakość powietrza.</li><li>Jeśli masz duże przeszklenia – rozważ rolety screen lub żaluzje fasadowe. To rozwiązania zapewniające ochronę UV w nowoczesnych domach i skuteczne letnie chłodzenie.</li><li>Podziel przestrzeń za pomocą ażurowych paneli lub rolet – zyskasz prywatność w nowoczesnych wnętrzach i stworzysz strefę, w której łatwiej się skupić.</li></ul><p>Nie czekaj, aż słońce i upały odbiorą Ci przyjemność z pracy w domu! Zainwestuj w komfort, prywatność i styl – sprawdź ofertę ROLBEST. Bezpłatna wycena i doradztwo: tel. 507 704 919. Twoje biuro, Twoje zasady – my zajmiemy się resztą!</p>","Letni komfort i prywatność w nowoczesnym domowym biurze – jak to osiągnąć podczas upałów? Dzięki adaptacyjnym osłonom ROLBEST zadbasz nie tylko o chłód i ochronę przed ciekawskimi spojrzeniami, ale też o świetny design w home office. Nasze 20-letnie doświadczenie pokazuje, że to klucz do produktywności w sezonie. Umów bezpłatną wycenę: 507 704 919. 🌞 🏠 📞","Letnie poranki w domowym biurze, gdzie słońce koi, a nie razi – to prawdziwy komfort pracy. Kontrola światła i prywatność sprawiają, że nawet upał nie odbiera motywacji i skupienia. A gdyby Twoje biuro stało się azylem na każdą pogodę? Odkryj więcej inspiracji na blogu (link w bio). #rolety #żaluzje #wnętrza #dom #design #rolbest #inspiracje",https://drive.google.com/file/d/1bTNijw51cfjparxToroB8HKmhhUGThAe/view?usp=drivesdk,1bTNijw51cfjparxToroB8HKmhhUGThAe,Do akceptacji,Do akceptacji,,,,
02-09-2025,Jak połączyć letnią świeżość z nowoczesnym stylem w łazience,"HOOK

Czujesz, że Twoja łazienka latem zamienia się w szklarnię? Słońce wpada przez duże okno, rozgrzewa płytki, a Ty marzysz o chwili prywatności i chłodzie podczas porannego prysznica albo wieczornej kąpieli. Jeśli kochasz wnętrza pełne światła, ale nie chcesz rezygnować z komfortu, przeczytaj, jak połączyć letnią świeżość z nowoczesnym stylem… i nie dać się upałom.

KONTEKST

Nowoczesne łazienki coraz częściej otwierają się na światło dzienne. Modne są wielkie przeszklenia, okna do samej podłogi, a nawet przeszklone ściany, które łączą wnętrze z ogrodem. Wygląda to genialnie – jasna, przestronna łazienka to marzenie każdego fana designu. Ale jest haczyk: im więcej światła, tym większe wyzwania. Latem temperatura w łazience potrafi przypominać saunę, a sąsiedzi lub przechodnie mają niechciany wgląd w Twoją strefę relaksu. Do tego dochodzi potrzeba zachowania minimalistycznego, świeżego wyglądu – bez zasłon czy ciężkich rolet, które psują efekt „open space”.

Właśnie dlatego temat letniego komfortu i prywatności w łazience jest dziś tak aktualny. Szukamy rozwiązań, które pozwolą cieszyć się światłem naturalnym w domu, ale nie kosztem komfortu termicznego czy intymności. Liczy się „seasonal comfort w mieszkaniu”, harmonia designu i funkcjonalności, ale bez kompromisów!

PROBLEM

Wiesz, co najczęściej psuje efekt wow w nowoczesnej łazience? Źle dobrane systemy okienne lub brak jakiejkolwiek ochrony przed słońcem i wzrokiem z zewnątrz. Właściciele domów stawiają na przeszklenia, a potem… przyklejają matowe folie, wieszają prowizoryczne rolety lub – co gorsza – rezygnują z ochrony licząc, że „jakoś to będzie”. Efekt? Latem łazienka zamienia się w piekarnik, a wieczorem korzystanie z niej przypomina wizytę na scenie. 

Częsty błąd to wybór zbyt masywnych osłon: firanki, ciężkie zasłony czy tradycyjne rolety nie tylko psują minimalistyczny efekt, ale też są mało praktyczne w wilgotnym środowisku łazienki. Z drugiej strony, brak osłon to kłopoty z prywatnością i nadmiarem światła. W efekcie tracisz i na komforcie, i na estetyce. Odpowiedź? Adaptacyjne, designerskie systemy, które łączą obie potrzeby – i tu zaczyna się rola ROLBEST.

ROZWIĄZANIE ROLBEST

W ROLBEST doskonale rozumiemy, że klucz do letniego komfortu leży w mądrej kontroli światła i prywatności – bez kompromisów w designie. Dlatego stawiamy na żaluzje drewniane i aluminiowe, które nie tylko wyglądają świetnie w nowoczesnych łazienkach, ale też dają pełną kontrolę nad ilością wpadającego światła.

Żaluzje drewniane ROLBEST – wykonane z naturalnych, „sustainable design materials” – to kwintesencja stylu biophilic design elements: wprowadzają ciepło drewna, pięknie komponują się z kamieniem i bielą, a przy tym są odporne na wilgoć. Możesz ustawić lamele pod wybranym kątem, wpuszczając tylko tyle światła, ile chcesz. Dzięki temu zachowujesz „prywatność w nowoczesnych wnętrzach”, a łazienka nie traci swojego minimalistycznego sznytu. Jeśli zależy Ci na bardziej industrialnym efekcie, żaluzje aluminiowe w bieli lub jasnym drewnie nadadzą wnętrzu lekkości i świeżości.

Dbasz o „seasonal comfort w mieszkaniu”? Żaluzje ROLBEST pozwalają w prosty sposób ograniczyć nagrzewanie się wnętrza latem, a zimą – maksymalizować światło przy zachowaniu ciepła. Dzięki nim zyskujesz poczucie intymności bez efektu zamknięcia. A jeśli myślisz o rozwiązaniu smart – żaluzje mogą być sterowane elektrycznie, wpisując się w „smart home integration design”.

PORADNIK PRAKTYCZNY

1. Wybierz naturalne materiały – postaw na żaluzje drewniane ROLBEST, które doskonale korespondują z modą na „natural materials comeback” i biophilic design elements. Drewno ociepla wnętrze i pasuje do różnych stylów – od skandynawskiego po loft.

2. Ustaw lamele pod kątem – to najprostszy sposób na kontrolę światła naturalnego w domu. W ciągu dnia odetnij się od upału i ciekawskich spojrzeń, a wieczorem skieruj żaluzje tak, by zyskać intymność podczas kąpieli.

3. Zadbaj o łatwość czyszczenia – łazienka to miejsce wilgotne, więc wybieraj produkty odporne na warunki. Żaluzje ROLBEST są zabezpieczone przed wilgocią i łatwe w pielęgnacji.

4. Postaw na sterowanie automatyczne – jeśli cenisz wygodę, rozważ systemy smart home. Jednym kliknięciem ustawisz idealne warunki do relaksu.

5. Zintegruj systemy osłonowe z resztą wnętrza – wybierz kolory i wykończenia żaluzji pasujące do płytek, armatury czy dodatków. Dzięki temu osiągniesz spójną, minimalistyczną całość.

CTA

Chcesz mieć łazienkę, która zachwyca designem i komfortem o każdej porze roku? Zadzwoń po bezpłatną wycenę – tel: 507 704 919. Doradzimy Ci idealne rozwiązanie, które połączy styl i funkcjonalność na lata!","<h1>Jak połączyć letnią świeżość z nowoczesnym stylem w łazience</h1><h2>Łazienka w letnim słońcu</h2><p>Czujesz, że Twoja łazienka latem zamienia się w szklarnię? Słońce wpada przez duże okno, rozgrzewa płytki, a Ty marzysz o chwili prywatności i chłodzie podczas porannego prysznica albo wieczornej kąpieli.</p><p>Jeśli kochasz wnętrza pełne światła, ale nie chcesz rezygnować z komfortu, przeczytaj, jak połączyć letnią świeżość z nowoczesnym stylem… i nie dać się upałom.</p><h2>Wyzwania nowoczesnych łazienek</h2><p>Nowoczesne łazienki coraz częściej otwierają się na światło dzienne. Modne są wielkie przeszklenia, okna do samej podłogi, a nawet przeszklone ściany, które łączą wnętrze z ogrodem. Wygląda to genialnie – jasna, przestronna łazienka to marzenie każdego fana designu.</p><p>Ale jest haczyk: im więcej światła, tym większe wyzwania. Latem temperatura w łazience potrafi przypominać saunę, a sąsiedzi lub przechodnie mają niechciany wgląd w Twoją strefę relaksu.</p><p>Do tego dochodzi potrzeba zachowania minimalistycznego, świeżego wyglądu – bez zasłon czy ciężkich rolet, które psują efekt „open space”. Właśnie dlatego temat letniego komfortu i prywatności w łazience jest dziś tak aktualny.</p><h2>Najczęstsze błędy w aranżacji okien</h2><p>Wiesz, co najczęściej psuje efekt wow w nowoczesnej łazience? Źle dobrane systemy okienne lub brak jakiejkolwiek ochrony przed słońcem i wzrokiem z zewnątrz.</p><p>Właściciele domów stawiają na przeszklenia, a potem… przyklejają matowe folie, wieszają prowizoryczne rolety lub – co gorsza – rezygnują z ochrony licząc, że „jakoś to będzie”. Efekt? Latem łazienka zamienia się w piekarnik, a wieczorem korzystanie z niej przypomina wizytę na scenie.</p><p>Częsty błąd to wybór zbyt masywnych osłon: firanki, ciężkie zasłony czy tradycyjne rolety nie tylko psują minimalistyczny efekt, ale też są mało praktyczne w wilgotnym środowisku łazienki.</p><p>Z drugiej strony, brak osłon to kłopoty z prywatnością i nadmiarem światła. W efekcie tracisz i na komforcie, i na estetyce. Odpowiedź? Adaptacyjne, designerskie systemy, które łączą obie potrzeby – i tu zaczyna się rola ROLBEST.</p><h2>Sprawdzone rozwiązania dla Twojego domu</h2><p>W ROLBEST doskonale rozumiemy, że klucz do letniego komfortu leży w mądrej kontroli światła i prywatności – bez kompromisów w designie.</p><p>Dlatego stawiamy na żaluzje drewniane i aluminiowe, które nie tylko wyglądają świetnie w nowoczesnych łazienkach, ale też dają pełną kontrolę nad ilością wpadającego światła.</p><p>Żaluzje drewniane ROLBEST – wykonane z naturalnych, „sustainable design materials” – to kwintesencja stylu biophilic design elements: wprowadzają ciepło drewna, pięknie komponują się z kamieniem i bielą, a przy tym są odporne na wilgoć.</p><p>Możesz ustawić lamele pod wybranym kątem, wpuszczając tylko tyle światła, ile chcesz. Dzięki temu zachowujesz „prywatność w nowoczesnych wnętrzach”, a łazienka nie traci swojego minimalistycznego sznytu.</p><p>Jeśli zależy Ci na bardziej industrialnym efekcie, żaluzje aluminiowe w bieli lub jasnym drewnie nadadzą wnętrzu lekkości i świeżości.</p><p>Dbasz o „seasonal comfort w mieszkaniu”? Żaluzje ROLBEST pozwalają w prosty sposób ograniczyć nagrzewanie się wnętrza latem, a zimą – maksymalizować światło przy zachowaniu ciepła.</p><p>Dzięki nim zyskujesz poczucie intymności bez efektu zamknięcia. A jeśli myślisz o rozwiązaniu smart – żaluzje mogą być sterowane elektrycznie, wpisując się w „smart home integration design”.</p><h2>Praktyczne wskazówki do zastosowania</h2><p>1. Wybierz naturalne materiały – postaw na żaluzje drewniane ROLBEST, które doskonale korespondują z modą na „natural materials comeback” i biophilic design elements. Drewno ociepla wnętrze i pasuje do różnych stylów – od skandynawskiego po loft.</p><p>2. Ustaw lamele pod kątem – to najprostszy sposób na kontrolę światła naturalnego w domu. W ciągu dnia odetnij się od upału i ciekawskich spojrzeń, a wieczorem skieruj żaluzje tak, by zyskać intymność podczas kąpieli.</p><p>3. Zadbaj o łatwość czyszczenia – łazienka to miejsce wilgotne, więc wybieraj produkty odporne na warunki. Żaluzje ROLBEST są zabezpieczone przed wilgocią i łatwe w pielęgnacji.</p><p>4. Postaw na sterowanie automatyczne – jeśli cenisz wygodę, rozważ systemy smart home. Jednym kliknięciem ustawisz idealne warunki do relaksu.</p><p>5. Zintegruj systemy osłonowe z resztą wnętrza – wybierz kolory i wykończenia żaluzji pasujące do płytek, armatury czy dodatków. Dzięki temu osiągniesz spójną, minimalistyczną całość.</p><p>Chcesz mieć łazienkę, która zachwyca designem i komfortem o każdej porze roku? Zadzwoń po bezpłatną wycenę – tel: 507 704 919. Doradzimy Ci idealne rozwiązanie, które połączy styl i funkcjonalność na lata!</p>","Letni komfort w łazience: Jak chłodzić i chronić prywatność bez kompromisów w designie? Prosty sposób to żaluzje ROLBEST, które zapewniają świeżość, intymność i nowoczesny styl bez ciężkich zasłon. Nasze 20-letnie doświadczenie pokazuje, że komfort nie musi oznaczać kompromisów. Umów bezpłatną wycenę: 507 704 919. 🌞✨📞","Chłodny poranek, delikatne światło wpada przez okno – a Ty cieszysz się ciszą i prywatnością w swojej łazience, bez kompromisów w stylu. Kontrola światła i ochrona przed upałem sprawiają, że letni komfort staje się codziennością. Jak wygląda Twoje wymarzone spa w domu? Więcej inspiracji znajdziesz na blogu – link w bio. #żaluzje #rolety #dom #design #rolbest #wnętrza #inspiracje",https://drive.google.com/file/d/16O6eNKHuhRS9cbhLnmT6i-8rOGZJJ-gt/view?usp=drivesdk,16O6eNKHuhRS9cbhLnmT6i-8rOGZJJ-gt,Do akceptacji,Do akceptacji,,,,
01-09-2025,Jak zarządzanie światłem poprawia komfort w Twoim salonie,"HOOK
Wyobraź sobie, że wracasz do domu po długim, deszczowym dniu. Zamiast walczyć z wiecznie szarym światłem za oknem lub sztucznym blaskiem lamp, jednym ruchem zmieniasz atmosferę w salonie - od jasnego, energetyzującego poranka po przytulny, miękki półmrok idealny na wieczorny relaks. Tak właśnie działa adaptacyjne zarządzanie światłem. Brzmi jak luksus? Nic bardziej mylnego - to komfort, który możesz mieć na co dzień.

KONTEKST
Jesień to sezon, który najdobitniej testuje nasze wnętrza pod kątem komfortu. Dni stają się krótsze, światło naturalne w domu słabnie, a my, chcąc nie chcąc, spędzamy więcej czasu w czterech ścianach. Właśnie wtedy salon przejmuje rolę serca domu - tu relaksujemy się, pracujemy, spędzamy czas z najbliższymi. Coraz więcej osób szuka więc sprytnych sposobów na poprawę codziennego komfortu bez utraty stylu. Trendy wnętrzarskie 2025 nie pozostawiają złudzeń: elastyczne i minimalistyczne rozwiązania okienne, które pozwalają precyzyjnie sterować światłem i prywatnością w nowoczesnych wnętrzach, to must-have na nadchodzący sezon. Adaptacyjne systemy osłonowe nie tylko wpływają na nasz nastrój, ale też pozwalają podnieść seasonal comfort w mieszkaniu i lepiej wykorzystać każdy promień światła.

PROBLEM
Wielu właścicieli domów i mieszkań nieświadomie sabotuje swój komfort jesienią. Zbyt ciężkie zasłony pochłaniają resztki światła naturalnego w domu, a klasyczne rolety albo całkiem blokują światło, albo nie zapewniają prywatności w nowoczesnych wnętrzach. Efekt? Albo czujesz się jak w akwarium, albo jak w bunkrze. Dodatkowo, źle dobrane osłony okienne często gryzą się ze stylem salonu, utrudniając integrację okien z architekturą i zaburzając spójność wystroju. Wiele osób zapomina też o aspekcie energooszczędności - bez odpowiedniej kontroli światła i izolacji, wnętrza szybko tracą ciepło, a rachunki za ogrzewanie rosną. Typowym błędem jest też brak strefowania przestrzeni światłem - przez co salon przestaje być elastyczny i nie sprzyja ani pracy, ani odpoczynkowi. A przecież comfort i funkcjonalność nie muszą się wykluczać!

ROZWIĄZANIE ROLBEST
Rozwiązanie? Adaptacyjne systemy okienne od ROLBEST. Nasze plisy i żaluzje to minimalistyczne rozwiązania okienne, które perfekcyjnie wpisują się w nowoczesny styl, a jednocześnie odpowiadają na realne potrzeby codziennego życia. Plisy ROLBEST w neutralnych odcieniach ciepłej bieli i beżu pozwalają na płynną regulację ilości światła wpadającego do salonu - od jasnego, energetyzującego dnia po przyjemny, intymny półmrok wieczorem. Dzięki temu możesz wprowadzić seasonal comfort w mieszkaniu bez rezygnacji z designu. Nasze produkty są zaprojektowane tak, by podkreślać kolory i tekstury w designie wnętrz - subtelnie korespondują z lnianymi tekstyliami, naturalnym drewnem czy nawet industrialnymi dodatkami. Plisy i żaluzje stanowią też skuteczną barierę dla ciekawskich spojrzeń z zewnątrz, zapewniając prywatność w nowoczesnych wnętrzach bez efektu zamykania się w czterech ścianach. Warto dodać, że nasze rozwiązania to nie tylko estetyka, ale również poprawa termoizolacji - co oznacza niższe rachunki i więcej ciepła tam, gdzie go najbardziej potrzebujesz. To inwestycja w codzienny komfort, spokój i piękny design w jednym.

PORADNIK PRAKTYCZNY
Jak wprowadzić adaptacyjne zarządzanie światłem do swojego salonu tej jesieni?
1. Postaw na plisy w neutralnych, ciepłych odcieniach - świetnie rozpraszają światło naturalne, a jednocześnie nie przytłaczają wnętrza. Doskonale wpisują się w minimalistyczne trendy i biophilic design elements.
2. Strefuj przestrzeń światłem - w miejscach do pracy ustaw plisy na maksymalny dostęp światła, a w strefie relaksu lekko je przymknij, tworząc przytulny nastrój.
3. Łącz tekstury i materiały - plisy ROLBEST świetnie komponują się z lnianymi zasłonami, drewnianymi detalami czy miękkimi dywanami. To trik na jesienne przytulności w wnętrzach bez nadmiaru dekoracji.
4. Zwróć uwagę na energooszczędność - wybieraj systemy z dodatkową warstwą termoizolacyjną, które zatrzymają ciepło w środku i pozwolą zmniejszyć koszty ogrzewania.
5. Dbaj o spójność stylistyczną - minimalistyczne rozwiązania okienne łatwo dopasujesz do każdego stylu, od skandynawskich inspiracji wnętrzarskich po loft industrial style windows.

CTA
Czujesz, że Twój salon zasługuje na więcej komfortu tej jesieni? Zadzwoń po bezpłatną wycenę (tel: 507 704 919) i sprawdź, jak adaptacyjne systemy ROLBEST mogą odmienić Twoje codzienne relaksowanie się w domu. Postaw na światło, styl i wygodę - sprawdź nas już dziś!","<h1>Jak zarządzanie światłem poprawia komfort w Twoim salonie</h1><h2>Stwórz przytulną atmosferę w swoim domu</h2><p>Wyobraź sobie, że wracasz do domu po długim, deszczowym dniu... Zamiast walczyć z wiecznie szarym światłem za oknem lub sztucznym blaskiem lamp, jednym ruchem zmieniasz atmosferę w salonie - od jasnego, energetyzującego poranka po przytulny, miękki półmrok idealny na wieczorny relaks. Tak właśnie działa adaptacyjne zarządzanie światłem. Brzmi jak luksus? Nic bardziej mylnego - to komfort, który możesz mieć na co dzień.</p><h2>Jesień - czas na zmiany w aranżacji wnętrz</h2><p>Jesień to sezon, który najdobitniej testuje nasze wnętrza pod kątem komfortu. Dni stają się krótsze, światło naturalne w domu słabnie, a my, chcąc nie chcąc, spędzamy więcej czasu w czterech ścianach. Właśnie wtedy salon przejmuje rolę serca domu - tu relaksujemy się, pracujemy, spędzamy czas z najbliższymi.</p><p>Coraz więcej osób szuka sprytnych sposobów na poprawę codziennego komfortu bez utraty stylu. Trendy wnętrzarskie 2025 nie pozostawiają złudzeń: elastyczne i minimalistyczne rozwiązania okienne, które pozwalają precyzyjnie sterować światłem i prywatnością w nowoczesnych wnętrzach, to must-have na nadchodzący sezon. Systemy osłonowe nie tylko wpływają na nasz nastrój, ale też pozwalają podnieść seasonal comfort w mieszkaniu i lepiej wykorzystać każdy promień światła.</p><h2>Najczęstsze błędy w aranżacji okien</h2><p>Wielu właścicieli domów i mieszkań nieświadomie sabotuje swój komfort jesienią. Zbyt ciężkie zasłony pochłaniają resztki światła naturalnego w domu, a klasyczne rolety albo całkiem blokują światło, albo nie zapewniają prywatności w nowoczesnych wnętrzach. Efekt? Albo czujesz się jak w akwarium, albo jak w bunkrze...</p><p>Dodatkowo, źle dobrane osłony okienne często gryzą się ze stylem salonu, utrudniając integrację okien z architekturą i zaburzając spójność wystroju. Wiele osób zapomina też o aspekcie energooszczędności - bez odpowiedniej kontroli światła i izolacji, wnętrza szybko tracą ciepło, a rachunki za ogrzewanie rosną.</p><p>Typowym błędem jest też brak strefowania przestrzeni światłem - przez co salon przestaje być elastyczny i nie sprzyja ani pracy, ani odpoczynkowi. A przecież komfort i funkcjonalność nie muszą się wykluczać!</p><h2>Sprawdzone rozwiązania dla Twojego domu</h2><p>Rozwiązanie? Adaptacyjne systemy okienne od ROLBEST. Nasze plisy i żaluzje to minimalistyczne rozwiązania okienne, które perfekcyjnie wpisują się w nowoczesny styl, a jednocześnie odpowiadają na realne potrzeby codziennego życia.</p><p>Plisy ROLBEST w neutralnych odcieniach ciepłej bieli i beżu pozwalają na płynną regulację ilości światła wpadającego do salonu - od jasnego, energetyzującego dnia po przyjemny, intymny półmrok wieczorem. Dzięki temu możesz wprowadzić seasonal comfort w mieszkaniu bez rezygnacji z designu.</p><p>Nasze produkty są zaprojektowane tak, by podkreślać kolory i tekstury w designie wnętrz - subtelnie korespondują z lnianymi tekstyliami, naturalnym drewnem czy nawet industrialnymi dodatkami. Plisy i żaluzje stanowią też skuteczną barierę dla ciekawskich spojrzeń z zewnątrz, zapewniając prywatność w nowoczesnych wnętrzach bez efektu zamykania się w czterech ścianach.</p><p>Warto dodać, że nasze rozwiązania to nie tylko estetyka, ale również poprawa termoizolacji - co oznacza niższe rachunki i więcej ciepła tam, gdzie go najbardziej potrzebujesz. To inwestycja w codzienny komfort, spokój i piękny design w jednym.</p><h2>Jak wprowadzić adaptacyjne zarządzanie światłem do swojego salonu tej jesieni?</h2><ul><li>Postaw na plisy w neutralnych, ciepłych odcieniach - świetnie rozpraszają światło naturalne, a jednocześnie nie przytłaczają wnętrza. Doskonale wpisują się w minimalistyczne trendy i projektowanie w zgodzie z naturą.</li><li>Strefuj przestrzeń światłem - w miejscach do pracy ustaw plisy na maksymalny dostęp światła, a w strefie relaksu lekko je przymknij, tworząc przytulny nastrój.</li><li>Łącz tekstury i materiały - plisy ROLBEST świetnie komponują się z lnianymi zasłonami, drewnianymi detalami czy miękkimi dywanami. To trik na jesienną przytulność we wnętrzach bez nadmiaru dekoracji.</li><li>Zwróć uwagę na energooszczędność - wybieraj systemy z dodatkową warstwą termoizolacyjną, które zatrzymają ciepło w środku i pozwolą zmniejszyć koszty ogrzewania.</li><li>Dbaj o spójność stylistyczną - minimalistyczne rozwiązania okienne łatwo dopasujesz do każdego stylu, od skandynawskich inspiracji wnętrzarskich po loft industrial.</li></ul><p>Czujesz, że Twój salon zasługuje na więcej komfortu tej jesieni? Zadzwoń po bezpłatną wycenę (tel: 507 704 919) i sprawdź, jak adaptacyjne systemy ROLBEST mogą odmienić Twoje codzienne relaksowanie się w domu. Postaw na światło, styl i wygodę - sprawdź nas już dziś!</p>","Jesienny komfort w salonie🍁 🍂🍁- jak zarządzanie światłem poprawia codzienny relaks? Plisy i żaluzje ROLBEST pozwalają łatwo dopasować ilość światła i wprowadzić przytulny nastrój 😊 - od energetyzującego poranka, po wieczorny półmrok🌛. Nasze 20-letnie doświadczenie pokazuje, że precyzyjne sterowanie światłem naprawdę zmienia codzienny komfort. Umów się na bezpłatną wycenę, by poznać więcej szczegółów - 507 704 919. 🏠 🌞 💡","Powrót do domu po deszczowym dniu i łagodne światło, które od razu wprowadza komfort - to jest prawdziwy jesienny relaks 🍁☕️🧘‍♀️. Dzięki plisom ROLBEST możesz z łatwością dostosować klimat salonu do Twoich potrzeb 😊. Jak zadbać o światło i atmosferę w swoim wnętrzu tej jesieni? Odkryj więcej inspiracji 💡 na naszym blogu - link w bio! #rolbest #rolety #żaluzje #wnętrza #dom #design #inspiracje",https://drive.google.com/file/d/1VhrDDdEr67tJ2zIsmn-C40CV2XOX_f6Y/view?usp=drivesdk,1VhrDDdEr67tJ2zIsmn-C40CV2XOX_f6Y,Opublikowano,Opublikowano,,,,
02-09-2025,Jak stworzyć przytulną kuchnię w industrialnym stylu tej jesieni,"Jesienią kuchnia z jadalnią zamienia się w prawdziwe serce domu. Wyobraź sobie: wracasz po długim dniu, za oknem szaro i chłodno, a w środku czeka na Ciebie ciepłe światło, przytulne tekstylia i zapach domowego jedzenia. Tylko jak osiągnąć taki efekt w industrialnej kuchni, która z natury jest surowa i minimalistyczna? To wcale nie musi być trudne - wystarczy kilka świadomych wyborów.

Dlaczego teraz warto zadbać o kuchnię?
Jesień to czas, kiedy domowe życie przenosi się do wnętrz. Spędzamy więcej czasu przy stole, gotujemy, rozmawiamy i celebrujemy małe chwile. Industrialny styl kuchni jest supermodny - beton, cegła, metal, wielkie okna, matowa czerń - ale łatwo tu o chłód zamiast domowego ciepła. Właśnie teraz, w sezonie na 'cozy industrial', szukamy sposobów na połączenie loftowego charakteru z przytulnością i komfortem. Dobra wiadomość? Możesz mieć oba te światy naraz - wystarczy zadbać o światło naturalne w domu, kolory i tekstury w designie wnętrz oraz funkcjonalne, minimalistyczne rozwiązania okienne.

Wyzwania i najczęstsze błędy
Największy błąd? Traktowanie industrialnej kuchni jak katalogowego wnętrza z betonu i metalu, bez życia i głębi. Zbyt ciemne kolory, zbyt mało tekstyliów, brak strefowania światła - efekt to zimna przestrzeń, która nie zachęca do wspólnego spędzania czasu. Często zapominamy też o sezonowym komforcie w mieszkaniu: jesienią szybciej robi się ciemno, a wieczorne światło może być ostre lub nieprzyjemne. Wielkie okna bez odpowiednich osłon to z kolei problem z prywatnością w nowoczesnych wnętrzach - sąsiedzi widzą wszystko, a Ty czujesz się jak na wystawie. W efekcie industrialna kuchnia traci swój potencjał jako miejsce spotkań i relaksu.

ROLBEST - Twój partner od przytulnych loftów
Tutaj wchodzimy my, ROLBEST. Od 20 lat pomagamy właścicielom domów, architektom i projektantom tworzyć wnętrza, które są nie tylko stylowe, ale też wygodne i funkcjonalne. Jeśli chcesz, by Twoja industrialna kuchnia była naprawdę sercem domu tej jesieni, postaw na nasze plisy - to minimalistyczne rozwiązania okienne, które idealnie wpisują się w surową estetykę loftu. Plisy ROLBEST dostępne są w ciepłych, neutralnych kolorach: beżach, jasnych szarościach, naturalnych bielach. Dzięki nim możesz precyzyjnie sterować ilością światła naturalnego w domu - rano wpuszczasz maksimum słońca, wieczorem zapewniasz sobie prywatność i przytulność. Plisy nie zaburzają czystych linii okien i świetnie współgrają z betonem, metalem czy jasnym drewnem. To także rozwiązanie na sezonowe potrzeby: zatrzymują ciepło, wyciszają przestrzeń i wprowadzają delikatne, rozproszone światło, które tworzy nastrój 'hygge' nawet w najbardziej industrialnej przestrzeni. W połączeniu z naszymi innymi produktami - jak żaluzje drewniane czy rolety - możesz dowolnie miksować tekstury i kolory, dopasowując wnętrze do swojego stylu i potrzeb całej rodziny. 

Praktyczne wskazówki na jesień
1. Buduj warstwy światła: Połącz światło główne (np. industrialne lampy nad stołem) z punktowym (małe lampki, kinkiety) i naturalnym światłem wpadającym przez okna. Plisy ROLBEST pozwolą Ci precyzyjnie regulować poziom jasności przez cały dzień.
2. Wybieraj kolory z duszą: Surowość ścian i blatów przełam ciepłymi akcentami - beżowe plisy, drewniany stół, jasne poduszki na krzesłach. Takie kolory i tekstury w designie wnętrz natychmiast dodają przytulności.
3. Tekstylia robią robotę: Nie bój się miękkich tkanin - lniane obrusy, wełniane pledy, poduszki w kolorach ziemi. To one budują jesienne przytulności w wnętrzach.
4. Sezonowe dekoracje: Dynie, suszone zioła, świece... Twórz małe wyspy dekoracyjne na stole lub parapecie. Industrialny styl lubi kontrast, więc zestawiaj je z surowymi materiałami.
5. Zadbaj o prywatność bez izolacji: Plisy na oknach pozwolą Ci czuć się swobodnie nawet przy dużych przeszkleniach, nie odcinając Cię od światła i widoku za oknem.

Chcesz, żeby Twoja kuchnia z jadalnią była naprawdę wyjątkowa tej jesieni? Postaw na styl, wygodę i światło, które tworzy klimat. Zamów bezpłatną wycenę na plisy lub inne osłony ROLBEST - doradzimy i dobierzemy rozwiązanie skrojone pod Twoje potrzeby. Zadzwoń: 507 704 919 i zacznij zmieniać swoją przestrzeń już dziś!","<h1>Jak stworzyć przytulną kuchnię w industrialnym stylu tej jesieni</h1><h2>Serce domu w jesiennej aurze</h2><p>Jesienią kuchnia z jadalnią zamienia się w prawdziwe serce domu. Wyobraź sobie: wracasz po długim dniu, za oknem szaro i chłodno, a w środku czeka na Ciebie ciepłe światło, przytulne tekstylia i zapach domowego jedzenia. Tylko jak osiągnąć taki efekt w industrialnej kuchni, która z natury jest surowa i minimalistyczna? To wcale nie musi być trudne - wystarczy kilka świadomych wyborów.</p><h2>Dlaczego warto zadbać o kuchnię jesienią?</h2><p>Jesień to czas, kiedy domowe życie przenosi się do wnętrz. Spędzamy więcej czasu przy stole, gotujemy, rozmawiamy i celebrujemy małe chwile. Industrialny styl kuchni jest supermodny - beton, cegła, metal, wielkie okna, matowa czerń - ale łatwo tu o chłód zamiast domowego ciepła.</p><p>Właśnie teraz, w sezonie na 'cozy industrial', szukamy sposobów na połączenie loftowego charakteru z przytulnością i komfortem. Dobra wiadomość? Możesz mieć oba te światy naraz - wystarczy zadbać o światło naturalne w domu, kolory i tekstury w designie wnętrz oraz funkcjonalne, minimalistyczne rozwiązania okienne.</p><h2>Najczęstsze błędy w aranżacji okien</h2><p>Największy błąd? Traktowanie industrialnej kuchni jak katalogowego wnętrza z betonu i metalu, bez życia i głębi. Zbyt ciemne kolory, zbyt mało tekstyliów, brak strefowania światła - efekt to zimna przestrzeń, która nie zachęca do wspólnego spędzania czasu.</p><p>Często zapominamy też o sezonowym komforcie w mieszkaniu: jesienią szybciej robi się ciemno, a wieczorne światło może być ostre lub nieprzyjemne. Wielkie okna bez odpowiednich osłon to z kolei problem z prywatnością w nowoczesnych wnętrzach - sąsiedzi widzą wszystko, a Ty czujesz się jak na wystawie. W efekcie industrialna kuchnia traci swój potencjał jako miejsce spotkań i relaksu.</p><h2>Sprawdzone rozwiązania dla Twojego domu</h2><p>Tutaj wchodzimy my, ROLBEST. Od 20 lat pomagamy właścicielom domów, architektom i projektantom tworzyć wnętrza, które są nie tylko stylowe, ale też wygodne i funkcjonalne. Jeśli chcesz, by Twoja industrialna kuchnia była naprawdę sercem domu tej jesieni, postaw na nasze plisy - to minimalistyczne rozwiązania okienne, które idealnie wpisują się w surową estetykę loftu.</p><p>Plisy ROLBEST dostępne są w ciepłych, neutralnych kolorach: beżach, jasnych szarościach, naturalnych bielach. Dzięki nim możesz precyzyjnie sterować ilością światła naturalnego w domu - rano wpuszczasz maksimum słońca, wieczorem zapewniasz sobie prywatność i przytulność. Plisy nie zaburzają czystych linii okien i świetnie współgrają z betonem, metalem czy jasnym drewnem.</p><p>To także rozwiązanie na sezonowe potrzeby: zatrzymują ciepło, wyciszają przestrzeń i wprowadzają delikatne, rozproszone światło, które tworzy nastrój 'hygge' nawet w najbardziej industrialnej przestrzeni. W połączeniu z naszymi innymi produktami - jak żaluzje drewniane czy rolety - możesz dowolnie miksować tekstury i kolory, dopasowując wnętrze do swojego stylu i potrzeb całej rodziny.</p><h2>Praktyczne wskazówki na jesień</h2><ul><li>Buduj warstwy światła: Połącz światło główne (np. industrialne lampy nad stołem) z punktowym (małe lampki, kinkiety) i naturalnym światłem wpadającym przez okna. Plisy ROLBEST pozwolą Ci precyzyjnie regulować poziom jasności przez cały dzień.</li><li>Wybieraj kolory z duszą: Surowość ścian i blatów przełam ciepłymi akcentami - beżowe plisy, drewniany stół, jasne poduszki na krzesłach. Takie kolory i tekstury w designie wnętrz natychmiast dodają przytulności.</li><li>Tekstylia robią robotę: Nie bój się miękkich tkanin - lniane obrusy, wełniane pledy, poduszki w kolorach ziemi. To one budują jesienne przytulności w wnętrzach.</li><li>Sezonowe dekoracje: Dynie, suszone zioła, świece... Twórz małe wyspy dekoracyjne na stole lub parapecie. Industrialny styl lubi kontrast, więc zestawiaj je z surowymi materiałami.</li><li>Zadbaj o prywatność bez izolacji: Plisy na oknach pozwolą Ci czuć się swobodnie nawet przy dużych przeszkleniach, nie odcinając Cię od światła i widoku za oknem.</li></ul><p>Chcesz, żeby Twoja kuchnia z jadalnią była naprawdę wyjątkowa tej jesieni? Postaw na styl, wygodę i światło, które tworzy klimat. Zamów bezpłatną wycenę na plisy lub inne osłony ROLBEST - doradzimy i dobierzemy rozwiązanie skrojone pod Twoje potrzeby. Zadzwoń: 507 704 919 i zacznij zmieniać swoją przestrzeń już dziś!</p>","Jesienne przytulności w industrialnej kuchni - jak je osiągnąć? Wystarczy kilka świadomych wyborów, by surowy loft stał się ciepłym i komfortowym sercem domu - kluczem są naturalne światło i dopasowane plisy. Nasze 20-letnie doświadczenie pokazuje, że odpowiednie osłony okienne zmieniają klimat każdej kuchni. Umów bezpłatną wycenę: 507 704 919 🏠✨📞","Wieczorne rozmowy przy stole, ciepłe światło i miękkie tekstylia - jesień w industrialnej kuchni nabiera domowego klimatu. Plisy ROLBEST pozwalają wyczarować idealne światło i prywatność, bez tracenia loftowego charakteru. Jakie tekstury i kolory wybrać na ten sezon? Po więcej jesiennych inspiracji zapraszam na blog - link w bio. #wnętrza #rolbest #rolety #okna #dom #design #inspiracje",https://drive.google.com/file/d/165oOQDvX_k63NW4XhLStVJaso7Stpb9E/view?usp=drivesdk,165oOQDvX_k63NW4XhLStVJaso7Stpb9E,Do akceptacji,Opublikowano,,,,
03-09-2025,"Jesienna sypialnia - ciepło, prywatność, styl","## Jesienna sypialnia - ciepło, prywatność, styl

Znasz to uczucie - wracasz do domu po deszczowym, chłodnym dniu i marzysz o zapadnięciu się w miękką pościel, z dala od zgiełku i ciekawskich spojrzeń? A tu... zimny powiew przy oknie, światła z ulicy, brak intymności. Właśnie teraz, jesienią, sypialnia powinna być Twoją prywatną oazą komfortu i spokoju. Jak sprawić, by była nie tylko piękna, ale i naprawdę funkcjonalna?

## Dlaczego to ważne właśnie jesienią?

Jesień to czas, kiedy światło naturalne w domu staje się luksusem. Dni są krótkie, a pogoda bywa zdradliwa - rano chłodno, po południu słońce, wieczorem wilgoć i wiatr. W takich warunkach komfort termiczny w mieszkaniu w zależności od pory roku nabiera zupełnie nowego znaczenia. Do tego dochodzi kwestia prywatności w nowoczesnych wnętrzach - kiedy zapalamy światło, wnętrze staje się widoczne jak na dłoni. Rośnie też świadomość, że osłony okienne to nie tylko dodatek do aranżacji, ale realny sposób na podniesienie jakości codziennego życia. Nowoczesne rozwiązania okienne pozwalają połączyć potrzebę intymności, ciepła i stylu - dokładnie tego, czego każdy z nas oczekuje od swojej sypialni zwłaszcza jesienią.

## Typowe błędy - czego unikać?

Wielu właścicieli domów inwestuje w modne dodatki, zapominając, jak ważna jest funkcjonalność. Najczęstsze grzechy? Złe dopasowanie osłon do wielkości i ekspozycji okna, wybór zbyt cienkich tkanin lub rolet, które nie zatrzymują chłodu i nie zapewniają prywatności. Często spotykam się też z klasycznym błędem: zasłony tylko ""dla dekoracji"", które nie dają się wygodnie przesuwać, przez co nie korzystasz z nich na co dzień. Inną pułapką jest brak spójności stylu - nowoczesna sypialnia z przypadkowo dobranymi roletami psuje efekt ""wow"". Zdarza się, że inwestujemy w designerskie, ale niepraktyczne rozwiązania, które przepuszczają światło wtedy, gdy chcemy spać lub nie chronią przed utratą ciepła. Jesień szybko weryfikuje takie wybory - rankiem budzi Cię chłód przy oknie albo światła auta z ulicy przeszywają pokój.

## ROLBEST - nowoczesne rozwiązania na jesień

Tu z pomocą przychodzi ROLBEST. Z ponad 20-letnim doświadczeniem wiemy, że sypialnia jesienią potrzebuje czegoś więcej niż tylko ładnych zasłon. Nasze zasłony rzymskie z kolekcji premium, wykonane z weluru lub innych tkanin termoizolacyjnych, to nie tylko elegancja, ale realna bariera dla chłodu i spojrzeń z zewnątrz. Ich warstwowa budowa pozwala regulować ilość światła naturalnego w domu - rano wpuszczasz delikatne promienie, wieczorem odcinasz się od świata. 

Jeśli cenisz minimalistyczne rozwiązania okienne, polecamy rolety dzień-noc lub shuttery, które zapewniają dyskretną prywatność w nowoczesnych wnętrzach, bez kompromisów w kwestii stylu. Dla miłośników ekologicznych materiałów w projektowaniu mamy żaluzje drewniane z certyfikowanych surowców - ciepłe, naturalne i zawsze modne. Każde z tych rozwiązań nie tylko poprawia komfort termiczny w mieszkaniu w zależności od pory roku, ale też pozwala stworzyć aranżację na miarę Twoich potrzeb. A jeśli chcesz pójść o krok dalej - postaw na integrację z systemami inteligentnego domu: automatyczne sterowanie zasłonami sprawi, że Twój komfort będzie dosłownie na wyciągnięcie ręki.

## Praktyczne wskazówki na jesień

1. **Wybierz tkaniny termoizolacyjne** - Zasłony rzymskie lub rolety z grubych tkanin wyraźnie poprawiają komfort termiczny, szczególnie przy dużych oknach.
2. **Zainwestuj w systemy automatyczne** - Dzięki integracji z inteligentnym domem możesz zaprogramować harmonogram zasłaniania i odsłaniania, idealnie dopasowany do rytmu dnia i pogody.
3. **Stawiaj na warstwowość** - Połącz żaluzje z lekkimi zasłonami - w ciągu dnia korzystasz z maksymalizacji światła dziennego zimą, wieczorem masz pełną prywatność.
4. **Nie zapomnij o ekologicznym aspekcie** - Żaluzje drewniane nie tylko wyglądają stylowo, ale też są przyjazne środowisku.
5. **Dopasuj rozwiązania do stylu wnętrza** - Minimalistyczne rolety czy luksusowe, welurowe zasłony - wybieraj to, co najlepiej podkreśla Twój charakter i architekturę sypialni.

## Sprawdź, jak możesz odmienić sypialnię

Chcesz poczuć różnicę już tej jesieni? Skontaktuj się z nami po bezpłatną wycenę - tel: 507 704 919. Pokażemy Ci, jak nowoczesne rozwiązania ROLBEST mogą zmienić Twoją sypialnię w prawdziwą strefę komfortu i stylu. Nie czekaj na pierwszy chłód - zainwestuj w ciepło, prywatność i design, które zostaną z Tobą na lata.","<h2>Twórz przytulną oazę w swojej sypialni</h2><p>Znasz to uczucie - wracasz do domu po deszczowym, chłodnym dniu i marzysz o zapadnięciu się w miękką pościel, z dala od zgiełku i ciekawskich spojrzeń? A tu... zimny powiew przy oknie, światła z ulicy, brak intymności. Właśnie teraz, jesienią, sypialnia powinna być Twoją prywatną oazą komfortu i spokoju. Jak sprawić, by była nie tylko piękna, ale i naprawdę funkcjonalna?</p><h2>Dlaczego to ważne właśnie jesienią?</h2><p>Jesień to czas, kiedy <strong>światło naturalne w domu</strong> staje się luksusem. Dni są krótkie, a pogoda bywa zdradliwa - rano chłodno, po południu słońce, wieczorem wilgoć i wiatr. W takich warunkach <strong>komfort termiczny w mieszkaniu w zależności od pory roku</strong> nabiera zupełnie nowego znaczenia. Do tego dochodzi kwestia <strong>prywatności w nowoczesnych wnętrzach</strong> - kiedy zapalamy światło, wnętrze staje się widoczne jak na dłoni. Rośnie też świadomość, że osłony okienne to nie tylko dodatek do aranżacji, ale realny sposób na podniesienie jakości codziennego życia. Nowoczesne rozwiązania okienne pozwalają połączyć potrzebę intymności, ciepła i stylu - dokładnie tego, czego każdy z nas oczekuje od swojej sypialni zwłaszcza jesienią.</p><h2>Typowe błędy - czego unikać?</h2><p>Wielu właścicieli domów inwestuje w modne dodatki, zapominając, jak ważna jest funkcjonalność. Najczęstsze grzechy? Złe dopasowanie osłon do wielkości i ekspozycji okna, wybór zbyt cienkich tkanin lub rolet, które nie zatrzymują chłodu i nie zapewniają prywatności. Często spotykam się też z klasycznym błędem: zasłony tylko ""dla dekoracji"", które nie dają się wygodnie przesuwać, przez co nie korzystasz z nich na co dzień. Inną pułapką jest brak spójności stylu - nowoczesna sypialnia z przypadkowo dobranymi roletami psuje efekt ""wow"". Zdarza się, że inwestujemy w designerskie, ale niepraktyczne rozwiązania, które przepuszczają światło wtedy, gdy chcemy spać lub nie chronią przed utratą ciepła. Jesień szybko weryfikuje takie wybory - rankiem budzi Cię chłód przy oknie albo światła auta z ulicy przeszywają pokój.</p><h2>ROLBEST - nowoczesne rozwiązania na jesień</h2><p>Tu z pomocą przychodzi ROLBEST. Z ponad 20-letnim doświadczeniem wiemy, że sypialnia jesienią potrzebuje czegoś więcej niż tylko ładnych zasłon. Nasze zasłony rzymskie z kolekcji premium, wykonane z weluru lub innych tkanin termoizolacyjnych, to nie tylko elegancja, ale realna bariera dla chłodu i spojrzeń z zewnątrz. Ich warstwowa budowa pozwala regulować ilość światła naturalnego w domu - rano wpuszczasz delikatne promienie, wieczorem odcinasz się od świata.</p><p>Jeśli cenisz <strong>minimalistyczne rozwiązania okienne</strong>, polecamy rolety dzień-noc lub shuttery , które zapewniają dyskretną <strong>prywatność w nowoczesnych wnętrzach</strong>, bez kompromisów w kwestii stylu. Dla miłośników <strong>ekologicznych materiałów w projektowaniu</strong> mamy żaluzje drewniane z certyfikowanych surowców - ciepłe, naturalne i zawsze modne. Każde z tych rozwiązań nie tylko poprawia <strong>komfort termiczny w mieszkaniu w zależności od pory roku</strong>, ale też pozwala stworzyć aranżację na miarę Twoich potrzeb. A jeśli chcesz pójść o krok dalej - postaw na <strong>integrację z systemami inteligentnego domu</strong>: automatyczne sterowanie zasłonami sprawi, że Twój komfort będzie dosłownie na wyciągnięcie ręki.</p><h2>Praktyczne wskazówki na jesień</h2><h3>Wybierz tkaniny termoizolacyjne</h3><p>Zasłony rzymskie lub rolety z grubych tkanin wyraźnie poprawiają komfort termiczny, szczególnie przy dużych oknach.</p><h3>Zainwestuj w systemy automatyczne</h3><p>Dzięki integracji z inteligentnym domem możesz zaprogramować harmonogram zasłaniania i odsłaniania, idealnie dopasowany do rytmu dnia i pogody.</p><h3>Stawiaj na warstwowość</h3><p>Połącz żaluzje z lekkimi zasłonami - w ciągu dnia korzystasz z maksymalizacji światła dziennego zimą, wieczorem masz pełną prywatność.</p><h3>Nie zapomnij o ekologicznym aspekcie</h3><p>Żaluzje drewniane nie tylko wyglądają stylowo, ale też są przyjazne środowisku.</p><h3>Dopasuj rozwiązania do stylu wnętrza</h3><p>Minimalistyczne rolety czy luksusowe, welurowe zasłony - wybieraj to, co najlepiej podkreśla Twój charakter i architekturę sypialni.</p><p>Chcesz poczuć różnicę już tej jesieni? Skontaktuj się z nami po bezpłatną wycenę - tel: <a href=""tel:507704919"">507 704 919</a>. Pokażemy Ci, jak nowoczesne rozwiązania ROLBEST mogą zmienić Twoją sypialnię w prawdziwą strefę komfortu i stylu. Nie czekaj na pierwszy chłód - zainwestuj w ciepło, prywatność i design, które zostaną z Tobą na lata.</p>","Jak nowoczesne rozwiązania okienne podnoszą komfort termiczny i prywatność w luksusowej sypialni jesienią? Prostym sposobem na ciepło i intymność są zasłony termoizolacyjne lub rolety dzień-noc, które pozwalają odciąć się od chłodu i ciekawskich spojrzeń. Nasze 20-letnie doświadczenie pokazuje, że dobrze dobrane osłony naprawdę zmieniają dom. Umów bezpłatną wycenę: 507 704 919 🏠✨📞","Wieczorne chwile z książką, ciepły koc i atmosfera pełnej intymności - tak może wyglądać Twoja sypialnia tej jesieni. Odpowiednio dobrane zasłony czy żaluzje nie tylko zatrzymują chłód, ale tworzą prywatną przestrzeń do relaksu. Jak dbasz o komfort we własnym wnętrzu o tej porze roku? Po więcej inspiracji zajrzyj na bloga - link w bio. #rolbest #wnętrza #rolety #żaluzje #okna #design #inspiracje",https://drive.google.com/file/d/1CSG9sZlgGJugvKuHJ240HVOW5D0PiCbS/view?usp=drivesdk,1CSG9sZlgGJugvKuHJ240HVOW5D0PiCbS,Opublikowano,Do akceptacji,,,,
04-09-2025,Jak zapewnić prywatność i komfort w domowym biurze?,"HOOK
Masz dość rozpraszających dźwięków zza ściany, rozmów sąsiadów albo odgłosów życia rodzinnego, które wdzierają się do Twojego domowego biura? A może czujesz, że wszyscy mogą zerknąć przez okno, gdy właśnie prowadzisz ważną wideokonferencję? Jeśli tak, nie jesteś sam. Prywatność i cisza w home office stają się coraz ważniejsze - zwłaszcza jesienią, gdy spędzamy w czterech ścianach jeszcze więcej czasu.

KONTEKST
Jesień to sezon, kiedy domowe biuro staje się prawdziwym centrum dowodzenia. Praca zdalna już nie jest chwilową modą, a raczej nowym standardem. Coraz więcej ludzi szuka rozwiązań, które pozwolą nie tylko wygodnie pracować, ale też skutecznie odgrodzić się od zgiełku codzienności. Branża wnętrzarska odnotowuje wzrost zainteresowania rozwiązaniami, które zapewniają komfort akustyczny oraz prywatność w nowoczesnych wnętrzach. Dobrze zaprojektowane okno może zdziałać cuda - to nie tylko źródło światła naturalnego w domu, ale też kluczowy element strefowania przestrzeni i ochrony przed hałasem. Właśnie dlatego temat wygłuszenia i prywatności nabiera szczególnego znaczenia w aranżacji home office na sezon 2024/2025.

PROBLEM
Największe wyzwanie? Łączenie funkcji biura z przytulnością domowego zacisza. Wiele osób zapomina, że zwykła firanka czy roleta nie zapewni prawdziwej ochrony przed hałasem ani nie zagwarantuje pełnej prywatności. Typowe błędy to wybieranie tanich, cienkich materiałów, które tylko pozornie izolują od dźwięków z zewnątrz i wnętrza mieszkania. Często ignorujemy też temat komfortu akustycznego - a gdy pracujesz przy komputerze, każdy szum czy stukot może skutecznie wybić z rytmu. Kolejna pułapka to brak spójności stylistycznej: wybieramy pierwsze lepsze rozwiązania, które nie pasują do nowoczesnych, minimalistycznych aranżacji. Efekt? Zamiast komfortowego home office mamy chaotyczną przestrzeń, w której trudno się skupić i poczuć swobodnie.

ROZWIĄZANIE ROLBEST
W ROLBEST stawiamy na minimalistyczne rozwiązania okienne, które nie tylko świetnie wyglądają, ale przede wszystkim zapewniają prywatność i komfort akustyczny we wnętrzach. Nasze żaluzje aluminiowe to must-have każdego nowoczesnego home office: możesz precyzyjnie zarządzać światłem naturalnym w domu, a przy zamkniętych lamelach skutecznie odgradzasz się od sąsiadów i ulicznego zgiełku. Ich konstrukcja sprawia, że świetnie wygłuszają codzienne dźwięki, a przy okazji stanowią elegancki, minimalistyczny akcent - pasują zarówno do stylu skandynawskiego, jak i loftowego czy klasycznej nowoczesności. Wybierając żaluzje ROLBEST, nie musisz wybierać między designem a funkcjonalnością. To rozwiązanie, które integruje okna z architekturą wnętrza i pozwala Ci stworzyć prawdziwie prywatną, wygodną strefę pracy. Dodatkowo, aluminium to materiał ekologiczny i trwały - wpisuje się w trend na ekologiczne materiały w projektowaniu. A jeśli cenisz komfort termiczny w mieszkaniu w zależności od pory roku, nasze systemy adaptują się do zmiennych warunków, pomagając utrzymać przyjemną temperaturę przez cały sezon.

PORADNIK PRAKTYCZNY
1. Postaw na jakość: Zamiast tanich rolet, wybierz żaluzje aluminiowe z precyzyjną kontrolą lameli. Dzięki temu łatwo dopasujesz ilość światła i stopień prywatności do aktualnych potrzeb.
2. Zadbaj o akustykę: W połączeniu z miękkimi materiałami (dywan, zasłony, panel akustyczny) żaluzje skutecznie wygłuszą Twoją przestrzeń. Unikaj twardych, odbijających dźwięk powierzchni wokół stanowiska pracy.
3. Strefuj światło: Ustaw biurko w pobliżu okna, ale tak, by promienie nie świeciły prosto w monitor. Dzięki żaluzjom możesz subtelnie rozproszyć światło, nie rezygnując z widoku za oknem.
4. Dobierz kolor i teksturę: Wybierz odcień żaluzji dopasowany do aranżacji wnętrza - czerń, biel lub metaliczny. Minimalistyczne rozwiązania okienne to nie tylko funkcja, ale też efekt wow.
5. Pamiętaj o integracji: Jeśli budujesz smart home, skorzystaj z możliwości automatyzacji żaluzji - sterowanie smartfonem to wygoda na miarę XXI wieku.

CTA
Nie trać czasu na kompromisy. Jeśli chcesz, żeby Twój home office był naprawdę komfortowy i stylowy, postaw na sprawdzone rozwiązania ROLBEST. Skontaktuj się po bezpłatną wycenę - tel: 507 704 919 i przekonaj się, jak łatwo możesz zyskać ciszę, prywatność i świetny design w jednym!","<h2>Walka z rozpraszającymi dźwiękami w home office</h2><p>Masz dość rozpraszających dźwięków zza ściany, rozmów sąsiadów albo odgłosów życia rodzinnego, które wdzierają się do Twojego domowego biura? A może czujesz, że wszyscy mogą zerknąć przez okno, gdy właśnie prowadzisz ważną wideokonferencję? Jeśli tak, nie jesteś sam. <strong>Prywatność w nowoczesnych wnętrzach</strong> oraz cisza w home office stają się coraz ważniejsze - zwłaszcza jesienią, gdy spędzamy w czterech ścianach jeszcze więcej czasu.</p><h2>Domowe biuro jako centrum dowodzenia</h2><p>Jesień to sezon, kiedy domowe biuro staje się prawdziwym centrum dowodzenia. Praca zdalna już nie jest chwilową modą, a raczej nowym standardem. Coraz więcej ludzi szuka rozwiązań, które pozwolą nie tylko wygodnie pracować, ale też skutecznie odgrodzić się od zgiełku codzienności. Branża wnętrzarska odnotowuje wzrost zainteresowania rozwiązaniami, które zapewniają komfort akustyczny oraz prywatność w nowoczesnych wnętrzach. Dobrze zaprojektowane okno może zdziałać cuda - to nie tylko źródło <strong>światła naturalnego w domu</strong>, ale też kluczowy element strefowania przestrzeni i ochrony przed hałasem. Właśnie dlatego temat wygłuszenia i prywatności nabiera szczególnego znaczenia w aranżacji home office.</p><h2>Wyzwania w aranżacji przestrzeni do pracy</h2><p>Największe wyzwanie? Łączenie funkcji biura z przytulnością domowego zacisza. Wiele osób zapomina, że zwykła firanka czy roleta nie zapewni prawdziwej ochrony przed hałasem ani nie zagwarantuje pełnej prywatności. Typowe błędy to wybieranie tanich, cienkich materiałów, które tylko pozornie izolują od dźwięków z zewnątrz i wnętrza mieszkania. Często ignorujemy też temat <strong>komfortu akustycznego we wnętrzach</strong> - a gdy pracujesz przy komputerze, każdy szum czy stukot może skutecznie wybić z rytmu. Kolejna pułapka to brak spójności stylistycznej: wybieramy pierwsze lepsze rozwiązania, które nie pasują do nowoczesnych, minimalistycznych aranżacji. Efekt? Zamiast komfortowego home office mamy chaotyczną przestrzeń, w której trudno się skupić i poczuć swobodnie.</p><h2>Minimalistyczne rozwiązania od ROLBEST</h2><p>W ROLBEST stawiamy na <strong>minimalistyczne rozwiązania okienne</strong>, które nie tylko świetnie wyglądają, ale przede wszystkim zapewniają prywatność i komfort akustyczny we wnętrzach. Nasze żaluzje aluminiowe to must-have każdego nowoczesnego home office: możesz precyzyjnie zarządzać <strong>światłem naturalnym w domu</strong>, a przy zamkniętych lamelach skutecznie odgradzasz się od sąsiadów i ulicznego zgiełku. Ich konstrukcja sprawia, że świetnie wygłuszają codzienne dźwięki, a przy okazji stanowią elegancki, minimalistyczny akcent - pasują zarówno do stylu skandynawskiego, jak i loftowego czy klasycznej nowoczesności. Wybierając żaluzje ROLBEST, nie musisz wybierać między designem a funkcjonalnością. To rozwiązanie, które integruje okna z architekturą wnętrza i pozwala Ci stworzyć prawdziwie prywatną, wygodną strefę pracy. Dodatkowo, aluminium to materiał ekologiczny i trwały - wpisuje się w trend na <strong>ekologiczne materiały w projektowaniu</strong>. A jeśli cenisz <strong>komfort termiczny w mieszkaniu w zależności od pory roku</strong>, nasze systemy adaptują się do zmiennych warunków, pomagając utrzymać przyjemną temperaturę przez cały sezon.</p><h2>Praktyczny poradnik dla domowego biura</h2><h3>1. Postaw na jakość</h3><p>Zamiast tanich rolet, wybierz żaluzje aluminiowe z precyzyjną kontrolą lameli. Dzięki temu łatwo dopasujesz ilość światła i stopień prywatności do aktualnych potrzeb.</p><h3>2. Zadbaj o akustykę</h3><p>W połączeniu z miękkimi materiałami (dywan, zasłony, panel akustyczny) żaluzje skutecznie wygłuszą Twoją przestrzeń. Unikaj twardych, odbijających dźwięk powierzchni wokół stanowiska pracy.</p><h3>3. Strefuj światło</h3><p>Ustaw biurko w pobliżu okna, ale tak, by promienie nie świeciły prosto w monitor. Dzięki żaluzjom możesz subtelnie rozproszyć światło, nie rezygnując z widoku za oknem.</p><h3>4. Dobierz kolor i teksturę</h3><p>Wybierz odcień żaluzji dopasowany do aranżacji wnętrza - czerń, biel lub metaliczny. Minimalistyczne rozwiązania okienne to nie tylko funkcja, ale też efekt wow.</p><h3>5. Pamiętaj o integracji</h3><p>Jeśli budujesz smart home, skorzystaj z możliwości automatyzacji żaluzji - sterowanie smartfonem to wygoda na miarę XXI wieku.</p><p>Nie trać czasu na kompromisy. Jeśli chcesz, żeby Twój home office był naprawdę komfortowy i stylowy, postaw na sprawdzone rozwiązania ROLBEST. Skontaktuj się po bezpłatną wycenę: <a href=""tel:507704919"">507 704 919</a> i przekonaj się, jak łatwo możesz zyskać ciszę, prywatność i świetny design w jednym!</p>","Prywatność i komfort akustyczny w domowym biurze - czy wiesz, jak je osiągnąć? Dzięki naszym żaluzjom aluminiowym łatwo zyskasz ciszę, prywatność i kontrolę nad światłem, równocześnie podkreślając nowoczesny styl biura. Nasze 20-letnie doświadczenie pokazuje, że komfort zaczyna się od okien. Umów bezpłatną wycenę: 507 704 919 🏠✨📞","Poranna kawa i cisza, kiedy za oknem świat budzi się do życia - czy Twój home office zapewnia Ci spokój i prywatność, o których marzysz? Detale jak żaluzje ROLBEST pozwalają sterować światłem i redukować hałas, zamieniając pracę w domu w prawdziwą przyjemność. Jak dbasz o komfort pracy w swoim wnętrzu? Zajrzyj na bloga - więcej inspiracji w linku w bio. #żaluzje #rolety #wnętrza #dom #design #okna #rolbest",https://drive.google.com/file/d/1PVJOBAyDKybhtFhgJa5F8ueWqnuCa78f/view?usp=drivesdk,1PVJOBAyDKybhtFhgJa5F8ueWqnuCa78f,Opublikowano,Do akceptacji,,,,
05-09-2025,Jak stworzyć komfortową i prywatną łazienkę na jesień,"HOOK

Wyobraź sobie jesienny wieczór, gorącą kąpiel i ciepłe światło wpadające do łazienki przez okno. Brzmi jak domowe spa, prawda? Tylko w praktyce - często walczysz z chłodem, parą na szybach i… sąsiadem z naprzeciwka, który widzi więcej, niż byś chciał. Komfort i prywatność w łazience to nie luksus, to must-have na jesień.

KONTEKST

Jesień to czas, gdy dom naprawdę zaczyna być naszym azylem. Zmienna pogoda, krótkie dni i niższe temperatury sprawiają, że łazienka staje się centrum domowego relaksu. Wnętrzarskie trendy 2025 podkreślają, że nowoczesna łazienka powinna być nie tylko piękna, ale też funkcjonalna i energooszczędna. Światło naturalne w domu zyskuje na znaczeniu - coraz częściej szukamy rozwiązań, które zapewnią prywatność w nowoczesnych wnętrzach bez rezygnacji z dziennego światła. Do tego dochodzi temat komfortu termicznego w mieszkaniu w zależności od pory roku oraz ekologiczne materiały w projektowaniu. To już nie tylko moda, ale realna potrzeba - łazienka musi chronić, relaksować i wpisywać się w nowoczesne, zrównoważone podejście do życia.

PROBLEM

Najczęstszy błąd? Wybierasz zwykłe rolety lub zasłony z myślą „byle zasłonić okno”. Efekt? Ciemno, parno, wilgotno, a czasem… mało intymnie, bo cienki materiał nie daje poczucia bezpieczeństwa. Wiele osób nie dostosowuje osłon do specyfiki łazienki - wilgoć niszczy tkaniny, a plastikowe żaluzje żółkną i odkształcają się z czasem. Często zapominamy, że łazienka wymaga rozwiązań odpornych na wodę, łatwych w czyszczeniu i takich, które pozwalają elastycznie zarządzać światłem. Co gorsza, nieprzemyślany wybór może prowadzić do strat ciepła, przez co łazienka jest nieprzyjemnie chłodna - zwłaszcza jesienią. Nie warto też rezygnować z estetyki na rzecz funkcji - to miejsce powinno być spójne z resztą domu i po prostu cieszyć oko.

ROZWIĄZANIE ROLBEST

Tu wchodzą shuttersy ROLBEST - wodoodporne, stylowe i stworzone z myślą o nowoczesnych łazienkach. To minimalistyczne rozwiązania okienne, które łączą w sobie design i praktyczność. Shuttersy pozwalają precyzyjnie regulować ilość światła, zachowując przy tym pełną prywatność. Dzięki nim możesz wpuścić do łazienki maksimum naturalnego światła, nie martwiąc się, że ktoś zagląda do środka. Wodoodporne materiały sprawiają, że nie straszna im para ani częste zmiany temperatury - nie wyginają się, nie tracą koloru, nie pleśnieją. Korzyści? Komfort termiczny w mieszkaniu w zależności od pory roku - shuttersy pomagają utrzymać ciepło w środku, a latem chronią przed nadmiernym nagrzewaniem. Do tego są wykonane z ekologicznych materiałów, więc nie tylko dobrze wyglądają, ale też wpisują się w zrównoważone trendy. Ich czyste linie to ukłon w stronę nowoczesnego, minimalistycznego stylu. A jeśli cenisz sobie wygodę - możesz połączyć je z systemami inteligentnego domu i sterować światłem z poziomu smartfona.

PORADNIK PRAKTYCZNY

1. Zadbaj o strefowanie światła: Ustaw shuttersy tak, by do strefy relaksu wpadało naturalne światło, a część kąpielowa pozostawała bardziej intymna.
2. Wybierz wodoodporne materiały: Unikaj tkanin i plastików, które szybko się niszczą. Shuttersy ROLBEST są odporne na wilgoć i łatwe do utrzymania w czystości.
3. Postaw na jasne kolory: Białe lub jasnoszare shuttersy rozświetlą wnętrze, optycznie powiększą łazienkę i stworzą wrażenie czystości.
4. Integruj z architekturą: Dobierz shuttersy do stylu okna i wykończenia wnętrza. Dzięki temu uzyskasz spójną, elegancką aranżację.
5. Dbaj o komfort termiczny: Zamykaj shuttersy na noc, by zatrzymać ciepło, a w ciągu dnia pozwól słońcu dogrzać łazienkę.

CTA

Chcesz zamienić swoją łazienkę w nowoczesne, funkcjonalne spa? Zainwestuj w komfort, prywatność i styl z shuttersami ROLBEST. Zadzwoń po bezpłatną wycenę - tel: 507 704 919 i przekonaj się, jak wiele możesz zyskać na co dzień!","<h1>Jak stworzyć komfortową i prywatną łazienkę na jesień</h1><h2>Jesień w łazience – czas na relaks</h2><p>Wyobraź sobie jesienny wieczór, gorącą kąpiel i ciepłe światło wpadające do łazienki przez okno. Brzmi jak domowe spa, prawda? Tylko w praktyce - często walczysz z chłodem, parą na szybach i… sąsiadem z naprzeciwka, który widzi więcej, niż byś chciał. <strong>Komfort i prywatność w nowoczesnych wnętrzach</strong> to nie luksus, to must-have na jesień.</p><h2>Łazienka jako azyl w zmiennej pogodzie</h2><p>Jesień to czas, gdy dom naprawdę zaczyna być naszym azylem. Zmienna pogoda, krótkie dni i niższe temperatury sprawiają, że łazienka staje się centrum domowego relaksu. Wnętrzarskie trendy 2025 podkreślają, że nowoczesna łazienka powinna być nie tylko piękna, ale też funkcjonalna i energooszczędna. <strong>Światło naturalne w domu</strong> zyskuje na znaczeniu - coraz częściej szukamy rozwiązań, które zapewnią <strong>prywatność w nowoczesnych wnętrzach</strong> bez rezygnacji z dziennego światła. Do tego dochodzi temat <strong>komfortu termicznego w mieszkaniu w zależności od pory roku</strong> oraz <strong>ekologiczne materiały w projektowaniu</strong>. To już nie tylko moda, ale realna potrzeba - łazienka musi chronić, relaksować i wpisywać się w nowoczesne, zrównoważone podejście do życia.</p><h2>Najczęstsze błędy w aranżacji łazienki</h2><p>Najczęstszy błąd? Wybierasz zwykłe rolety lub zasłony z myślą „byle zasłonić okno”. Efekt? Ciemno, parno, wilgotno, a czasem… mało intymnie, bo cienki materiał nie daje poczucia bezpieczeństwa. Wiele osób nie dostosowuje osłon do specyfiki łazienki - wilgoć niszczy tkaniny, a plastikowe żaluzje żółkną i odkształcają się z czasem. Często zapominamy, że łazienka wymaga rozwiązań odpornych na wodę, łatwych w czyszczeniu i takich, które pozwalają elastycznie zarządzać światłem. Co gorsza, nieprzemyślany wybór może prowadzić do strat ciepła, przez co łazienka jest nieprzyjemnie chłodna - zwłaszcza jesienią. Nie warto też rezygnować z estetyki na rzecz funkcji - to miejsce powinno być spójne z resztą domu i po prostu cieszyć oko.</p><h2>Shuttersy ROLBEST – idealne rozwiązanie</h2><p>Tu wchodzą <strong>minimalistyczne rozwiązania okienne</strong> ROLBEST - wodoodporne, stylowe i stworzone z myślą o nowoczesnych łazienkach. To minimalistyczne rozwiązania okienne, które łączą w sobie design i praktyczność. Shuttersy pozwalają precyzyjnie regulować ilość światła, zachowując przy tym pełną prywatność. Dzięki nim możesz wpuścić do łazienki maksimum naturalnego światła, nie martwiąc się, że ktoś zagląda do środka. Wodoodporne materiały sprawiają, że nie straszna im para ani częste zmiany temperatury - nie wyginają się, nie tracą koloru, nie pleśnieją. Korzyści? <strong>Komfort termiczny w mieszkaniu w zależności od pory roku</strong> - shuttersy pomagają utrzymać ciepło w środku, a latem chronią przed nadmiernym nagrzewaniem. Do tego są wykonane z <strong>ekologicznych materiałów</strong>, więc nie tylko dobrze wyglądają, ale też wpisują się w zrównoważone trendy. Ich czyste linie to ukłon w stronę nowoczesnego, minimalistycznego stylu. A jeśli cenisz sobie wygodę - możesz połączyć je z <strong>systemami inteligentnego domu</strong> i sterować światłem z poziomu smartfona.</p><h2>Praktyczny poradnik – jak wykorzystać shuttersy w łazience</h2><h3>1. Zadbaj o strefowanie światła</h3><p>Ustaw shuttersy tak, by do strefy relaksu wpadało naturalne światło, a część kąpielowa pozostawała bardziej intymna.</p><h3>2. Wybierz wodoodporne materiały</h3><p>Unikaj tkanin i plastików, które szybko się niszczą. Shuttersy ROLBEST są odporne na wilgoć i łatwe do utrzymania w czystości.</p><h3>3. Postaw na jasne kolory</h3><p>Białe lub jasnoszare shuttersy rozświetlą wnętrze, optycznie powiększą łazienkę i stworzą wrażenie czystości.</p><h3>4. Integruj z architekturą</h3><p>Dobierz shuttersy do stylu okna i wykończenia wnętrza. Dzięki temu uzyskasz spójną, elegancką aranżację.</p><h3>5. Dbaj o komfort termiczny</h3><p>Zamykaj shuttersy na noc, by zatrzymać ciepło, a w ciągu dnia pozwól słońcu dogrzać łazienkę.</p><p>Chcesz zamienić swoją łazienkę w nowoczesne, funkcjonalne spa? Zainwestuj w komfort, prywatność i styl z shuttersami ROLBEST. Zadzwoń po bezpłatną wycenę - tel: <a href=""tel:507704919"">507 704 919</a> i przekonaj się, jak wiele możesz zyskać na co dzień!</p>","Prywatność i komfort termiczny w nowoczesnej łazience - jak zadbać o nie jesienią? Wybierając shuttersy ROLBEST, zyskujesz kontrolę nad światłem, odporność na wilgoć i styl, który odmieni Twoje domowe spa. Nasze 20-letnie doświadczenie pokazuje, że dobre rozwiązania procentują na lata. Umów bezpłatną wycenę: 507 704 919. 🏠✨📞","Jesienne wieczory, ciepła kąpiel i kojące światło wpadające przez okno - to prawdziwy domowy luksus. Detale, takie jak shuttersy, zapewniają prywatność i komfort termiczny, by łazienka stała się Twoim osobistym SPA. Jak Ty dbasz o atmosferę w swoim wnętrzu? Zajrzyj na bloga po więcej inspiracji - link w bio! #shutters #wnętrza #dom #design #okna #rolbest #inspiracje",https://drive.google.com/file/d/1zl-c2pAxVXJ446fjCx_FddoCz8-KFIcZ/view?usp=drivesdk,1zl-c2pAxVXJ446fjCx_FddoCz8-KFIcZ,Opublikowano,Do akceptacji,,,,
06-09-2025,Jesienny taras: nowoczesny klimat na wyciągnięcie ręki z zastosowaniem pergol ROLBEST,"Jesienny taras: nowoczesny klimat na wyciągnięcie ręki

Znasz to uczucie, kiedy po letnim sezonie taras zamienia się w smutny, nieużywany kącik? A przecież to właśnie jesień potrafi stworzyć najprzytulniejszą atmosferę na zewnątrz. Wyobraź sobie leniwe popołudnie z książką, aromatyczną kawą i widokiem na ogród skąpany w ciepłym, naturalnym świetle. Jak sprawić, żeby twój taras tętnił życiem nawet, gdy za oknem plucha?

Nowoczesny taras - must have tej jesieni

Jesień to czas, gdy dom staje się ostoją i miejscem spotkań. Ale czemu nie przenieść tej energii także na taras? Nowoczesne trendy aranżacyjne skupiają się na płynnym łączeniu wnętrza z przestrzenią outdoor. Klucz? Integracja światła naturalnego w domu i na tarasie oraz dobór kolorów i faktur, które koją zmysły. Antracytowe detale, drewno i biel to trio, które króluje w nowoczesnych projektach, nadając przestrzeni elegancji, ale i ciepła. Warto wykorzystać ten sezon na stworzenie osobistej strefy relaksu, która zaprasza do życia na świeżym powietrzu bez względu na pogodę.

Taras jesienią - najczęstsze błędy

Największa pułapka? Traktowanie tarasu jak sezonowego dodatku. W efekcie, już we wrześniu lądują tam przykryte plandeką meble i schowane lampiony. Drugi błąd to brak przemyślenia, jak zarządzać światłem - jesienne popołudnia bywają krótkie, a słońce świeci pod innym kątem niż latem. Właściciele domów często zapominają też o odpowiedniej kolorystyce i teksturach - zimne płytki czy metalowe dodatki potęgują wrażenie chłodu. Wreszcie, zbyt mało uwagi poświęca się komfortowi termicznemu - bez skutecznej ochrony przed wiatrem i deszczem taras szybko przestaje być atrakcyjny.

ROLBEST - twoja jesienna metamorfoza tarasu

Jeśli myślisz o tarasie, który działa przez cały rok, pergola ROLBEST to must have. Dzięki niej możesz regulować ilość światła naturalnego na tarasie, dostosować zacienienie i stworzyć mikroklimat idealny do relaksu. Pergole ROLBEST mają minimalistyczny design - czyste linie, nowoczesne kolory (antracyt, biel, efekt drewna), więc wpisują się w każdy projekt. Ich adaptacyjny dach chroni przed niespodziewanym deszczem lub zbyt ostrym słońcem - to zarządzanie światłem w otwartych przestrzeniach na najwyższym poziomie. Chcesz połączyć estetykę z funkcjonalnością? ROLBEST oferuje również ekologiczne materiały w projektowaniu - możesz postawić na wykończenia imitujące drewno lub naturalne tekstury, które dodadzą przytulności nawet w najbardziej surową pogodę. Pergola nie tylko zwiększy komfort termiczny w chłodniejsze dni, ale też idealnie zintegruje taras z architekturą domu.

Praktyczne wskazówki na jesienny taras

1. Postaw na ciepłą kolorystykę - wybierz tekstylia i dodatki w odcieniach beżu, rdzy, miodu. Świetnie komponują się z antracytową lub białą pergolą ROLBEST.
2. Zarządzaj światłem - wykorzystaj lampiony LED, świece i kinkiety. Nie zapomnij o roletach screen lub żaluzjach fasadowych, które pozwolą jeszcze lepiej kontrolować światło naturalne w domu i na tarasie.
3. Dodaj faktury - połącz drewno, miękkie pledy i poduchy z metalowymi detalami. To prosty trik na przytulną atmosferę.
4. Zadbaj o strefę relaksu - wydziel ją za pomocą roślin w dużych donicach lub mobilnych parawanów. Taki zabieg daje poczucie intymności i komfortu.
5. Myśl o ekologii - wybieraj materiały i osłony, które są trwałe i przyjazne środowisku. Pergole i dodatki ROLBEST to gwarancja jakości na lata.

Chcesz mieć taras, o którym wszyscy mówią?

Nie czekaj do wiosny - jesień to idealny moment na metamorfozę Twojej strefy outdoor. Zadzwoń po bezpłatną wycenę (tel: 507 704 919) i sprawdź, jak pergole oraz nowoczesne systemy osłonowe ROLBEST mogą odmienić Twój dom i taras. Zainspiruj się, poczuj różnicę i żyj pełnią życia na świeżym powietrzu, niezależnie od pogody!","<h2>Przytulność jesiennego tarasu to zadanie dla ROLBEST</h2><p>Znasz to uczucie, kiedy po letnim sezonie taras zamienia się w smutny, nieużywany kącik? Przy pomocy ROLBEST wcale tak być nie musi! A przecież to właśnie jesień potrafi stworzyć najprzytulniejszą atmosferę wewnątrz dzięki żaluzjom, roletom plisowanym czy zasłonom, a na zewnątrz przy wykorzystaniu pergol. Wyobraź sobie leniwe popołudnie z książką, aromatyczną kawą i widokiem na ogród skąpany w ciepłym, naturalnym świetle. Jak sprawić z pomocą ROLBEST, żeby twój taras tętnił życiem nawet, gdy za oknem plucha?</p><h2>Nowoczesny taras z pergolą ROLBEST to must have tej jesieni</h2><p>Jesień to czas, gdy dom staje się ostoją i miejscem spotkań. Ale czemu nie przenieść tej energii z pomocą ROLBEST także na taras? Nowoczesne trendy aranżacyjne skupiają się na płynnym łączeniu wnętrza z przestrzenią outdoor. Klucz? <strong>Integracja światła naturalnego w domu</strong> i na tarasie oraz dobór kolorów rolet czy zasłon, które koją zmysły. Antracytowe detale przykładowo przy żaluzjach aluminiowych, drewno shutters i biel żaluzji drewnianych to trio, które króluje w nowoczesnych projektach, nadając przestrzeni elegancji, ale i ciepła. Warto wykorzystać ten sezon na stworzenie osobistej strefy relaksu, która zaprasza do życia na świeżym powietrzu bez względu na pogodę z wykorzystaniem pergoli ROLBEST.</p><h2>ROLBEST pomoże wyeliminować najczęstsze błędy przy aranżacji tarasu jesienią</h2><p>Największa pułapka? Traktowanie tarasu jak sezonowego dodatku. W efekcie, już we wrześniu lądują tam przykryte plandeką meble i schowane lampiony. Drugi błąd to brak przemyślenia, jak zarządzać światłem - jesienne popołudnia bywają krótkie, a słońce świeci pod innym kątem niż latem. Właściciele domów często zapominają też o odpowiedniej kolorystyce i teksturach - zimne płytki czy metalowe dodatki potęgują wrażenie chłodu. Wreszcie, zbyt mało uwagi poświęca się <strong>komfortowi termicznemu w mieszkaniu w zależności od pory roku</strong> - bez skutecznej ochrony przed wiatrem i deszczem taras szybko przestaje być atrakcyjny.</p><h2>ROLBEST - twoja jesienna metamorfoza tarasu</h2><p>Jeśli myślisz o tarasie, który działa przez cały rok, pergola ROLBEST to must have. Dzięki niej możesz regulować ilość światła naturalnego na tarasie, dostosować zacienienie i stworzyć mikroklimat idealny do relaksu. Pergole ROLBEST mają minimalistyczny design - czyste linie, nowoczesne kolory (antracyt, biel, efekt drewna), więc wpisują się w każdy projekt. Ich adaptacyjny dach chroni przed niespodziewanym deszczem lub zbyt ostrym słońcem - to <strong>zarządzanie światłem w otwartych przestrzeniach</strong> na najwyższym poziomie. Chcesz połączyć estetykę z funkcjonalnością? ROLBEST oferuje również <strong>ekologiczne materiały w projektowaniu</strong> - możesz postawić na wykończenia imitujące drewno lub naturalne tekstury, które dodadzą przytulności nawet w najbardziej surową pogodę. Do pergoli możesz śmiało zastosować aluminiowe shutters ROLBEST. Pergola nie tylko zwiększy <strong>komfort termiczny w mieszkaniu w zależności od pory roku</strong>, ale też idealnie zintegruje taras z architekturą domu.</p><h2>Praktyczne wskazówki od ROLBEST na jesienny taras</h2><h3>Ciepła kolorystyka</h3><p>Postaw na ciepłą kolorystykę - wybierz tekstylia i dodatki w odcieniach beżu, rdzy, miodu, w tym systemy osłonowe - żaluzje, żaluzje drewniane, rolety materiałowe, rolety plisowane. Świetnie komponują się z antracytową lub białą pergolą ROLBEST.</p><h3> Zarządzanie światłem</h3><p>Wykorzystaj lampiony LED, świece i kinkiety. Nie zapomnij o roletach screen lub żaluzjach fasadowych, które pozwolą jeszcze lepiej kontrolować <strong>światło naturalne w domu</strong> i na tarasie.</p><h3> Dodawanie faktur</h3><p>Połącz drewno żaluzji czy shutters, miękkie pledy i poduchy z metalowymi detalami. To prosty trik na przytulną atmosferę.</p><h3>Strefa relaksu</h3><p>Wydziel ją za pomocą roślin w dużych donicach lub mobilnych parawanów. Taki zabieg daje poczucie intymności i komfortu.</p><h3> Ekologia</h3><p>Wybieraj materiały i osłony, które są trwałe i przyjazne środowisku. Pergole i dodatki ROLBEST to gwarancja jakości na lata.</p><p>Chcesz mieć taras, o którym wszyscy mówią? Nie czekaj do wiosny - jesień to idealny moment na metamorfozę Twojej strefy outdoor. Zadzwoń po bezpłatną wycenę: <a href=""tel:507704919"">507 704 919</a> i sprawdź, jak pergole oraz nowoczesne systemy osłonowe ROLBEST mogą odmienić Twój dom i taras. Jesteśmy w stanie zrealizować każdy projekt, niezależnie czy mieszkasz w Warszawie, Gdańsku, Krakowie czy Poznaniu :) Zainspiruj się, poczuj różnicę i żyj pełnią życia na świeżym powietrzu, niezależnie od pogody!</p>","Jesienny taras w nowoczesnym stylu: czy wiesz, jak światło naturalne i kolorystyka mogą zmienić Twoją przestrzeń na świeżym powietrzu? Prostym sposobem na przytulny, funkcjonalny taras przez cały rok jest dopasowana pergola, która pozwoli Ci korzystać z naturalnego światła i wygody bez względu na pogodę. Nasze 20-letnie doświadczenie pokazuje, że właściwe rozwiązania naprawdę robią różnicę. Umów bezpłatną wycenę: 507 704 919 🏠✨📞","Poranna kawa na jesiennym tarasie, skąpanym w naturalnym świetle - czy może być lepszy początek dnia? To światło, kolory i faktury budują atmosferę, w której chce się żyć na świeżym powietrzu bez względu na pogodę. Jak Twój taras wpływa na codzienne rytuały? Więcej inspiracji czeka na blogu - link w bio. #rolbest #dom #wnętrza #inspiracje #design #markizy #żaluzje",https://drive.google.com/file/d/1YgXIx61MuAzyEaBGnWLLQM8jsCQtY7W5/view?usp=drivesdk,1YgXIx61MuAzyEaBGnWLLQM8jsCQtY7W5,Opublikowano,Do akceptacji,,,,
07-09-2025,Jesienna biblioteka domowa - jak zadbać o ciepło i przytulność z pomocą ROLBEST,"Jesienna biblioteka domowa - jak zadbać o ciepło i przytulność

Znów przychodzi ta pora roku, kiedy wieczory robią się długie, a dom zaczyna pachnieć rozgrzanym imbirem i świeżo parzoną kawą. Masz ochotę zaszyć się z książką w domowej bibliotece, tylko... coś tu nie gra? Zamiast przytulnego azylu czujesz chłód, a światło jest zbyt ostre lub przygnębiająco słabe? Spokojnie - to problem, z którym mierzy się większość z nas.

Jesień to czas wnętrzarskich przemian

Jesień działa jak naturalny katalizator zmian - szukamy komfortu, ciepła i przyjaznej atmosfery, bo dom staje się naszym schronieniem przed kaprysami pogody. To właśnie teraz domowe biblioteki i gabinety przeżywają swoją drugą młodość. Nic dziwnego, skoro praca zdalna i nauka w domu są wciąż na topie, a trend na slow life i sezonowe dekoracje wraca co roku jak bumerang. Rośnie też świadomość, że komfort termiczny w mieszkaniu w zależności od pory roku to nie luksus, tylko podstawa dobrego samopoczucia. Dodatkowo, coraz więcej osób stawia na ekologiczne materiały w projektowaniu oraz na kolory i tekstury w projektowaniu wnętrz, które wspierają relaks i poczucie bezpieczeństwa.

Gdzie tkwi problem? Typowe błędy w aranżacji

Wielu właścicieli domów i mieszkań wpada w te same pułapki. Po pierwsze - ignorujemy rolę światła naturalnego w domu, stawiając na jedną lampę lub jaskrawą żarówkę, która tylko pogarsza klimat. Po drugie - wybieramy przypadkowe okienne rozwiązania, które nie dają szansy na precyzyjną regulację światła i temperatury. Stare zasłony albo zbyt cienkie rolety nie chronią przed jesiennym chłodem - efekt? Przeciągi i nieprzyjemna aura, nawet w najładniejszym kącie biblioteki. Kolejny błąd to brak dbałości o kolory i tekstury - zbyt sterylne lub zimne wnętrza nie zachęcają do relaksu. Wreszcie - bagatelizujemy kwestie praktyczne, jak łatwość obsługi czy możliwość zmiany aranżacji wraz z sezonem. To wszystko sprawia, że nawet pięknie urządzona biblioteka nie spełnia swojej roli - nie daje poczucia ciepła i prywatności w nowoczesnych wnętrzach.

ROLBEST - Twoje rozwiązanie na jesienne bolączki

Tu wchodzi ROLBEST, cały na... ciepłe odcienie drewna! Jako lider osłon okiennych od 2003 roku, wiemy, jak połączyć design z praktycznością. Nasze drewniane żaluzje to nie tylko estetyka - to prawdziwa tarcza przed jesiennym chłodem. Dzięki adaptacyjnym systemom osłonowym możesz precyzyjnie zarządzać ilością światła i poziomem prywatności, niezależnie od pory dnia. Żaluzje drewniane świetnie sprawdzają się w roli izolatora - ograniczają straty ciepła, a jednocześnie pozwalają na maksymalizację światła dziennego zimą. Co ważne, wykonane są z ekologicznych materiałów, więc wpisują się w trend na powrót do naturalnych materiałów we wnętrzach i dbanie o środowisko.

To nie wszystko - bogata paleta kolorów i piękne faktury drewna sprawiają, że żaluzje ROLBEST stają się częścią aranżacji, a nie tylko tłem. Dzięki nim stworzysz przytulną atmosferę we wnętrzach jesienią, a komfort termiczny w mieszkaniu w zależności od pory roku przestanie być problemem. Dla zwolenników minimalistycznych rozwiązań okiennych mamy też rolety i plisy w stonowanych, ciepłych barwach. Każdy znajdzie coś dla siebie - wystarczy zadzwonić i umówić się na bezpłatną wycenę!

Jak stworzyć jesienny azyl? 5 praktycznych trików

1. Zainwestuj w żaluzje drewniane - wybierz ciepły odcień, który podkreśli klimat biblioteki i doda wnętrzu tekstury.
2. Ustaw fotel blisko okna, a zaraz obok miękki pled - to duet idealny na długie wieczory z książką.
3. Postaw na kolory ziemi - zieleń, brąz, głęboka czerwień albo musztardowy żółty w dekoracjach i dodatkach.
4. Wprowadź rośliny doniczkowe - elementy biofilne w aranżacji wnętrz poprawiają nastrój i oczyszczają powietrze.
5. Nie zapomnij o dobrym świetle zadaniowym - lampka o ciepłej barwie, ustawiona tak, by nie odbijała się od żaluzji, to must have.

Czas na Twój przytulny kącik - z ROLBEST to proste!

Nie czekaj, aż chłód i szarość odbiorą Ci ochotę na domowe wieczory. Zamień swoją bibliotekę w miejsce, do którego chce się wracać. Zadzwoń po darmową wycenę: 507 704 919 i zobacz, jak łatwo możesz poprawić komfort i klimat swojego wnętrza na jesień!","<h1>Jesienna biblioteka domowa z zastosowaniem żaluzji drewnianych ROLBEST - jak zadbać o ciepło i przytulność</h1><h2>Przytulność w długie wieczory z wykorzystaniem żaluzji drewnianych</h2><p>Znów przychodzi ta pora roku, kiedy wieczory robią się długie, a dom zaczyna pachnieć rozgrzanym imbirem i świeżo parzoną kawą. Masz ochotę zaszyć się z książką w domowej bibliotece, tylko... coś tu nie gra? Zamiast przytulnego azylu czujesz chłód, a światło jest zbyt ostre lub przygnębiająco słabe? Spokojnie - to problem, z którym mierzy się większość z nas. Zachęcamy do metamorfoz wnętrz przy zastosowaniu rozmaitych żaluzji, rolet materiałowych, rolet plisowanych czy zasłon. </p><h2>Jesień - czas na zmiany w aranżacji</h2><p>Jesień działa jak naturalny katalizator zmian - szukamy komfortu, ciepła i przyjaznej atmosfery, bo dom staje się naszym schronieniem przed kaprysami pogody. To właśnie teraz domowe biblioteki i gabinety przeżywają swoją drugą młodość. Nic dziwnego, skoro praca zdalna i nauka w domu są wciąż na topie, a trend na <strong>slow life</strong> i sezonowe dekoracje wraca co roku jak bumerang. Rośnie też świadomość, że <strong>komfort termiczny w mieszkaniu w zależności od pory roku</strong> to nie luksus, tylko podstawa dobrego samopoczucia. Dodatkowo, coraz więcej osób stawia na <strong>ekologiczne materiały w projektowaniu</strong> oraz na <strong>kolory i tekstury w projektowaniu wnętrz</strong>, które wspierają relaks i poczucie bezpieczeństwa.</p><h2>Jak uniknąć typowych błędów w aranżacji korzystając z wiedzy i doświadczenia ROLBEST</h2><p>Wielu właścicieli domów i mieszkań wpada w te same pułapki. Po pierwsze - ignorujemy rolę <strong>światła naturalnego w domu</strong>, stawiając na jedną lampę lub jaskrawą żarówkę, która tylko pogarsza klimat. Po drugie - wybieramy przypadkowe okienne rozwiązania, które nie dają szansy na precyzyjną regulację światła i temperatury. Stare zasłony albo zbyt cienkie rolety nie chronią przed jesiennym chłodem - efekt? Przeciągi i nieprzyjemna aura, nawet w najładniejszym kącie biblioteki. Kolejny błąd to brak dbałości o kolory i tekstury - zbyt sterylne lub zimne wnętrza nie zachęcają do relaksu. Wreszcie - bagatelizujemy kwestie praktyczne, jak łatwość obsługi czy możliwość zmiany aranżacji wraz z sezonem. To wszystko sprawia, że nawet pięknie urządzona biblioteka nie spełnia swojej roli - nie daje poczucia ciepła i <strong>prywatności w nowoczesnych wnętrzach</strong>.</p><h2>ROLBEST - Twoje rozwiązanie na jesienne bolączki</h2><p>Tu wchodzi ROLBEST, cały na... ciepłe odcienie drewna! Jako lider osłon okiennych od 2003 roku, wiemy, jak połączyć design z praktycznością. Nasze drewniane żaluzje to nie tylko estetyka - to prawdziwa tarcza przed jesiennym chłodem. Dzięki adaptacyjnym systemom osłonowym możesz precyzyjnie zarządzać ilością światła i poziomem prywatności, niezależnie od pory dnia. Żaluzje drewniane świetnie sprawdzają się w roli izolatora - ograniczają straty ciepła, a jednocześnie pozwalają na maksymalizację światła dziennego zimą. Co ważne, wykonane są z <strong>ekologicznych materiałów</strong>, więc wpisują się w trend na powrót do naturalnych materiałów we wnętrzach i dbanie o środowisko.</p><p>To nie wszystko - bogata paleta kolorów i piękne faktury drewna sprawiają, że żaluzje drewniane ROLBEST stają się częścią aranżacji, a nie tylko tłem. Dzięki nim stworzysz <strong>przytulną atmosferę we wnętrzach jesienią</strong>, a komfort termiczny w mieszkaniu w zależności od pory roku przestanie być problemem. Żaluzje drewniane, podobnie jak shutters - okiennice drewniane - dzięki ruchomym lamelom pozwalają na precyzyjną kontrolę światła i ciepła. Dla zwolenników <strong>minimalistycznych rozwiązań okiennych</strong> mamy też rolety materiałowe, rolety plisowane w stonowanych, ciepłych barwach. Oczywiście zmiany nie muszą ograniczać się tylko do wnętrza. Na zewnątrz oko mogą cieszyć żaluzje fasadowe czy pergola, która zachęci do spędzania czasu na świeżym powietrzu. Każdy znajdzie coś dla siebie - wystarczy zadzwonić i umówić się na bezpłatną wycenę! Nie ogranicza nas żadna odległość - w grę wchodzi nie tylko Warszawa…</p><h2>Jak stworzyć jesienny azyl dzięki systemom osłonowym ROLBEST? 5 praktycznych trików</h2><h3>Zainwestuj w żaluzje drewniane</h3><p>Wybierz ciepły odcień, który podkreśli klimat biblioteki i doda wnętrzu tekstury.</p><h3>Ustaw fotel blisko okna</h3><p>A zaraz obok miękki pled - to duet idealny na długie wieczory z książką.</p><h3>Postaw na kolory ziemi</h3><p>Zieleń, brąz, głęboka czerwień albo musztardowy żółty w dekoracjach i dodatkach.</p><h3>Wprowadź rośliny doniczkowe</h3><p>Elementy <strong>biofilne w aranżacji wnętrz</strong> poprawiają nastrój i oczyszczają powietrze.</p><h3> Nie zapomnij o dobrym świetle zadaniowym</h3><p>Lampka o ciepłej barwie, ustawiona tak, by nie odbijała się od żaluzji, to must have.</p><p>Czas na Twój przytulny kącik - z ROLBEST to proste! Nie czekaj, aż chłód i szarość odbiorą Ci ochotę na domowe wieczory. Zamień swoją bibliotekę w miejsce, do którego chce się wracać. Zadzwoń po darmową wycenę: <a href=""tel:507704919"">507 704 919</a> i zobacz, jak łatwo możesz poprawić komfort i klimat swojego wnętrza na jesień!</p>","Jak stworzyć przytulną atmosferę i komfort cieplny na długie wieczory 🍂🍁? Dzięki drewnianym żaluzjom ROLBEST łatwo zadbasz o ciepło, kontrolę światła i wyjątkowy klimat w Twoim domu. Nasze 20-letnie doświadczenie pokazuje, że niewiele potrzeba, by poczuć prawdziwy komfort dzięki zmianie osłon okiennych. Nie zwlekaj i umów się na  bezpłatną wycenę: 507 704 919. 🏠✨📞","Chłodne wieczory, kubek kakao i ulubiona książka 🍁 ☕️ 📚- tak smakuje jesień 😊. Ciepłe drewno żaluzji, miękki pled i światło w sam raz zamieniają zwykłe wnętrze w jesienny azyl 🏠. Jak zadbać o komfort i klimat także u siebie? Zajrzyj na blog ROLBEST po więcej inspiracji 💡- link w bio! #rolbest #wnętrza #żaluzje #okna #inspiracje #dom #design",https://drive.google.com/file/d/1q8JBNJA98WF3X8PWjRa7BHJSubRzuo9M/view?usp=drivesdk,1q8JBNJA98WF3X8PWjRa7BHJSubRzuo9M,Opublikowano,Opublikowano,,,,
08-09-2025,Jak dzięki roletom screen uzyskać komfort w salonie podczas jesieni?,"HOOK
Jesień potrafi zaskoczyć - raz przytulna, raz pełna chłodnych podmuchów i szarugi. Znasz ten moment, gdy siedzisz na kanapie, a przez wielkie okno wpada już nie ciepłe słońce, tylko jesienny chłód? Komfort w salonie to nie tylko miękki koc i kubek herbaty, ale też… mądrze zaprojektowana architektura okienna. Sprawdź, jak możesz mieć i światło, i ciepło bez kompromisów.

KONTEKST
Ostatnie lata to prawdziwa rewolucja w podejściu do projektowania wnętrz - liczy się nie tylko wygląd, ale przede wszystkim komfort życia przez cały rok. Coraz więcej osób, architektów i deweloperów zwraca uwagę na to, jak duże przeszklenia i nowoczesne materiały wpływają na komfort termiczny w mieszkaniu w zależności od pory roku. Jesień to szczególny czas - z jednej strony chcemy maksymalizować światło dzienne, które szybko znika za horyzontem, z drugiej - nie pozwolić, by przez okna uciekało ciepło. Nowe przepisy budowlane i trendy eko zachęcają do sięgania po energooszczędne rozwiązania okienne, które nie tylko chronią przed stratami ciepła, ale też pozwalają cieszyć się naturalnym światłem w domu. To nie detal, tylko kluczowy element Twojego codziennego komfortu.

PROBLEM
Typowy scenariusz? Wielkie okno w salonie, piękny widok, mnóstwo światła… i niestety, zimą chłód tuż przy szybie, a jesienią trudno utrzymać odpowiednią temperaturę. Często w ferworze urządzania wnętrza zapominamy, jak ważna jest integracja okien z architekturą domu - wybieramy przypadkowe rolety, które albo całkiem odcinają światło, albo nie zabezpieczają przed chłodem. Zdarza się, że osłony okienne są zbyt ciężkie wizualnie, psują minimalistyczny charakter przestrzeni lub nie współgrają z ekologicznymi materiałami w projekcie. Błędy? Brak adaptacyjnych rozwiązań, które reagują na zmiany pogody i pory dnia; niedopasowanie systemów do potrzeb sezonowych; brak myślenia o energooszczędności już na etapie wyboru osłon. Efekt - wyższe rachunki, mniej przyjemne światło, a salon przestaje być ulubionym miejscem relaksu.

ROZWIĄZANIE ROLBEST
Tutaj wkraczają rozwiązania ROLBEST - zaprojektowane z myślą o nowoczesnych domach, gdzie liczy się zarówno design, jak i komfort. Rolety screen ROLBEST to prawdziwy game-changer na jesienne dni - dzięki zaawansowanym tkaninom z mikrowłókna działają jak filtr: wpuszczają światło naturalne w domu, ale zatrzymują chłód i wiatr. To minimalistyczne rozwiązanie okienne, które nie przytłacza przestrzeni i świetnie wpisuje się w każdy styl - od skandynawskiego po industrialny. Jeśli zależy Ci na maksymalizacji światła dziennego zimą i zachowaniu komfortu termicznego, rozważ też żaluzje fasadowe lub shuttersy ROLBEST. One pozwalają precyzyjnie regulować ilość światła i ciepła w zależności od pogody. Wyróżnia nas nie tylko design, ale też adaptacyjne systemy osłonowe z możliwością sterowania ręcznego lub automatycznego - idealnie integrują się z inteligentnym domem. Stawiamy na ekologiczne materiały w projektowaniu - nasze produkty są przyjazne środowisku i energooszczędne. To nie tylko moda, ale realna inwestycja w Twój komfort i niższe rachunki przez cały rok.

PORADNIK PRAKTYCZNY
1. Postaw na rolety screen lub żaluzje fasadowe - wybierz modele, które pozwalają na precyzyjną regulację światła i temperatury w salonie. 
2. Zainwestuj w systemy z automatycznym sterowaniem - rolety z czujnikami pogodowymi same reagują na zmiany światła i temperatury, dbając o komfort bez Twojej ingerencji.
3. Myśl o integracji okien z architekturą - duże przeszklenia? Połącz je z dyskretnymi, minimalistycznymi osłonami, które nie zaburzą wizji architekta.
4. Wybieraj ekologiczne materiały - rolety i żaluzje ROLBEST są wykonane z surowców sprzyjających zrównoważonemu projektowaniu wnętrz.
5. Nie bój się konsultacji - skorzystaj z bezpłatnej wyceny i doradztwa, by dopasować system pod swoje potrzeby i realia Twojego domu.

CTA
Chcesz zyskać więcej światła i ciepła w swoim domu tej jesieni? Zadzwoń po bezpłatną wycenę i dobierz idealne rozwiązanie ROLBEST pod swoje okna! Tel: 507 704 919. Komfort zaczyna się od dobrego wyboru - sprawdź, jak łatwo go osiągnąć.","<h1>Jak z pomocą ROLBEST dokonać metamorfozy w salonie podczas jesieni?</h1><h2>Jesień pełna wyzwań - z ROLBEST stawimy czoło każdemu wyzwaniu</h2><p>Jesień potrafi zaskoczyć - raz przytulna, raz pełna chłodnych podmuchów i szarugi. Znasz ten moment, gdy siedzisz na kanapie, a przez wielkie okno wpada już nie ciepłe słońce, tylko jesienny chłód? Komfort w salonie to nie tylko miękki koc i kubek herbaty, ale też… mądrze zaprojektowana architektura okienna. Dostępna jest cała gama produktów do okien - żaluzje drewniane, żaluzje aluminiowe, rolety materiałowe, rolety plisowane, shutters… Sprawdź, jak możesz mieć <strong>światło naturalne w domu</strong> i ciepło bez kompromisów.</p><h2>Nowoczesne podejście do projektowania wnętrz z wykorzystaniem rolet screen do okien</h2><p>Ostatnie lata to prawdziwa rewolucja w podejściu do projektowania wnętrz - liczy się nie tylko wygląd, ale przede wszystkim komfort życia przez cały rok. Coraz więcej osób, architektów i deweloperów zwraca uwagę na to, jak duże przeszklenia i nowoczesne materiały wpływają na <strong>komfort termiczny w mieszkaniu w zależności od pory roku</strong>. Jesień to szczególny czas - z jednej strony chcemy maksymalizować <strong>światło dzienne</strong>, które szybko znika za horyzontem, z drugiej - nie pozwolić, by przez okna uciekało ciepło. Nowe przepisy budowlane i trendy eko zachęcają do sięgania po <strong>energooszczędne rozwiązania okienne</strong>, które nie tylko chronią przed stratami ciepła, ale też pozwalają cieszyć się naturalnym światłem w domu. To nie detal, tylko kluczowy element Twojego codziennego komfortu. I tak na przykład okiennice drewniane nie tylko pomogą dzięki ruchomym drewnianym lamelom zapanować nad wpadającym światłem, ale również ograniczą straty ciepła. </p><h2>Typowe problemy z oknami</h2><p>Typowy scenariusz? Wielkie okno w salonie, piękny widok, mnóstwo światła… i niestety, zimą chłód tuż przy szybie, a jesienią trudno utrzymać odpowiednią temperaturę. Często w ferworze urządzania wnętrza zapominamy, jak ważna jest <strong>integracja okien z architekturą</strong> domu - wybieramy przypadkowe rolety, które albo całkiem odcinają światło, albo nie zabezpieczają przed chłodem. Zdarza się, że osłony okienne są zbyt ciężkie wizualnie i psują minimalistyczny charakter przestrzeni lub nie współgrają z ekologicznymi materiałami w projekcie. Błędy? Brak adaptacyjnych rozwiązań, które reagują na zmiany pogody i pory dnia; niedopasowanie systemów do potrzeb sezonowych; brak myślenia o energooszczędności już na etapie wyboru osłon. Efekt - wyższe rachunki, mniej przyjemne światło, a salon przestaje być ulubionym miejscem relaksu.</p><h2>Innowacyjne rozwiązania ROLBEST</h2><p>Tutaj wkraczają rozwiązania ROLBEST - zaprojektowane z myślą o nowoczesnych domach, gdzie liczy się zarówno design, jak i komfort. <strong>Rolety screen ROLBEST</strong> to prawdziwy game-changer na jesienne dni - dzięki zaawansowanym tkaninom z mikrowłókna działają jak filtr: wpuszczają <strong>światło naturalne w domu</strong>, ale zatrzymują chłód i wiatr. To <strong>minimalistyczne rozwiązanie okienne</strong>, które nie przytłacza przestrzeni i świetnie wpisuje się w każdy styl - od skandynawskiego po industrialny. Jeśli zależy Ci na maksymalizacji <strong>światła dziennego zimą</strong> i zachowaniu komfortu termicznego, rozważ też żaluzje fasadowe lub shuttersy ROLBEST. One pozwalają precyzyjnie regulować ilość światła i ciepła w zależności od pogody. Wyróżnia nas nie tylko design, ale też adaptacyjne systemy osłonowe z możliwością sterowania ręcznego lub automatycznego - idealnie integrują się z inteligentnym domem. Stawiamy na <strong>ekologiczne materiały w projektowaniu</strong> - nasze produkty są przyjazne środowisku i energooszczędne. To nie tylko moda, ale realna inwestycja w Twój komfort i niższe rachunki przez cały rok.</p><h2>Praktyczny poradnik od ROLBEST dla Twojego salonu</h2><h3>Wybierz odpowiednie osłony okienne</h3><p>Postaw na rolety screen lub żaluzje fasadowe - wybierz modele, które pozwalają na precyzyjną regulację światła i temperatury w salonie.</p><h3>Zainwestuj w automatyzację osłon okiennych</h3><p>Zainwestuj w systemy z automatycznym sterowaniem żaluzji drewnianych, rolet materiałowych, rolet plisowanych - rolety z czujnikami pogodowymi same reagują na zmiany światła i temperatury, dbając o komfort bez Twojej ingerencji.</p><h3>Integracja systemów do okien z architekturą</h3><p>Myśl o integracji okien z architekturą - duże przeszklenia? Połącz je z dyskretnymi, minimalistycznymi osłonami okiennymi, które nie zaburzą wizji architekta.</p><h3>Ekologiczne materiały</h3><p>Wybieraj ekologiczne materiały - rolety, żaluzje drewniane czy okiennice wewnętrzne ROLBEST są wykonane z surowców sprzyjających zrównoważonemu projektowaniu wnętrz.</p><h3>Konsultacje z ekspertem</h3><p>Nie bój się konsultacji - skorzystaj z bezpłatnej wyceny i doradztwa, by dopasować system do osłony okna pod swoje potrzeby i realia Twojego domu. </p><p>Chcesz zyskać więcej światła i ciepła w swoim domu tej jesieni? Zadzwoń po bezpłatną wycenę i dobierz idealne rozwiązanie ROLBEST pod swoje okna! Tel: <a href=""tel:507704919"">507 704 919</a>. Komfort zaczyna się od dobrego wyboru - sprawdź, jak łatwo go osiągnąć.</p>","Jesienny komfort termiczny i światło dzienne - czy wiesz, jak okna wpływają na Twój codzienny relaks? Dobrze dobrane rolety i żaluzje pozwolą Ci cieszyć się naturalnym światłem bez utraty ciepła. Nasze 20-letnie doświadczenie pokazuje, że inteligentne rozwiązania to klucz do przytulnego domu. Umów bezpłatną wycenę: 507 704 919. 🏠 ✨ 📞","Chłodny poranek, ciepły koc i ulubiony salon skąpany w dziennym świetle - to właśnie magia jesieni w domu z dużymi oknami. Dobrze zaprojektowana architektura okienna daje Ci nie tylko widoki, ale i komfort cieplny każdego dnia. A jak Twoje okna wpływają na codzienny relaks? Sprawdź więcej jesiennych inspiracji na blogu - link w bio. #rolety #żaluzje #shutters #wnętrza #dom #design #rolbest",https://drive.google.com/file/d/1HMuHClijh4bMWum3XoN1FaUonMew58Ly/view?usp=drivesdk,1HMuHClijh4bMWum3XoN1FaUonMew58Ly,Opublikowano,Do akceptacji,,,,
08-09-2025,Nowoczesny salon 2025 - ciepło i styl dzięki shuttersy i żaluzje drewniane ROLBEST,"<h1>Nowoczesny salon 2025 - ciepło i styl dzięki shuttersy i żaluzje drewniane ROLBEST</h1>

<strong>HOOK</strong>

Siedzisz w salonie, ale czegoś w nim brakuje? Może przytulności, światła albo tej nieuchwytnej atmosfery, która sprawia, że cała rodzina chce tu spędzać czas. Zbliża się jesień - czas, gdy salon staje się prawdziwym centrum domowego życia. Jak zaaranżować go tak, by był modny, ciepły i praktyczny, a jednocześnie niebanalny? Zobacz, co będzie rządzić w 2025 roku i jak wykorzystać potencjał shuttersy i żaluzje drewniane ROLBEST.

<strong>KONTEKST</strong>

Od kilku sezonów wnętrza idą w stronę naturalności, miękkich faktur i subtelnych, ciepłych barw. Rok 2025 zapowiada się pod znakiem przytulnych bieli, lnianych tekstyliów oraz drewna z wyrazistym usłojeniem. Coraz częściej inspirujemy się najlepszymi europejskimi projektami, gdzie salon to nie tylko miejsce spotkań, ale także azyl do wyciszenia. Odpowiednie osłony okienne - takie jak shuttersy czy żaluzje drewniane - mają ogromny wpływ na klimat i funkcjonalność przestrzeni. Zmienia się także rola okien i światła: nie tylko doświetla wnętrze, ale podkreśla tekstury, kolory i daje poczucie przestrzeni. Warto więc postawić na rozwiązania, które są nie tylko modne, ale też praktyczne i trwałe.

<strong>PROBLEM</strong>

Wielu właścicieli domów, planując odświeżenie salonu na jesień, skupia się głównie na meblach czy kolorach ścian. Tymczasem największym błędem jest bagatelizowanie roli światła i osłon okiennych. Zbyt ciemne, ciężkie zasłony ograniczają dopływ naturalnego światła, przez co wnętrze wydaje się smutne i ciasne. Z kolei brak osłony powoduje, że wieczory stają się nieprzytulne, a domownicy czują się jak ""na widoku"". Często wybierane są rozwiązania przypadkowe - rolety, które szybko się brudzą, czy żaluzje z nietrwałych materiałów, które nie pasują do reszty aranżacji. Efekt? Brak spójności, chaos i... frustracja, bo salon nie spełnia swojej roli. Jesień to czas, gdy światło staje się szczególnie cenne, a dobrze dobrane żaluzje, rolety czy shuttersy mogą kompletnie odmienić charakter wnętrza. Niestety, niewiele osób wie, jak dobrać je do nowoczesnych trendów i własnych potrzeb.

<strong>ROZWIĄZANIE ROLBEST</strong>

Właśnie tu wchodzą produkty ROLBEST, które od lat wyznaczają standardy stylu i jakości w polskich domach. <strong>Shuttersy</strong> - okiennice wewnętrzne - to absolutny hit nowoczesnych aranżacji. Nie tylko pięknie prezentują się w otoczeniu ciepłych bieli i lnianych zasłon, ale też dają pełną kontrolę nad światłem i prywatnością. Ich ponadczasowa elegancja świetnie współgra z drewnianymi podłogami, kamiennymi blatami czy naturalnymi tekstyliami. <strong>Żaluzje drewniane</strong> ROLBEST podkreślają strukturę drewna i ocieplają nawet minimalistyczne wnętrze. Możesz je dopasować kolorystycznie do mebli, a szeroka paleta wykończeń pozwala stworzyć spójną, designerską całość.

Odpowiednio dobrane <strong>osłony okienne</strong> to nie tylko kwestia stylu. To także komfort - w dzień masz pełnię światła, wieczorem - intymność i ochronę przed spojrzeniami z zewnątrz. Shuttersy są niezwykle trwałe, łatwe do czyszczenia i odporne na wilgoć - możesz stosować je nawet w miejscach narażonych na zabrudzenia, np. przy aneksie kuchennym. Żaluzje drewniane pozwalają subtelnie sterować światłem, a ich naturalne materiały doskonale współgrają z jesiennym klimatem. Z ROLBEST masz pewność, że wybierasz rozwiązania na lata - estetyczne, funkcjonalne i zgodne z najnowszymi trendami.

<strong>PORADNIK PRAKTYCZNY</strong>

<strong>H3: Shuttersy - jak je wybrać?</strong>
- Zwróć uwagę na kolorystykę - białe shuttersy pięknie rozświetlą wnętrze, drewniane dodadzą mu ciepła i charakteru.
- Wybierz model z szerokimi lamelami - wpuścisz więcej światła i podkreślisz nowoczesny styl.
- Pamiętaj o jakości - solidne materiały i precyzja wykonania gwarantują lata bezproblemowego użytkowania.

<strong>H3: Żaluzje drewniane - z czym je łączyć?</strong>
- Łącz żaluzje drewniane z lnianymi zasłonami lub roletami rzymskimi - taki miks to hit jesieni 2025.
- Dobierz szerokość lameli do wielkości okna - w dużych salonach świetnie wyglądają szerokie listwy.
- Postaw na naturalne wykończenia, które współgrają z innymi drewnianymi elementami w salonie.

<strong>H3: Rolety pilsowane (plisy) - kiedy warto?</strong>
- Jeśli masz okna o niestandardowych kształtach lub potrzebujesz precyzyjnej regulacji światła, rolety pilsowane (plisy) sprawdzą się idealnie.
- Świetnie wyglądają w zestawieniu z shuttersami, tworząc nowoczesną, wielowarstwową kompozycję.

<strong>CTA</strong>

Chcesz, żeby Twój salon był nie tylko piękny, ale też wygodny i zgodny z najnowszymi trendami? Skorzystaj z bezpłatnej wyceny i przekonaj się, jak shuttersy i żaluzje drewniane ROLBEST mogą odmienić Twoją przestrzeń. Zadzwoń już teraz - Bezpłatna wycena - tel: 507 704 919.","<h2>Stylowy salon na jesień</h2><p>Siedzisz w salonie, ale czegoś w nim brakuje? Może przytulności, światła albo tej nieuchwytnej atmosfery, która sprawia, że cała rodzina chce tu spędzać czas. Zbliża się jesień - czas, gdy salon staje się prawdziwym centrum domowego życia. Jak zaaranżować go tak, by był modny, ciepły i praktyczny, a jednocześnie niebanalny? Zobacz, co będzie rządzić w 2025 roku i jak wykorzystać potencjał <strong>shuttersy</strong> i <strong>żaluzje drewniane</strong> ROLBEST.</p><h2>Kierunek naturalności</h2><p>Od kilku sezonów wnętrza idą w stronę naturalności, miękkich faktur i subtelnych, ciepłych barw. Rok 2025 zapowiada się pod znakiem przytulnych bieli, lnianych tekstyliów oraz drewna z wyrazistym usłojeniem. Coraz częściej inspirujemy się najlepszymi europejskimi projektami, gdzie salon to nie tylko miejsce spotkań, ale także azyl do wyciszenia. Odpowiednie <strong>osłony okienne</strong> - takie jak <strong>shuttersy</strong> czy <strong>żaluzje drewniane</strong> - mają ogromny wpływ na klimat i funkcjonalność przestrzeni. Zmienia się także rola okien i światła: nie tylko doświetla wnętrze, ale podkreśla tekstury, kolory i daje poczucie przestrzeni. Warto więc postawić na rozwiązania, które są nie tylko modne, ale też praktyczne i trwałe.</p><h2>Problem z aranżacją</h2><p>Wielu właścicieli domów, planując odświeżenie salonu na jesień, skupia się głównie na meblach czy kolorach ścian. Tymczasem największym błędem jest bagatelizowanie roli światła i <strong>osłon okiennych</strong>. Zbyt ciemne, ciężkie zasłony ograniczają dopływ naturalnego światła, przez co wnętrze wydaje się smutne i ciasne. Z kolei brak osłony powoduje, że wieczory stają się nieprzytulne, a domownicy czują się jak ""na widoku"". Często wybierane są rozwiązania przypadkowe - <strong>rolety</strong>, które szybko się brudzą, czy <strong>żaluzje</strong> z nietrwałych materiałów, które nie pasują do reszty aranżacji. Efekt? Brak spójności, chaos i... frustracja, bo salon nie spełnia swojej roli. Jesień to czas, gdy światło staje się szczególnie cenne, a dobrze dobrane <strong>żaluzje</strong>, <strong>rolety</strong> czy <strong>shuttersy</strong> mogą kompletnie odmienić charakter wnętrza. Niestety, niewiele osób wie, jak dobrać je do nowoczesnych trendów i własnych potrzeb.</p>[IMG2]<h2>Rozwiązanie ROLBEST</h2><p>Właśnie tu wchodzą produkty ROLBEST, które od lat wyznaczają standardy stylu i jakości w polskich domach. <strong>Shuttersy</strong> - okiennice wewnętrzne - to absolutny hit nowoczesnych aranżacji. Nie tylko pięknie prezentują się w otoczeniu ciepłych bieli i lnianych zasłon, ale też dają pełną kontrolę nad światłem i prywatnością. Ich ponadczasowa elegancja świetnie współgra z drewnianymi podłogami, kamiennymi blatami czy naturalnymi tekstyliami. <strong>Żaluzje drewniane</strong> ROLBEST podkreślają strukturę drewna i ocieplają nawet minimalistyczne wnętrze. Możesz je dopasować kolorystycznie do mebli, a szeroka paleta wykończeń pozwala stworzyć spójną, designerską całość.</p><p>Odpowiednio dobrane <strong>osłony okienne</strong> to nie tylko kwestia stylu. To także komfort - w dzień masz pełnię światła, wieczorem - intymność i ochronę przed spojrzeniami z zewnątrz. <strong>Shuttersy</strong> są niezwykle trwałe, łatwe do czyszczenia i odporne na wilgoć - możesz stosować je nawet w miejscach narażonych na zabrudzenia, np. przy aneksie kuchennym. <strong>Żaluzje drewniane</strong> pozwalają subtelnie sterować światłem, a ich naturalne materiały doskonale współgrają z jesiennym klimatem. Z ROLBEST masz pewność, że wybierasz rozwiązania na lata - estetyczne, funkcjonalne i zgodne z najnowszymi trendami.</p><h2>Poradnik praktyczny</h2><h3>Shuttersy - jak je wybrać?</h3><ul><li><strong>Kolorystyka</strong> - białe <strong>shuttersy</strong> pięknie rozświetlą wnętrze, drewniane dodadzą mu ciepła i charakteru.</li><li><strong>Model z szerokimi lamelami</strong> - wpuścisz więcej światła i podkreślisz nowoczesny styl.</li><li><strong>Jakość</strong> - solidne materiały i precyzja wykonania gwarantują lata bezproblemowego użytkowania.</li></ul><h3>Żaluzje drewniane - z czym je łączyć?</h3><ul><li><strong>Łączenie z lnianymi zasłonami</strong> lub <strong>roletami rzymskimi</strong> - taki miks to hit jesieni 2025.</li><li><strong>Dobór szerokości lameli</strong> do wielkości okna - w dużych salonach świetnie wyglądają szerokie listwy.</li><li><strong>Naturalne wykończenia</strong> - które współgrają z innymi drewnianymi elementami w salonie.</li></ul><h3>Rolety pilsowane (plisy) - kiedy warto?</h3><ul><li><strong>Okna o niestandardowych kształtach</strong> - lub potrzebujesz precyzyjnej regulacji światła, rolety pilsowane (plisy) sprawdzą się idealnie.</li><li><strong>Nowoczesna kompozycja</strong> - świetnie wyglądają w zestawieniu z <strong>shuttersami</strong>, tworząc nowoczesną, wielowarstwową kompozycję.</li></ul>[IMG3]<p>Umów bezpłatną wycenę: <a href=""tel:507704919"">507 704 919</a></p>","Nowoczesny salon 2025: Ciepłe biele, naturalne lny i tekstury - jak urządzić centrum rodzinnego życia tej jesieni? Odpowiednio dobrane shuttersy i żaluzje drewniane rozświetlą Twój salon i wprowadzą przytulność, którą pokochasz na lata. Nasze 20-letnie doświadczenie pokazuje, że warto postawić na sprawdzone rozwiązania. Umów bezpłatną wycenę: 507 704 919 🏠✨📞","Poranna kawa w salonie wypełnionym ciepłym światłem i naturalnymi teksturami - czy może być lepszy sposób na jesienne poranki? Precyzyjna kontrola światła dzięki shuttersom i żaluzjom drewnianym ROLBEST zmienia atmosferę, dodając przytulności i elegancji Twojemu centrum rodzinnego życia. A Ty - jak chciałbyś poczuć jesień w swoim domu? Zajrzyj na bloga po więcej inspiracji - link w bio. #rolbest #żaluzje #shutters #wnętrza #dom #inspiracje #design",https://drive.google.com/file/d/1XjyvZ5pf9qsqYpECK52799UjtJFAEW6s/view?usp=drivesdk,1ZUxmlYVGLoWTWqO6a9KvI6_WUBCGpFxo,Do akceptacji,Do akceptacji,https://drive.google.com/file/d/1XjyvZ5pf9qsqYpECK52799UjtJFAEW6s/view?usp=drivesdk,1XjyvZ5pf9qsqYpECK52799UjtJFAEW6s,https://drive.google.com/file/d/1XCYRSgHuaAqZJYx4w9rn5Ig83YuYRMLb/view?usp=drivesdk,1XCYRSgHuaAqZJYx4w9rn5Ig83YuYRMLb
08-09-2025,"Industrialna kuchnia z jadalnią - światło, ergonomia i styl, czyli żaluzje fasadowe ROLBEST","<h1>Industrialna kuchnia z jadalnią - światło, ergonomia i styl dzięki żaluzje fasadowe i żaluzje drewniane ROLBEST</h1>

<strong>HOOK</strong>

Wyobraź sobie: jesienny poranek, aromatyczna kawa w ręku i ciepłe, naturalne światło wpadające przez charakterystyczne, industrialne okna Twojej kuchni. Brzmi jak marzenie? Niestety, nie zawsze tak jest. Właściciele domów często narzekają, że mimo dużych przeszkleń w kuchni bywa zbyt ciemno, surowo lub... po prostu niepraktycznie. Jak więc połączyć industrialny look z komfortem i światłem dziennym?

<strong>KONTEKST</strong>

Jesień to czas, gdy kuchnia i jadalnia stają się sercem domu. Coraz częściej szukamy rozwiązań, które nie tylko wpisują się w nowoczesne trendy (minimalizm, czerń, biel, naturalne drewno), ale też realnie poprawiają komfort codziennego życia. Industrialne wnętrza zyskują na popularności - zachwycają surowością, ale i... potrafią przytłoczyć. Kluczem jest światło, ergonomia i przemyślana aranżacja okien. To właśnie tu pojawia się pytanie: jak wykorzystać duże przeszklenia, by nie stracić na funkcjonalności i przytulności? W 2025 roku architekci stawiają na naturalne światło i inteligentne osłony okienne - a ja pokażę Ci, jak zrobić to dobrze, nie tracąc industrialnego sznytu.

<strong>PROBLEM</strong>

Największym wyzwaniem w kuchni industrialnej jest balans między estetyką a codziennym komfortem. Duże okna w czarnych ramach wyglądają spektakularnie, ale potrafią wychładzać wnętrze, dawać zbyt ostre światło lub... odsłaniać nasz dom na spojrzenia sąsiadów. Zbyt często widzę, że klienci wybierają przypadkowe rolety lub tanie żaluzje, które kompletnie nie pasują do stylu i psują efekt ""wow"". Typowe błędy? Zbyt ciężkie zasłony, które tłumią światło i zamykają przestrzeń. Albo całkowity brak osłon - przez co kuchnia staje się nieprzyjemnie zimna i mało intymna. No i jeszcze kwestia ergonomii: źle dobrane osłony przeszkadzają w otwieraniu okien, utrudniają sprzątanie lub po prostu źle wyglądają po kilku miesiącach. Industrialna kuchnia to nie tylko design - to także wygoda, funkcjonalność i poczucie, że wszystko do siebie pasuje.

<strong>ROZWIĄZANIE ROLBEST</strong>

Jeśli chcesz połączyć industrialny charakter z funkcjonalnością, postaw na żaluzje fasadowe ROLBEST lub żaluzje drewniane ROLBEST. To duet, który pokochasz od pierwszego użycia. <br><br>
<strong>Żaluzje fasadowe ROLBEST</strong> to rozwiązanie dla dużych przeszkleń - pozwalają precyzyjnie sterować ilością światła, chroniąc przed nadmiernym nagrzewaniem się kuchni jesienią (i latem!). Ich minimalistyczny, nowoczesny design idealnie współgra z czarnymi ramami okien, a trwałe aluminium gwarantuje bezproblemowe użytkowanie przez lata. Możesz płynnie regulować światło - od pełnej prywatności po spektakularny widok na ogród. <br><br>
<strong>Żaluzje drewniane ROLBEST</strong> to propozycja dla tych, którzy chcą ocieplić industrialną kuchnię i dodać jej szczyptę przytulności bez rezygnowania z nowoczesności. Naturalne drewno pięknie komponuje się z bielą ścian i surowością czarnego metalu, a szerokie lamele dają świetną kontrolę nad światłem i cieniem. Obie opcje są łatwe w utrzymaniu czystości, nie blokują otwierania okien i można je wykonać na wymiar - dokładnie pod Twoje okno i styl. <br><br>
Co jeszcze? Dzięki ROLBEST masz pewność, że osłony okienne nie tylko będą wyglądały designersko, ale też ułatwią codzienność - od gotowania po rodzinne spotkania przy stole.

<strong>PORADNIK PRAKTYCZNY</strong>

<strong>1. Zwróć uwagę na układ okien i światło</strong><br>
Zanim wybierzesz osłony okienne, przeanalizuj, jak światło wpada do Twojej kuchni w różnych porach dnia. Jeśli okna wychodzą na południe lub zachód - postaw na żaluzje fasadowe ROLBEST, które świetnie radzą sobie z ostrym światłem i nagrzewaniem wnętrza.

<strong>2. Łącz materiały i kolory</strong><br>
Nie bój się kontrastów! Żaluzje drewniane ROLBEST w ciepłym odcieniu drewna doskonale zbalansują chłód bieli i czerni, a żaluzje fasadowe ROLBEST podbiją industrialny klimat. Dzięki temu kuchnia będzie nie tylko stylowa, ale i przytulna.

<strong>3. Postaw na ergonomię</strong><br>
Wybieraj takie rozwiązania, które nie utrudnią codziennego użytkowania kuchni. Żaluzje fasadowe i żaluzje drewniane ROLBEST możesz wygodnie otwierać i czyścić, a ich montaż nie koliduje z otwieraniem okien czy drzwi balkonowych.

<strong>4. Zadbaj o spójność z resztą domu</strong><br>
Industrialna kuchnia często łączy się z otwartą jadalnią lub salonem. Wybierz osłony okienne, które będą współgrały z innymi pomieszczeniami - np. powtórz żaluzje drewniane w salonie lub zastosuj żaluzje fasadowe także w innych dużych przeszkleniach.

<strong>CTA</strong>

Chcesz, by Twoja industrialna kuchnia była nie tylko piękna, ale i praktyczna? Postaw na żaluzje fasadowe lub żaluzje drewniane ROLBEST i ciesz się światłem, komfortem i stylem przez cały rok. Zamów bezpłatną wycenę - tel: 507 704 919!","<h2>Światło i ergonomia w kuchni</h2><p>Wyobraź sobie: jesienny poranek, aromatyczna kawa w ręku i ciepłe, naturalne światło wpadające przez charakterystyczne, industrialne okna Twojej kuchni. Brzmi jak marzenie? Niestety, nie zawsze tak jest. Właściciele domów często narzekają, że mimo dużych przeszkleń w kuchni bywa zbyt ciemno, surowo lub... po prostu niepraktycznie. Jak więc połączyć industrialny look z komfortem i światłem dziennym?</p><h2>Kuchnia jako serce domu czyli jak ważne są systemy osłonowe</h2><p>Jesień to czas, gdy kuchnia i jadalnia stają się centrum dowodzenia domu. Coraz częściej szukamy rozwiązań, które nie tylko wpisują się w nowoczesne trendy (minimalizm, czerń, biel, naturalne drewno), ale też realnie poprawiają komfort codziennego życia. Industrialne wnętrza zyskują na popularności - zachwycają surowością, ale i... potrafią przytłoczyć. Kluczem jest światło, ergonomia i przemyślana aranżacja okien. To właśnie tu pojawia się pytanie: jak wykorzystać duże przeszklenia, by nie stracić na funkcjonalności i przytulności? W 2025 roku architekci stawiają na naturalne światło i inteligentne osłony okienne - a my pokażemy Ci, jak zrobić to dobrze, nie tracąc industrialnego sznytu.</p><h2>Problem z industrialnym stylem</h2><p>Największym wyzwaniem w kuchni industrialnej jest balans między estetyką a codziennym komfortem. Duże okna w czarnych ramach wyglądają spektakularnie, ale potrafią wychładzać wnętrze, dawać zbyt ostre światło lub... odsłaniać nasz dom na spojrzenia sąsiadów. Zbyt często widzimy, że klienci wybierają przypadkowe <strong>rolety</strong> lub <strong>żaluzje drewniane</strong>, które kompletnie nie pasują do stylu i psują efekt ""wow"". Typowe błędy? Zbyt ciężkie zasłony, które tłumią światło i zamykają przestrzeń. Albo całkowity brak osłon - przez co kuchnia staje się nieprzyjemnie zimna i mało intymna. No i jeszcze kwestia ergonomii: źle dobrane osłony przeszkadzają w otwieraniu okien, utrudniają sprzątanie lub po prostu źle wyglądają po kilku miesiącach. Industrialna kuchnia to nie tylko design - to także wygoda, funkcjonalność i poczucie, że wszystko do siebie pasuje.</p>[IMG2]<h2>Rozwiązanie ROLBEST</h2><p>Jeśli chcesz połączyć industrialny charakter z funkcjonalnością, postaw na <strong>żaluzje fasadowe</strong> ROLBEST lub <strong>żaluzje drewniane</strong> ROLBEST. To duet, który pokochasz od pierwszego użycia.</p><p><strong>Żaluzje fasadowe</strong> ROLBEST to rozwiązanie dla dużych przeszkleń - pozwalają precyzyjnie sterować ilością światła, chroniąc przed nadmiernym nagrzewaniem się kuchni jesienią (i latem!). Ich minimalistyczny, nowoczesny design idealnie współgra z czarnymi ramami okien, a trwałe aluminium gwarantuje bezproblemowe użytkowanie przez lata. Możesz płynnie regulować światło - od pełnej prywatności po spektakularny widok na ogród.</p><p><strong>Wewnątrz możemy zainstalować żaluzje drewniane</strong> lub okiennice drewniane shutters - to propozycja dla tych, którzy chcą ocieplić industrialną kuchnię i dodać jej szczyptę przytulności bez rezygnowania z nowoczesności. Naturalne drewno pięknie komponuje się z bielą ścian i surowością czarnego metalu, a szerokie lamele dają świetną kontrolę nad światłem i cieniem. Obie opcje są łatwe w utrzymaniu czystości, nie blokują otwierania okien i można je wykonać na wymiar - dokładnie pod Twoje okno i styl. Co jeszcze? Dzięki ROLBEST masz pewność, że osłony okienne nie tylko będą wyglądały designersko, ale też ułatwią codzienność - od gotowania po rodzinne spotkania przy stole.</p><h2>Poradnik praktyczny od ROLBEST</h2><h3>Zwróć uwagę na układ okien</h3><p>Zanim wybierzesz osłony okienne, przeanalizuj, jak światło wpada do Twojej kuchni w różnych porach dnia. Jeśli okna wychodzą na południe lub zachód - postaw na <strong>żaluzje fasadowe</strong> ROLBEST, które świetnie radzą sobie z ostrym światłem i nagrzewaniem wnętrza.</p><h3>Łącz materiały i kolory</h3><p>Nie bój się kontrastów! <strong>Żaluzje drewniane</strong> ROLBEST w ciepłym odcieniu drewna doskonale zbalansują chłód bieli i czerni, a <strong>żaluzje fasadowe</strong> ROLBEST podbiją industrialny klimat. Dzięki temu kuchnia będzie nie tylko stylowa, ale i przytulna.</p><h3>Postaw na ergonomię</h3><p>Wybieraj takie rozwiązania, które nie utrudnią codziennego użytkowania kuchni. <strong>Żaluzje fasadowe</strong> i <strong>żaluzje drewniane</strong> ROLBEST możesz wygodnie otwierać i czyścić, a ich montaż nie koliduje z otwieraniem okien czy drzwi balkonowych.</p><h3>Zadbaj o spójność z resztą domu</h3><p>Industrialna kuchnia często łączy się z otwartą jadalnią lub salonem. Wybierz osłony okienne, które będą współgrały z innymi pomieszczeniami - np. powtórz <strong>żaluzje drewniane</strong> w salonie lub zastosuj <strong>żaluzje fasadowe</strong> także w innych dużych przeszkleniach.</p>[IMG3]<p>Umów bezpłatną wycenę: <a href=""tel:507704919"">507 704 919</a></p>","Industrialna kuchnia z jadalnią - światło, ergonomia i styl dzięki żaluzje fasadowe i żaluzje drewniane ROLBEST - brzmi jak recepta na dom idealny, prawda? Prostym sposobem na zachowanie przytulności i kontrolę światła są nasze dopasowane osłony okienne. Nasze 20-letnie doświadczenie pokazuje, że to detal zmieniający całą przestrzeń. Umów bezpłatną wycenę: 507 704 919! 🏠 ✨ 📞","Poranna kawa w industrialnej kuchni zalanej ciepłym, naturalnym światłem - brzmi jak spełnienie marzeń! Precyzyjna kontrola światła i ergonomia żaluzji ROLBEST tworzą przestrzeń, w której codzienność zyskuje styl i komfort. Czym dla Ciebie jest idealna kuchnia? Po więcej inspiracji zajrzyj na nasz blog - link w bio. #żaluzje #rolbest #wnętrza #design #dom #okna #inspiracje",https://drive.google.com/file/d/1zjp1QZWdpQp24zQWzT5CIgFu_2UJTXFu/view?usp=drivesdk,1zjp1QZWdpQp24zQWzT5CIgFu_2UJTXFu,Do akceptacji,Do akceptacji,https://drive.google.com/file/d/1G_wQMgE_TUeZHcQ8b7Bm2ae9QBMTKgOk/view?usp=drivesdk,1G_wQMgE_TUeZHcQ8b7Bm2ae9QBMTKgOk,https://drive.google.com/file/d/174-uk8T0qMdTQzYm3j7MZFwzHVVDfvNW/view?usp=drivesdk,174-uk8T0qMdTQzYm3j7MZFwzHVVDfvNW
09-09-2025,"Industrialna kuchnia z jadalnią - światło, ergonomia i styl, czyli żaluzje fasadowe ROLBEST","<h1>Industrialna kuchnia z jadalnią - światło, ergonomia i styl dzięki żaluzje fasadowe i żaluzje drewniane ROLBEST</h1>

<strong>HOOK</strong>

Wyobraź sobie: jesienny poranek, aromatyczna kawa w ręku i ciepłe, naturalne światło wpadające przez charakterystyczne, industrialne okna Twojej kuchni. Brzmi jak marzenie? Niestety, nie zawsze tak jest. Właściciele domów często narzekają, że mimo dużych przeszkleń w kuchni bywa zbyt ciemno, surowo lub... po prostu niepraktycznie. Jak więc połączyć industrialny look z komfortem i światłem dziennym?

<strong>KONTEKST</strong>

Jesień to czas, gdy kuchnia i jadalnia stają się sercem domu. Coraz częściej szukamy rozwiązań, które nie tylko wpisują się w nowoczesne trendy (minimalizm, czerń, biel, naturalne drewno), ale też realnie poprawiają komfort codziennego życia. Industrialne wnętrza zyskują na popularności - zachwycają surowością, ale i... potrafią przytłoczyć. Kluczem jest światło, ergonomia i przemyślana aranżacja okien. To właśnie tu pojawia się pytanie: jak wykorzystać duże przeszklenia, by nie stracić na funkcjonalności i przytulności? W 2025 roku architekci stawiają na naturalne światło i inteligentne osłony okienne - a ja pokażę Ci, jak zrobić to dobrze, nie tracąc industrialnego sznytu.

<strong>PROBLEM</strong>

Największym wyzwaniem w kuchni industrialnej jest balans między estetyką a codziennym komfortem. Duże okna w czarnych ramach wyglądają spektakularnie, ale potrafią wychładzać wnętrze, dawać zbyt ostre światło lub... odsłaniać nasz dom na spojrzenia sąsiadów. Zbyt często widzę, że klienci wybierają przypadkowe rolety lub tanie żaluzje, które kompletnie nie pasują do stylu i psują efekt ""wow"". Typowe błędy? Zbyt ciężkie zasłony, które tłumią światło i zamykają przestrzeń. Albo całkowity brak osłon - przez co kuchnia staje się nieprzyjemnie zimna i mało intymna. No i jeszcze kwestia ergonomii: źle dobrane osłony przeszkadzają w otwieraniu okien, utrudniają sprzątanie lub po prostu źle wyglądają po kilku miesiącach. Industrialna kuchnia to nie tylko design - to także wygoda, funkcjonalność i poczucie, że wszystko do siebie pasuje.

<strong>ROZWIĄZANIE ROLBEST</strong>

Jeśli chcesz połączyć industrialny charakter z funkcjonalnością, postaw na żaluzje fasadowe ROLBEST lub żaluzje drewniane ROLBEST. To duet, który pokochasz od pierwszego użycia. <br><br>
<strong>Żaluzje fasadowe ROLBEST</strong> to rozwiązanie dla dużych przeszkleń - pozwalają precyzyjnie sterować ilością światła, chroniąc przed nadmiernym nagrzewaniem się kuchni jesienią (i latem!). Ich minimalistyczny, nowoczesny design idealnie współgra z czarnymi ramami okien, a trwałe aluminium gwarantuje bezproblemowe użytkowanie przez lata. Możesz płynnie regulować światło - od pełnej prywatności po spektakularny widok na ogród. <br><br>
<strong>Żaluzje drewniane ROLBEST</strong> to propozycja dla tych, którzy chcą ocieplić industrialną kuchnię i dodać jej szczyptę przytulności bez rezygnowania z nowoczesności. Naturalne drewno pięknie komponuje się z bielą ścian i surowością czarnego metalu, a szerokie lamele dają świetną kontrolę nad światłem i cieniem. Obie opcje są łatwe w utrzymaniu czystości, nie blokują otwierania okien i można je wykonać na wymiar - dokładnie pod Twoje okno i styl. <br><br>
Co jeszcze? Dzięki ROLBEST masz pewność, że osłony okienne nie tylko będą wyglądały designersko, ale też ułatwią codzienność - od gotowania po rodzinne spotkania przy stole.

<strong>PORADNIK PRAKTYCZNY</strong>

<strong>1. Zwróć uwagę na układ okien i światło</strong><br>
Zanim wybierzesz osłony okienne, przeanalizuj, jak światło wpada do Twojej kuchni w różnych porach dnia. Jeśli okna wychodzą na południe lub zachód - postaw na żaluzje fasadowe ROLBEST, które świetnie radzą sobie z ostrym światłem i nagrzewaniem wnętrza.

<strong>2. Łącz materiały i kolory</strong><br>
Nie bój się kontrastów! Żaluzje drewniane ROLBEST w ciepłym odcieniu drewna doskonale zbalansują chłód bieli i czerni, a żaluzje fasadowe ROLBEST podbiją industrialny klimat. Dzięki temu kuchnia będzie nie tylko stylowa, ale i przytulna.

<strong>3. Postaw na ergonomię</strong><br>
Wybieraj takie rozwiązania, które nie utrudnią codziennego użytkowania kuchni. Żaluzje fasadowe i żaluzje drewniane ROLBEST możesz wygodnie otwierać i czyścić, a ich montaż nie koliduje z otwieraniem okien czy drzwi balkonowych.

<strong>4. Zadbaj o spójność z resztą domu</strong><br>
Industrialna kuchnia często łączy się z otwartą jadalnią lub salonem. Wybierz osłony okienne, które będą współgrały z innymi pomieszczeniami - np. powtórz żaluzje drewniane w salonie lub zastosuj żaluzje fasadowe także w innych dużych przeszkleniach.

<strong>CTA</strong>

Chcesz, by Twoja industrialna kuchnia była nie tylko piękna, ale i praktyczna? Postaw na żaluzje fasadowe lub żaluzje drewniane ROLBEST i ciesz się światłem, komfortem i stylem przez cały rok. Zamów bezpłatną wycenę - tel: 507 704 919!","<h2>Światło i ergonomia w kuchni</h2><p>Wyobraź sobie: jesienny poranek, aromatyczna kawa w ręku i ciepłe, naturalne światło wpadające przez charakterystyczne, industrialne okna Twojej kuchni. Brzmi jak marzenie? Niestety, nie zawsze tak jest. Właściciele domów często narzekają, że mimo dużych przeszkleń w kuchni bywa zbyt ciemno, surowo lub... po prostu niepraktycznie. Jak więc połączyć industrialny look z komfortem i światłem dziennym?</p><h2>Kuchnia jako serce domu z wykorzystaniem osłon okiennych ROLBEST</h2><p>Jesień to czas, gdy kuchnia i jadalnia stają się sercem domu. Coraz częściej szukamy rozwiązań, które nie tylko wpisują się w nowoczesne trendy (minimalizm, czerń, biel, naturalne drewno), ale też realnie poprawiają komfort codziennego życia. Industrialne wnętrza zyskują na popularności - zachwycają surowością, ale i... potrafią przytłoczyć. Kluczem jest światło, ergonomia i przemyślana aranżacja okien. To właśnie tu pojawia się pytanie: jak wykorzystać duże przeszklenia, by nie stracić na funkcjonalności i przytulności? W 2025 roku architekci stawiają na naturalne światło i inteligentne osłony okienne - a ja pokażemy Ci, jak zrobić to dobrze, nie tracąc industrialnego sznytu.</p><h2>Problem z industrialnym stylem</h2><p>Największym wyzwaniem w kuchni industrialnej jest balans między estetyką a codziennym komfortem. Duże okna w czarnych ramach wyglądają spektakularnie, ale potrafią wychładzać wnętrze, dawać zbyt ostre światło lub... odsłaniać nasz dom na spojrzenia sąsiadów. Zbyt często widzimy, że klienci wybierają przypadkowe <strong>rolety</strong> lub <strong>żaluzje</strong>, które kompletnie nie pasują do stylu i psują efekt ""wow"". Typowe błędy? Zbyt ciężkie zasłony, które tłumią światło i zamykają przestrzeń. Albo całkowity brak osłon - przez co kuchnia staje się nieprzyjemnie zimna i mało intymna. I jeszcze kwestia ergonomii: źle dobrane osłony przeszkadzają w otwieraniu okien, utrudniają sprzątanie lub po prostu źle wyglądają po kilku miesiącach. Industrialna kuchnia to nie tylko design - to także wygoda, funkcjonalność i poczucie, że wszystko do siebie pasuje.</p>[IMG2]<h2>Rozwiązanie ROLBEST</h2><p>Jeśli chcesz połączyć industrialny charakter z funkcjonalnością, postaw na <strong>żaluzje fasadowe</strong> ROLBEST lub <strong>żaluzje drewniane</strong> ROLBEST. To duet, który pokochasz od pierwszego użycia.</p><p><strong>Żaluzje fasadowe</strong> ROLBEST to rozwiązanie dla dużych przeszkleń - pozwalają precyzyjnie sterować ilością światła, chroniąc przed nadmiernym nagrzewaniem się kuchni jesienią (i latem!). Ich minimalistyczny, nowoczesny design idealnie współgra z czarnymi ramami okien, a trwałe aluminium gwarantuje bezproblemowe użytkowanie przez lata. Możesz płynnie regulować światło - od pełnej prywatności po spektakularny widok na ogród.</p><p><strong>Wewndrewniane</strong> ROLBEST to propozycja dla tych, którzy chcą ocieplić industrialną kuchnię i dodać jej szczyptę przytulności bez rezygnowania z nowoczesności. Naturalne drewno pięknie komponuje się z bielą ścian i surowością czarnego metalu, a szerokie lamele dają świetną kontrolę nad światłem i cieniem. Obie opcje są łatwe w utrzymaniu czystości, nie blokują otwierania okien i można je wykonać na wymiar - dokładnie pod Twoje okno i styl. Co jeszcze? Dzięki ROLBEST masz pewność, że osłony okienne nie tylko będą wyglądały designersko, ale też ułatwią codzienność - od gotowania po rodzinne spotkania przy stole.</p><h2>Poradnik praktyczny</h2><h3>Zwróć uwagę na układ okien</h3><p>Zanim wybierzesz osłony okienne, przeanalizuj, jak światło wpada do Twojej kuchni w różnych porach dnia. Jeśli okna wychodzą na południe lub zachód - postaw na <strong>żaluzje fasadowe</strong> ROLBEST, które świetnie radzą sobie z ostrym światłem i nagrzewaniem wnętrza.</p><h3>Łącz materiały i kolory</h3><p>Nie bój się kontrastów! <strong>Żaluzje drewniane</strong> ROLBEST w ciepłym odcieniu drewna doskonale zbalansują chłód bieli i czerni, a <strong>żaluzje fasadowe</strong> ROLBEST podbiją industrialny klimat. Dzięki temu kuchnia będzie nie tylko stylowa, ale i przytulna.</p><h3>Postaw na ergonomię</h3><p>Wybieraj takie rozwiązania, które nie utrudnią codziennego użytkowania kuchni. <strong>Żaluzje fasadowe</strong> i <strong>żaluzje drewniane</strong> ROLBEST możesz wygodnie otwierać i czyścić, a ich montaż nie koliduje z otwieraniem okien czy drzwi balkonowych.</p><h3>Zadbaj o spójność z resztą domu</h3><p>Industrialna kuchnia często łączy się z otwartą jadalnią lub salonem. Wybierz osłony okienne, które będą współgrały z innymi pomieszczeniami - np. powtórz <strong>żaluzje drewniane</strong> w salonie lub zastosuj <strong>żaluzje fasadowe</strong> także w innych dużych przeszkleniach.</p>[IMG3]<p>Umów bezpłatną wycenę: <a href=""tel:507704919"">507 704 919</a></p>","Industrialna kuchnia z jadalnią - światło, ergonomia i styl dzięki żaluzje fasadowe i żaluzje drewniane ROLBEST - brzmi jak recepta na dom idealny, prawda? Prostym sposobem na zachowanie przytulności i kontrolę światła są nasze dopasowane osłony okienne. Nasze 20-letnie doświadczenie pokazuje, że to detal zmieniający całą przestrzeń. Umów bezpłatną wycenę: 507 704 919! 🏠 ✨ 📞","Poranna kawa w industrialnej kuchni zalanej ciepłym, naturalnym światłem - brzmi jak spełnienie marzeń! Precyzyjna kontrola światła i ergonomia żaluzji ROLBEST tworzą przestrzeń, w której codzienność zyskuje styl i komfort. Czym dla Ciebie jest idealna kuchnia? Po więcej inspiracji zajrzyj na nasz blog - link w bio. #żaluzje #rolbest #wnętrza #design #dom #okna #inspiracje",https://drive.google.com/file/d/1ipGkTCaG9Br643juUFjk-XWE2-Ri2jWf/view?usp=drivesdk,1ipGkTCaG9Br643juUFjk-XWE2-Ri2jWf,Opublikowano,Do akceptacji,https://drive.google.com/file/d/1kLpQn90GnCY8ssu_pWkjd61SJrVXBWWz/view?usp=drivesdk,1kLpQn90GnCY8ssu_pWkjd61SJrVXBWWz,https://drive.google.com/file/d/1ytCKGrLyTgjstPAgccnzolMvdkkmJzbE/view?usp=drivesdk,1ytCKGrLyTgjstPAgccnzolMvdkkmJzbE
10-09-2025,"Jesienna sypialnia - ciepło i styl, czyli żaluzje drewniane, rolety rzymskie i shuttersy ROLBEST","<h1>Jesienna sypialnia - ciepło i styl dzięki żaluzje drewniane, rolety rzymskie i shuttersy</h1>

<strong>HOOK - Sypialnia w nowym wydaniu?</strong>

Wyobraź sobie jesienny wieczór - światło za oknem gaśnie szybciej, a Ty marzysz o sypialni, w której naprawdę odpoczniesz po całym dniu. Ale coś nie gra: światło jest zbyt ostre albo zupełnie go brak, a aranżacja nie daje Ci poczucia spokoju. Chcesz odmienić wnętrze, ale nie wiesz, od czego zacząć? Sprawdź, jak styl boho i odpowiednie osłony okienne zmienią Twoją sypialnię w oazę relaksu!

<strong>KONTEKST - Dlaczego teraz warto postawić na styl boho i dobre rolety?</strong>

Jesień 2024 i nadchodzący sezon 2025 to czas, kiedy do wnętrz wchodzi głęboka zieleń, ciepłe tekstury i powrót do natury. Styl boho znowu jest na topie - miksuje luz, elegancję, nutę egzotyki i naturalne materiały. To odpowiedź na szybkie tempo życia i potrzebę stworzenia przestrzeni, która naprawdę uspokaja. Kluczem do boho-sypialni są tekstylia, rośliny, welur... ale też światło! Odpowiednio dobrane żaluzje drewniane, rolety rzymskie czy shuttersy pozwolą Ci sterować atmosferą wnętrza jak profesjonalny projektant. Dzięki temu sypialnia może być zarówno przytulna, jak i doskonale doświetlona - dokładnie tak, jak lubisz.

<strong>PROBLEM - Typowe błędy w aranżacji sypialni i doborze osłon okiennych</strong>

Wiele osób, urządzając sypialnię, skupia się na wyborze łóżka i dodatków, zapominając o kluczowym elemencie: świetle. Zbyt ciężkie zasłony potrafią przytłoczyć wnętrze, a klasyczne rolety nie zawsze pozwalają na precyzyjną kontrolę światła. Często spotykam się z sytuacją, gdzie piękna aranżacja ginie przez źle dobrane osłony okienne - zbyt ciemne, zbyt jasne, bez opcji regulacji. Efekt? Sypialnia traci swój klimat, a Ty nie czujesz się w niej komfortowo. Jesienią problem pogłębia się - dni są krótsze, światła mniej, a my pragniemy przytulności i ciepła. Dodatkowo, osoby wybierające tanie zamienniki, tracą na jakości wykonania i trwałości - żaluzje się wyginają, rolety rwą, kolor blaknie. To prosta droga do frustracji i kolejnego remontu za rok. A przecież można inaczej!

<strong>ROZWIĄZANIE ROLBEST - Postaw na żaluzje drewniane, rolety rzymskie i shuttersy</strong>

W ROLBEST od 20 lat łączymy design z funkcjonalnością - dokładnie tak, jak wymaga tego styl boho. Nasze żaluzje drewniane to nie tylko filtr światła, ale też element dekoracyjny, który ociepla wnętrze i podkreśla naturalne inspiracje. Wybierz odcień głębokiej zieleni lub klasycznego drewna, by dodać sypialni charakteru i spokoju. Jeśli cenisz sobie miękkie rozproszenie światła, rolety rzymskie to Twój must-have - ich tkanina pięknie układa się w fałdy, tworząc efekt cozy, a jednocześnie możesz łatwo regulować poziom zaciemnienia. Dla fanów klasycznej elegancji i praktyczności polecam shuttersy, czyli okiennice wewnętrzne. Pozwalają precyzyjnie kontrolować światło, są trwałe, łatwe w czyszczeniu i absolutnie ponadczasowe.

Wszystkie nasze osłony okienne są tworzone na wymiar - nie musisz martwić się, że coś nie będzie pasować lub wyglądać tanio. Produkty ROLBEST to inwestycja na lata: solidne drewno, wysokogatunkowe tkaniny, perfekcyjne wykonanie. Dzięki nim Twoja sypialnia stanie się nie tylko modna, ale przede wszystkim funkcjonalna i przytulna przez cały sezon!

<strong>PORADNIK PRAKTYCZNY - Jak urządzić sypialnię boho z ROLBEST?</strong>

<strong>H2: Żaluzje drewniane w sypialni boho</strong>
<strong>H3: Żaluzje drewniane - ciepło i natura</strong>
Wybierz żaluzje drewniane w kolorze naturalnego drewna lub głębokiej zieleni, by podkreślić boho-charakter wnętrza. Pozwalają dowolnie ustawić kąt nachylenia lameli - rano wpuszczasz delikatne światło, wieczorem zyskujesz pełną prywatność.

<strong>H2: Shuttersy - styl i prywatność</strong>
<strong>H3: Shuttersy - regulacja światła i design</strong>
Shuttersy świetnie wpisują się w boho-klimat: są minimalistyczne, naturalne i dają pełną kontrolę nad światłem. Sprawdzą się szczególnie, jeśli Twoja sypialnia wychodzi na ulicę i cenisz sobie intymność.

<strong>H2: Rolety rzymskie - miękkie światło</strong>
<strong>H3: Rolety rzymskie - tekstura i lekkość</strong>
Rolety rzymskie to idealny wybór, jeśli lubisz tkaniny i efekt przytulności. Wybierz welur lub len w odcieniu głębokiej zieleni albo ciepłego beżu. Tkanina pięknie rozprasza światło, tworząc efekt „złotej godziny” o każdej porze.

<strong>3 praktyczne porady:</strong>
1. Zrób kilka stref światła - połącz żaluzje drewniane z roletą rzymską, by rano mieć jasność, a wieczorem klimatyczne przyciemnienie.
2. Postaw na naturalne materiały - wybieraj produkty ROLBEST z drewna, lnu, bawełny. To gwarancja przytulności i zgodności z trendami boho.
3. Nie bój się głębokich kolorów - głęboka zieleń, złoto, terakota lub ciepły beż na oknach lub dodatkach dodadzą wnętrzu stylu i spokoju.

<strong>CTA - Zainspiruj się i działaj!</strong>

Marzysz o sypialni, do której wracasz z uśmiechem? Postaw na żaluzje drewniane, rolety rzymskie lub shuttersy od ROLBEST i poczuj różnicę! Zadzwoń po <strong>bezpłatną wycenę - tel: 507 704 919</strong> i stwórz swoją własną oazę boho na jesień!","<h2>Styl boho w sypialni - propozycja od ROLBEST</h2><p>Wyobraź sobie jesienny wieczór - światło za oknem gaśnie szybciej, a Ty marzysz o sypialni, w której naprawdę odpoczniesz po całym dniu. Ale coś nie gra: światło jest zbyt ostre albo zupełnie go brak, a aranżacja nie daje Ci poczucia spokoju. Chcesz odmienić wnętrze, ale nie wiesz, od czego zacząć? Sprawdź, jak styl boho i odpowiednie <strong>osłony okienne od ROLBEST</strong> zmienią Twoją sypialnię w oazę relaksu!</p><h2>Dlaczego warto postawić na styl boho z ROLBEST?</h2><p>Jesień 2025 i nadchodzący sezon to czas, kiedy do wnętrz wchodzi głęboka zieleń, ciepłe tekstury i powrót do natury. Styl boho znowu jest na topie - miksuje luz, elegancję, nutę egzotyki i naturalne materiały. To odpowiedź na szybkie tempo życia i potrzebę stworzenia przestrzeni, która naprawdę uspokaja. Kluczem do boho-sypialni są tekstylia, rośliny, welur... ale też światło! Odpowiednio dobrane <strong>żaluzje drewniane</strong>, <strong>rolety rzymskie</strong> czy <strong>shuttersy</strong> pozwolą Ci sterować atmosferą wnętrza jak profesjonalny projektant. Dzięki temu sypialnia może być zarówno przytulna, jak i doskonale doświetlona - dokładnie tak, jak lubisz.</p><h2>Jak wykluczyć typowe błędy w aranżacji sypialni z pomocą doradców od ROLBEST</h2><p>Wiele osób, urządzając sypialnię, skupia się na wyborze łóżka i dodatków, zapominając o kluczowym elemencie: świetle. Zbyt ciężkie zasłony potrafią przytłoczyć wnętrze, a klasyczne <strong>rolety</strong> nie zawsze pozwalają na precyzyjną kontrolę światła. Często spotykamy się z sytuacją, gdzie piękna aranżacja ginie przez źle dobrane <strong>osłony okienne</strong> - zbyt ciemne, zbyt jasne, bez opcji regulacji. Efekt? Sypialnia traci swój klimat, a Ty nie czujesz się w niej komfortowo. Jesienią problem pogłębia się - dni są krótsze, światła mniej, a my pragniemy przytulności i ciepła. Dodatkowo, osoby wybierające tanie zamienniki, tracą na jakości wykonania i trwałości - <strong>żaluzje</strong> się wyginają, <strong>rolety</strong> rwą, kolor blaknie. To prosta droga do frustracji i kolejnego remontu za rok. A przecież można inaczej!</p>[IMG2]<h2>Postaw na żaluzje drewniane i rolety od ROLBEST</h2><p>W ROLBEST od 20 lat łączymy design z funkcjonalnością - dokładnie tak, jak wymaga tego styl boho. Nasze <strong>żaluzje drewniane</strong> to nie tylko filtr światła, ale też element dekoracyjny, który ociepla wnętrze i podkreśla naturalne inspiracje. Wybierz odcień głębokiego klasycznego drewna, by dodać sypialni charakteru i spokoju. Jeśli cenisz sobie miękkie rozproszenie światła, <strong>rolety rzymskie</strong> to Twój must-have - ich tkanina pięknie układa się w fałdy, tworząc efekt cozy, a jednocześnie możesz łatwo regulować poziom zaciemnienia. Dla fanów klasycznej elegancji i praktyczności polecam <strong>shuttersy</strong>, czyli <strong> drewniane okiennice wewnętrzne z drewna basswod lub abachi</strong>. Pozwalają precyzyjnie kontrolować światło, są trwałe, łatwe w czyszczeniu i absolutnie ponadczasowe.</p><p>Wszystkie nasze <strong>osłony okienne</strong> są tworzone na wymiar - nie musisz martwić się, że coś nie będzie pasować lub wyglądać tanio. Produkty ROLBEST to inwestycja na lata: solidne drewno, wysokogatunkowe tkaniny, perfekcyjne wykonanie. Dzięki nim Twoja sypialnia stanie się nie tylko modna, ale przede wszystkim funkcjonalna i przytulna przez cały sezon!</p><h2>Jak urządzić sypialnię boho?</h2><h3>Żaluzje drewniane - ciepło i natura</h3><p>Wybierz <strong>żaluzje drewniane</strong> w kolorze naturalnego drewna lub głębokiej zieleni, by podkreślić boho-charakter wnętrza. Pozwalają dowolnie ustawić kąt nachylenia lameli - rano wpuszczasz delikatne światło, wieczorem zyskujesz pełną prywatność.</p><h3>Shuttersy - styl i prywatność</h3><p><strong>Shuttersy</strong> świetnie wpisują się w boho-klimat: są minimalistyczne, naturalne i dają pełną kontrolę nad światłem. Sprawdzą się szczególnie, jeśli Twoja sypialnia wychodzi na ulicę i cenisz sobie intymność.</p><h3>Rolety rzymskie - miękkie światło</h3><p><strong>Rolety rzymskie</strong> to idealny wybór, jeśli lubisz tkaniny i efekt przytulności. Wybierz welur lub len w odcieniu głębokiej zieleni albo ciepłego beżu. Tkanina pięknie rozprasza światło, tworząc efekt „złotej godziny” o każdej porze.</p><h4>3 praktyczne porady:</h4><ul><li><strong>Zrób kilka stref światła</strong> - połącz <strong>żaluzje drewniane</strong> z <strong>roletą rzymską</strong>, by rano mieć jasność, a wieczorem klimatyczne przyciemnienie.</li><li><strong>Postaw na naturalne materiały</strong> - wybieraj produkty ROLBEST z drewna, lnu, bawełny. To gwarancja przytulności i zgodności z trendami boho.</li><li><strong>Nie bój się głębokich kolorów</strong> - głęboka zieleń, złoto, terakota lub ciepły beż na oknach lub dodatkach dodadzą wnętrzu stylu i spokoju.</li></ul>[IMG3]<p>Marzysz o sypialni, do której wracasz z uśmiechem? Postaw na <strong>żaluzje drewniane</strong>, <strong>rolety rzymskie</strong> lub <strong>shuttersy</strong> od ROLBEST i poczuj różnicę! Zadzwoń po <strong>bezpłatną wycenę - tel: </strong><a href=""tel:507704919"">507 704 919</a> i stwórz swoją własną oazę boho na jesień!</p>","Sypialnia boho w głębokiej zieleni - trendy 2025 na jesień: tekstury, światło, spokój! Chcesz zyskać oazę ciepła i przytulności? Postaw na żaluzje drewniane, rolety rzymskie lub shuttersy dopasowane idealnie do Twoich potrzeb, by kontrolować światło i klimat. Nasze 20-letnie doświadczenie pokazuje, że detale robią różnicę. Umów bezpłatną wycenę: 507 704 919 🏠 🌞 📞","Zasypiaj otulony głęboką zielenią, gdzie tekstury i gra światła wprowadzają prawdziwy spokój. Dzięki żaluzjom drewnianym i roletom rzymskim od ROLBEST sam decydujesz o nastroju w swojej boho sypialni. A Ty, jak tworzysz swoją jesienną oazę relaksu? Po więcej inspiracji zajrzyj na bloga - link w bio. #rolety #żaluzje #shutters #wnętrza #dom #rolbest #inspiracje",https://drive.google.com/file/d/1fmey77OBtgCcondzNDwcUvMJ_3f_8YKd/view?usp=drivesdk,1fmey77OBtgCcondzNDwcUvMJ_3f_8YKd,Opublikowano,Do akceptacji,https://drive.google.com/file/d/1n7ORwivG9GSube9yups4h_m_7S3ThMFE/view?usp=drivesdk,1n7ORwivG9GSube9yups4h_m_7S3ThMFE,https://drive.google.com/file/d/1ssJczkGgY8WBI2EiftziqD9aeuIkAAUU/view?usp=drivesdk,1ssJczkGgY8WBI2EiftziqD9aeuIkAAUU
11-09-2025,"Jesienny home office - światło, ciepło i styl czyli żaluzje fasadowe, żaluzje drewniane i rolety pilsowane (plisy)","<h1>Jesienny home office - światło, ciepło i styl dzięki żaluzje fasadowe, żaluzje drewniane i rolety pilsowane (plisy)</h1>

<strong>HOOK</strong>

Wyobraź sobie jesienny poranek - kawa paruje na biurku, za oknem złote liście, a Ty próbujesz złapać skupienie w domowym biurze, gdzie światło jest zbyt ostre lub… zupełnie go brak. Brzmi znajomo? Jesień potrafi zaskoczyć zarówno szarugą, jak i oślepiającym słońcem. Komfortowa praca w domu to nie tylko wygodne krzesło, ale przede wszystkim dobrze zorganizowana przestrzeń z odpowiednią kontrolą światła i temperatury.

<strong>KONTEKST</strong>

Jesień to czas, kiedy światło dzienne staje się towarem deficytowym, a nasze samopoczucie i produktywność w home office potrafią gwałtownie spaść. Architekci wnętrz nie mają wątpliwości - naturalne światło i przytulność decydują o jakości pracy z domu. Źle dobrane osłony okienne mogą sprawić, że nawet najlepiej zaprojektowane biuro stanie się nieprzyjazne. Teraz, kiedy coraz więcej osób pracuje hybrydowo lub całkowicie zdalnie, temat optymalizacji światła i komfortu cieplnego nabiera szczególnego znaczenia. Zamiast walczyć z przesłonecznionym monitorem albo siedzieć w przytłumionym półmroku, warto sięgnąć po sprawdzone rozwiązania, które dopasujesz do swoich potrzeb i stylu wnętrza.

<strong>PROBLEM</strong>

Wielu właścicieli domów popełnia te same błędy podczas urządzania domowego biura - zostawiają okna „gołe”, wybierają przypadkowe rolety lub żaluzje, które nie pasują do stylu albo nie spełniają swojej funkcji. Efekt? Zbyt mocne światło odbija się od ekranu, rozprasza i męczy wzrok, a pomieszczenie szybko się wychładza. Inni z kolei decydują się na ciężkie zasłony lub nieprzepuszczające światła rolety, co sprawia, że pokój staje się ciemny, senny i nieprzyjazny do pracy. Jesienią, kiedy promieni słonecznych jest coraz mniej, każda godzina naturalnego światła jest na wagę złota. Brak możliwości precyzyjnej regulacji światła i ciepła oznacza niższą produktywność, spadek koncentracji i… gorszy nastrój. Zamiast komfortowej i inspirującej przestrzeni do pracy, masz miejsce, które chcesz jak najszybciej opuścić.

<strong>ROZWIĄZANIE ROLBEST</strong>

I tu pojawiają się produkty ROLBEST - osłony okienne, które łączą design, funkcjonalność i ciepło domowej atmosfery. Zacznijmy od żaluzje fasadowe - to rozwiązanie topowe dla nowoczesnych domów. Pozwalają precyzyjnie regulować ilość światła wpadającego do home office, chronią przed przegrzewaniem się pomieszczenia nawet wtedy, gdy jesienne słońce nagle mocniej zaświeci. Są też świetną barierą termiczną - mniej ciepła ucieka z domu, więc nie musisz dogrzewać biura co chwilę. 

Żaluzje drewniane to z kolei mistrzowie w łączeniu funkcji z domowym klimatem - ich naturalny wygląd ociepla wnętrze, a jednocześnie pozwala na dokładne sterowanie światłem. W biurze, gdzie zależy Ci na przytulności i stylu, drewniane lamele robią robotę. 

Nie można zapomnieć o roletach pilsowanych (plisy) - to najbardziej elastyczne rozwiązanie, które dopasujesz do każdego okna (nawet tych o nietypowych kształtach). Plisy pozwalają zasłonić dowolny fragment szyby - od dołu, od góry, na środku - i perfekcyjnie rozpraszać światło, by pracować bez mrużenia oczu. Wszystkie te produkty od ROLBEST to nie tylko praktyczne rolety i żaluzje, ale też stylowe dodatki podnoszące wartość Twojego home office.

<strong>PORADNIK PRAKTYCZNY</strong>

<strong>H2: Żaluzje fasadowe - ochrona i komfort jesienią</strong>
<strong>H3: Żaluzje fasadowe a bilans cieplny</strong>
Zainstaluj żaluzje fasadowe na oknach od strony południowej lub zachodniej - ograniczysz straty ciepła i zyskasz możliwość precyzyjnego sterowania promieniami słonecznymi. Dzięki temu w pochmurne dni zatrzymasz więcej ciepła w środku, a w słoneczne unikniesz przegrzewania.

<strong>H2: Żaluzje drewniane - styl i koncentracja</strong>
<strong>H3: Żaluzje drewniane w biurze domowym</strong>
Wybierz żaluzje drewniane do biura, w którym zależy Ci na skupieniu i przytulnym klimacie. Postaw na jasne kolory drewna, które odbijają światło i optycznie powiększają przestrzeń. Ustaw lamele tak, by światło miękko rozpraszało się po pomieszczeniu - to idealny balans dla Twojej produktywności.

<strong>H2: Rolety pilsowane (plisy) - elastyczność dla każdego okna</strong>
<strong>H3: Rolety pilsowane (plisy) dla niestandardowych okien</strong>
Rolety pilsowane (plisy) sprawdzą się świetnie w oknach dachowych, narożnych czy niestandardowych. Ustaw je tak, by zasłonić tylko ten fragment okna, który powoduje odblaski na monitorze - resztę zostaw otwartą, by wpuścić jak najwięcej światła dziennego.

<strong>CTA</strong>

Chcesz, by Twój home office był nie tylko funkcjonalny, ale i inspirujący? Wybierz żaluzje fasadowe, żaluzje drewniane lub rolety pilsowane (plisy) od ROLBEST i poczuj różnicę tej jesieni! Zadzwoń po bezpłatną wycenę - tel: 507 704 919 - i sprawdź, jak łatwo możesz poprawić komfort pracy w swoim domu.","<h2>Żaluzje fasadowe - ochrona i komfort jesienią</h2><p>Jesień to czas, kiedy <strong>światło</strong> dzienne staje się towarem deficytowym, a nasze samopoczucie i produktywność w home office potrafią gwałtownie spaść. <strong>Natynkowe żaluzje fasadowe</strong> - to rozwiązanie topowe dla nowoczesnych domów. Pozwalają precyzyjnie regulować ilość światła wpadającego do home office, chronią przed przegrzewaniem się pomieszczenia nawet wtedy, gdy jesienne słońce nagle mocniej zaświeci.</p><h3>Natynkowe żaluzje fasadowe zewnętrzne a bilans cieplny</h3><p>Zainstaluj <strong>podtynkowe żaluzje fasadowe</strong> na oknach od strony południowej lub zachodniej - ograniczysz straty ciepła i zyskasz możliwość precyzyjnego sterowania promieniami słonecznymi. Dzięki temu w pochmurne dni zatrzymasz więcej ciepła w środku, a w słoneczne unikniesz przegrzewania.</p><h2>Żaluzje drewniane ROLBEST - styl i koncentracja</h2><p><strong>Żaluzje drewniane wewnętrzne </strong> to z kolei mistrzowie w łączeniu funkcji z domowym klimatem - ich naturalny wygląd drewna ociepla wnętrze, a jednocześnie pozwala na dokładne sterowanie światłem. Żaluzje drewniane są idealne do salonu, kuchni, łazienki, a i w biurze, gdzie zależy Ci na przytulności i stylu, poziome drewniane lamele spełniają swoją funkcję systemu osłonowego.</p><h3>Nowoczesne żaluzje drewniane od ROLBEST w biurze domowym</h3><p>Wybierz <strong>żaluzje drewniane na wymiar</strong> do biura, w którym zależy Ci na skupieniu i przytulnym klimacie. Postaw na jasne kolory drewna, które odbijają światło i optycznie powiększają przestrzeń. Ustaw lamele tak, by światło miękko rozpraszało się po pomieszczeniu - to idealny balans dla Twojej produktywności. Pod względem budowy żaluzje drewniane są zbliżone do shutters (okiennice drewniane)</p><h2>Rolety pilsowane (plisy) - elastyczność dla każdego okna</h2><p>Nie można zapomnieć o <strong>roletach pilsowanych</strong> (plisy) - to najbardziej elastyczne rozwiązanie, które dopasujesz do każdego okna (nawet tych o nietypowych kształtach). Plisy pozwalają zasłonić dowolny fragment szyby - od dołu, od góry, na środku - i perfekcyjnie rozpraszać światło, by pracować bez mrużenia oczu.</p><h3>Rolety pilsowane (plisy) dla niestandardowych okien</h3><p><strong>Rolety pilsowane</strong> (plisy) sprawdzą się świetnie w oknach dachowych, narożnych czy niestandardowych. Ustaw je tak, by zasłonić tylko ten fragment okna, który powoduje odblaski na monitorze - resztę zostaw otwartą, by wpuścić jak najwięcej światła dziennego.</p>[IMG2]<h2>Rozwiązanie ROLBEST</h2><p>I tu pojawiają się produkty ROLBEST - osłony okienne, które łączą design, funkcjonalność i ciepło domowej atmosfery. <strong>Shuttersy</strong> - eleganckie rozwiązanie dla Twojego domu. Wszystkie te produkty od ROLBEST to nie tylko praktyczne <strong>rolety</strong> i <strong>żaluzje</strong>, ale też stylowe dodatki podnoszące wartość Twojego home office.</p>[IMG3]<p>Umów bezpłatną wycenę: <a href=""tel:507704919"">507 704 919</a></p>","Światło, koncentracja i ciepło jesienią - jak stworzyć komfortowy home office dzięki odpowiednim osłonom okiennym? Prostym sposobem na produktywność i domowy klimat są żaluzje fasadowe, żaluzje drewniane i rolety pilsowane (plisy). Nasze 20-letnie doświadczenie pokazuje, że indywidualny dobór rozwiązań naprawdę działa. Umów bezpłatną wycenę: 507 704 919 🏠✨📞","Poranna kawa w domowym biurze, miękkie światło i ciepło, mimo chłodnej jesieni za oknem - brzmi jak marzenie? Dzięki żaluzjom i plisom możesz precyzyjnie kontrolować klimat oraz nastrój swojego home office. Jak Twoje wnętrza wpływają na Twoją koncentrację? Zajrzyj na bloga po więcej inspiracji - link w bio! #rolbest #żaluzje #rolety #wnętrza #dom #inspiracje #design",https://drive.google.com/file/d/1E-adO-MgLN-JFm4X83KCMU_4eDPJvfow/view?usp=drivesdk,1E-adO-MgLN-JFm4X83KCMU_4eDPJvfow,Opublikowano,Do akceptacji,https://drive.google.com/file/d/1C1XDqE9I8fs5ENK7y4MMg3QFBrkJTAYZ/view?usp=drivesdk,1C1XDqE9I8fs5ENK7y4MMg3QFBrkJTAYZ,https://drive.google.com/file/d/16rt2PYap2lUbZAwSepMDReBdYG-U0jEp/view?usp=drivesdk,16rt2PYap2lUbZAwSepMDReBdYG-U0jEp
12-09-2025,Luksusowe domowe spa - jesienna łazienka z shutters (okiennice wewnętrzne) i żaluzje drewniane ROLBEST,"<h1>Luksusowe domowe spa - jesienna łazienka z shuttersy i żaluzje drewniane ROLBEST</h1>

<strong>HOOK</strong>

Wyobraź sobie, że po długim, chłodnym dniu zanurzasz się w wannie z widokiem na jesienne drzewa, a światło wpada do łazienki przez subtelne żaluzje drewniane lub eleganckie shuttersy. Prywatność, ciepło, zmysłowa atmosfera - wszystko pod kontrolą jednym ruchem ręki. Brzmi jak luksusowy hotel? A przecież to może być Twój dom, jeśli tylko dobrze zaplanujesz swoją łazienkę na jesień 2025.

<strong>KONTEKST</strong>

W ostatnich latach łazienka przestaje być tylko miejscem szybkiego prysznica. Trendy wnętrzarskie na 2025 rok są jasne: domowe spa, naturalne materiały i architektura światła królują wśród inspiracji. Jesień to idealny moment, żeby zadbać o komfort i stworzyć własny azyl - miejsce, gdzie możesz się zrelaksować, wyciszyć i naładować baterie. Coraz więcej osób planuje remonty łazienek z myślą o luksusie, ale też praktyczności. Chodzi nie tylko o piękny wygląd, ale też o funkcjonalność i wygodę na co dzień. Naturalne drewno, kamień, odcienie bieli i beżu - to wszystko buduje atmosferę domowego spa. Klucz? Dobre planowanie światła i prywatności z pomocą nowoczesnych osłon okiennych ROLBEST.

<strong>PROBLEM</strong>

Wielu właścicieli domów popełnia ten sam błąd - skupiają się na kafelkach, armaturze czy modnej wannie, a zupełnie zapominają o oknach. Efekt? Łazienka, która w teorii miała być relaksującym azylem, w praktyce jest albo zbyt ciemna, albo zbyt wystawiona na widok sąsiadów. Często wybierane rolety czy zasłony z marketu szybko tracą swój urok - nie radzą sobie z wilgocią, trudno je czyścić i zamiast podkreślać styl, wprowadzają chaos. Część osób rezygnuje z okien w łazience lub je zasłania na stałe, przez co tracą kontakt z naturą i światłem dziennym. Brak przemyślanych osłon okiennych to także problem z utrzymaniem odpowiedniej temperatury - latem łazienka się nagrzewa, a zimą traci ciepło. Czy wiesz, że źle dobrane osłony mogą „zepsuć” nawet najbardziej designerską łazienkę? Nie idź tą drogą - postaw na sprawdzone rozwiązania.

<strong>ROZWIĄZANIE ROLBEST</strong>

Jeśli marzysz o łazience w stylu domowego spa, shuttersy ROLBEST (okiennice wewnętrzne) i żaluzje drewniane ROLBEST to game-changer. Po pierwsze: shuttersy nie tylko wyglądają fenomenalnie, ale są odporne na wilgoć i łatwe w utrzymaniu. Regulujesz ilość światła jednym ruchem, a przy tym masz stuprocentową prywatność - nawet jeśli okno wychodzi na ogród lub ulicę. Po drugie: żaluzje drewniane ROLBEST to esencja ciepła i natury. Drewno ociepla wnętrze, świetnie komponuje się z kamieniem, białą ceramiką i miękkimi tekstyliami. Możesz dowolnie modulować światło - od delikatnej poświaty podczas wieczornej kąpieli, po mocniejsze światło do szybkiego makijażu rano. Oba rozwiązania są trwałe, odporne na zmienne warunki w łazience i dostępne w szerokiej gamie kolorów. A jeśli szukasz czegoś mniej klasycznego - sprawdź rolety pilsowane (plisy) ROLBEST, które świetnie sprawdzają się w nietypowych oknach czy wnękach. Wszystkie osłony okienne ROLBEST są wykonywane na wymiar, więc możesz mieć pewność, że będą idealnie dopasowane do Twojego projektu. To nie jest tylko zakup - to inwestycja w komfort i luksus na lata.

<strong>PORADNIK PRAKTYCZNY</strong>

<strong>1. Wybierz shuttersy ROLBEST do panoramicznych okien</strong> - Dzięki solidnej konstrukcji shuttersy doskonale sprawdzą się w dużych przeszkleniach. Zamontowane w łazience pozwolą Ci wpuścić światło i jednocześnie zadbać o prywatność. Dodatkowo, łatwo utrzymać je w czystości - wystarczy przetrzeć wilgotną ściereczką.

<strong>2. Postaw na żaluzje drewniane ROLBEST w strefie relaksu</strong> - Jeśli masz okno przy wannie lub w pobliżu strefy wypoczynku, żaluzje drewniane pozwolą Ci idealnie sterować atmosferą. Wybierz ciepły odcień drewna, by dodać wnętrzu przytulności. Drewno świetnie znosi wilgoć, jeśli wybierzesz produkt dedykowany do łazienek.

<strong>3. Zadbaj o detale i spójność</strong> - Wybierz osłony okienne w kolorze zbliżonym do stolarki lub dodatków łazienkowych. To prosty trik, który sprawi, że łazienka będzie wyglądała jak z magazynu wnętrzarskiego.

<strong>4. Skorzystaj z bezpłatnej wyceny ROLBEST</strong> - Jeśli nie wiesz, na co się zdecydować, zadzwoń - nasi eksperci doradzą najlepsze rozwiązanie do Twojej łazienki.

<strong>5. Nie bój się łączyć materiałów</strong> - Połącz shuttersy z żaluzjami drewnianymi w jednym projekcie - np. shuttersy przy dużym oknie, a żaluzje drewniane przy mniejszym. Efekt? Łazienka jak z luksusowego hotelu.

<strong>CTA</strong>

Marzysz o łazience, która stanie się Twoim prywatnym spa? Nie czekaj na inspirację - zadzwoń po bezpłatną wycenę i wybierz shuttersy lub żaluzje drewniane ROLBEST, które odmienią Twoje wnętrze! Tel: 507 704 919","<h2>Luksusowe domowe spa - propozycja od ROLBEST</h2><p>Wyobraź sobie, że po długim, chłodnym dniu zanurzasz się w wannie z widokiem na jesienne drzewa, a światło wpada do łazienki przez subtelne <strong>wewnętrzne żaluzje drewniane</strong> lub eleganckie <strong>shuttersy (szatersy)</strong>. Prywatność, ciepło, zmysłowa atmosfera - wszystko pod kontrolą jednym ruchem ręki. Brzmi jak luksusowy hotel? A przecież to może być Twój dom, jeśli tylko dobrze zaplanujesz swoją łazienkę na jesień 2025 z wykorzystaniem systemów osłonowych ROLBEST.</p><h2>Trendy w łazienkach</h2><p>W ostatnich latach łazienka przestaje być tylko miejscem szybkiego prysznica. Trendy wnętrzarskie na 2025 rok są jasne: domowe spa, naturalne materiały i architektura światła królują wśród inspiracji. Jesień to idealny moment, żeby zadbać o komfort i stworzyć własny azyl - miejsce, gdzie możesz się zrelaksować, wyciszyć i naładować baterie. Coraz więcej osób planuje remonty łazienek z myślą o luksusie, ale też praktyczności. Chodzi nie tylko o piękny wygląd, ale też o funkcjonalność i wygodę na co dzień. Naturalne drewno, kamień, odcienie bieli i beżu - to wszystko buduje atmosferę domowego spa. Klucz? Dobre planowanie światła i prywatności z pomocą nowoczesnych <strong>osłon okiennych</strong> ROLBEST.</p><h2>Problem z oknami</h2><p>Wielu właścicieli domów popełnia ten sam błąd - skupiają się na kafelkach, armaturze czy modnej wannie, a zupełnie zapominają o oknach. Efekt? Łazienka, która w teorii miała być relaksującym azylem, w praktyce jest albo zbyt ciemna, albo zbyt wystawiona na widok sąsiadów. Często wybierane <strong>rolety materiałowe </strong> czy zasłony z marketu szybko tracą swój urok - nie radzą sobie z wilgocią, trudno je czyścić i zamiast podkreślać styl, wprowadzają chaos. Część osób rezygnuje z okien w łazience lub je zasłania na stałe, przez co tracą kontakt z naturą i światłem dziennym. Brak przemyślanych osłon okiennych to także problem z utrzymaniem odpowiedniej temperatury - latem łazienka się nagrzewa, a zimą traci ciepło. Czy wiesz, że źle dobrane osłony mogą „zepsuć” nawet najbardziej designerską łazienkę? Nie idź tą drogą - postaw na sprawdzone rozwiązania.</p>[IMG2]<h2>Rozwiązanie ROLBEST</h2><p>Jeśli marzysz o łazience w stylu domowego spa, <strong>shuttersy</strong> ROLBEST (okiennice wewnętrzne) i <strong>wewnętrzne żaluzje drewniane</strong> ROLBEST to game-changer. Po pierwsze: <strong>szatersy</strong> nie tylko wyglądają fenomenalnie, ale są odporne na wilgoć i łatwe w utrzymaniu. Regulujesz ilość światła jednym ruchem, a przy tym masz stuprocentową prywatność - nawet jeśli okno wychodzi na ogród lub ulicę. Po drugie: <strong>żaluzje drewniane</strong> ROLBEST to esencja ciepła i natury. Drewno ociepla wnętrze, świetnie komponuje się z kamieniem, białą ceramiką i miękkimi tekstyliami. Możesz dowolnie modulować światło - od delikatnej poświaty podczas wieczornej kąpieli, po mocniejsze światło do szybkiego makijażu rano. Oba rozwiązania są trwałe, odporne na zmienne warunki w łazience i dostępne w szerokiej gamie kolorów. A jeśli szukasz czegoś mniej klasycznego - sprawdź <strong>rolety pilsowane</strong> (plisy) ROLBEST, które świetnie sprawdzają się w nietypowych oknach czy wnękach. Wszystkie <strong>osłony okienne</strong> ROLBEST są wykonywane na wymiar, więc możesz mieć pewność, że będą idealnie dopasowane do Twojego projektu. To nie jest tylko zakup - to inwestycja w komfort i luksus na lata.</p><h2>Poradnik praktyczny</h2><h3>1Wybierz shuttersy - okiennice wewnętrzne ROLBEST</h3><p><strong>Shuttersy</strong> ROLBEST do panoramicznych okien - Dzięki solidnej konstrukcji <strong>okiennice</strong> doskonale sprawdzą się w dużych przeszkleniach. Zamontowane w łazience pozwolą Ci wpuścić światło i jednocześnie zadbać o prywatność. Dodatkowo, łatwo utrzymać je w czystości - wystarczy przetrzeć wilgotną ściereczką.</p><h3>Postaw na żaluzje drewniane</h3><p><strong>Żaluzje drewniane</strong> ROLBEST w strefie relaksu - Jeśli masz okno przy wannie lub w pobliżu strefy wypoczynku, <strong>żaluzje drewniane</strong> pozwolą Ci idealnie sterować atmosferą. Wybierz ciepły odcień drewna, by dodać wnętrzu przytulności. Drewno świetnie znosi wilgoć, jeśli wybierzesz produkt dedykowany do łazienek.</p><h3>Zadbaj o detale</h3><p><strong>Detale</strong> i spójność - Wybierz <strong>osłony okienne</strong> w kolorze zbliżonym do stolarki lub dodatków łazienkowych. To prosty trik, który sprawi, że łazienka będzie wyglądała jak z magazynu wnętrzarskiego.</p><h3>Skorzystaj z bezpłatnej wyceny</h3><p>Jeśli nie wiesz, na co się zdecydować, zadzwoń - nasi eksperci doradzą najlepsze rozwiązanie do Twojej łazienki. Oprócz żaluzji drewnianych i shutters, posiadamy w naszej ofercie żaluzje aluminiowe, rolety materiałowe, rolety plisowane, rolety rzymskie, żaluzje fasadowe, markizy, moskitiery, pergole i wiele innych systemów osłonowych. </p><h3>Łącz materiały</h3><p>Nie bój się łączyć materiałów - Połącz <strong>shuttersy</strong> z <strong>żaluzjami drewnianymi</strong> w jednym projekcie - np. <strong>shuttersy</strong> przy dużym oknie, a <strong>żaluzje drewniane</strong> przy mniejszym. Efekt? Łazienka jak z luksusowego hotelu.</p>[IMG3]<p>Zadzwoń po bezpłatną wycenę: <a href=""tel:507704919"">507 704 919</a></p>","Luksusowe domowe spa 🛁, czyli jesienna łazienka z wykorzystaniem shutters i żaluzji drewnianych ROLBEST. Zamiast marzyć, postaw na osłony, które dają prywatność, światło i ciepłą atmosferę. Nasze 20-letnie doświadczenie pokazuje, że dobrze dobrane rozwiązania czynią cuda 🤗. Umów się na bezpłatną wycenę: 507 704 919 🌞✨📞","Wieczór z aromatyczną kąpielą 🛁i widokiem na jesienne liście 🍁- Twoja łazienka może stać się prawdziwym luksusowym spa pełnym zmysłowego ciepła i prywatności. Shuttersy i żaluzje drewniane ROLBEST pozwalają świadomie budować codzienny komfort, modulując światło według nastroju. A Ty - jak dbasz o wyjątkowy klimat swojej przestrzeni? Odkryj więcej inspiracji na naszym blogu ❤️ - link w bio. #shutters #żaluzje #rolbest #wnętrza #inspiracje #dom #design #autumnvibes #drewno #wood",https://drive.google.com/file/d/1hulScYcnBqt4jH-gOv1lw3h3moxqyNRI/view?usp=drivesdk,1hulScYcnBqt4jH-gOv1lw3h3moxqyNRI,Opublikowano,Opublikowano,https://drive.google.com/file/d/1csK_4EHt96ixUC-UyS6k67QQUzYinCiS/view?usp=drivesdk,1csK_4EHt96ixUC-UyS6k67QQUzYinCiS,https://drive.google.com/file/d/1wXVClUA2mP4OINvsCnhh_HTBBPICwMQN/view?usp=drivesdk,1wXVClUA2mP4OINvsCnhh_HTBBPICwMQN
13-09-2025,"Taras jako przedłużenie salonu - żaluzje fasadowe, shuttersy i żaluzje drewniane ROLBEST na jesień 2025","<h1>Taras jako przedłużenie salonu - żaluzje fasadowe, shuttersy i żaluzje drewniane ROLBEST na jesień 2025</h1>

<strong>HOOK - Twoje miejsce relaksu pod kontrolą</strong>

Wyobraź sobie, że jesienny poranek spędzasz w salonie, a za przeszklonymi drzwiami taras wciąga Cię do środka. Chcesz go używać nie tylko latem? Marzysz o tym, by przestrzeń za oknem była przedłużeniem Twojej strefy komfortu przez cały rok? Znam to - wielu właścicieli domów szuka właśnie takiego rozwiązania. Tylko jak połączyć funkcjonalność, światło i przytulność, gdy pogoda nie rozpieszcza?

<strong>KONTEKST - Outdoor/indoor w trendzie na jesień 2025</strong>

Jesień 2025 to czas, kiedy granica między domem a ogrodem praktycznie się zaciera. Wielu z nas, korzystając z nowych inspiracji wnętrzarskich, stawia na antracyt, drewno i biel. Te kolory królują zarówno w salonie, jak i na tarasie. Coraz większą popularność zyskują duże przeszklenia - pozwalają cieszyć się widokiem ogrodu nawet w chłodniejsze dni. Ale bez odpowiednich osłon okiennych, takich jak żaluzje fasadowe czy shuttersy, trudno o komfort cieplny i prywatność. To właśnie teraz, kiedy sezon letni się kończy, najwięcej osób pyta architektów, jak urządzić taras, by stał się częścią salonu przez cały rok.

<strong>PROBLEM - Typowe błędy przy aranżacji tarasu</strong>

Najczęstszy błąd? Traktowanie tarasu tylko jako letniego dodatku. W praktyce oznacza to brak spójności stylistycznej - salon w innym klimacie niż taras, a do tego brak przemyślanych osłon okiennych. Jesienią i zimą pojawia się problem z utrzymaniem ciepła i prywatności. Właściciele domów często wybierają przypadkowe rolety lub żaluzje, które nie pasują do wymiarów dużych przeszkleń. Efekt? Zbyt ciemno, chłodno lub przeciwnie - za jasno i brak poczucia intymności. Do tego dochodzą kłopoty z utrzymaniem czystości oraz zniszczenia pod wpływem wilgoci. Wiele osób zapomina też o tym, że dobre żaluzje fasadowe czy shuttersy nie tylko chronią przed wzrokiem sąsiadów, ale też pozwalają precyzyjnie regulować światło - kluczowe, gdy chcesz stworzyć przytulny klimat na pograniczu salonu i tarasu.

<strong>ROZWIĄZANIE ROLBEST - Żaluzje fasadowe, shuttersy i żaluzje drewniane</strong>

Tutaj wchodzimy my, ROLBEST. Od 20 lat pomagamy właścicielom domów i architektom przekraczać granicę między wnętrzem a ogrodem. Nasze żaluzje fasadowe w kolorze antracytu to must-have dla nowoczesnych tarasów - nie tylko świetnie wyglądają, ale też skutecznie chronią przed słońcem, wiatrem i niechcianymi spojrzeniami. Dzięki możliwości płynnej regulacji lameli sam decydujesz, ile światła lub cienia wpuszczasz do środka. Jeśli zależy Ci na domowym cieple, postaw na shuttersy - okiennice wewnętrzne, które dodają elegancji i przytulności. Ich drewniana struktura świetnie koresponduje z białymi tekstyliami i naturalnymi dodatkami na tarasie. Żaluzje drewniane ROLBEST to propozycja dla tych, którzy kochają styl organiczny i chcą mieć kontrolę nad światłem nawet przy dużych przeszkleniach tarasowych.

Nasze produkty są projektowane na wymiar, więc nie musisz się martwić, że coś nie zagra. Stawiamy na wysoką jakość wykonania i odporność na warunki pogodowe. Dodatkowo, oferujemy szeroki wybór kolorów - od antracytu, przez ciepłe drewno, aż po klasyczną biel. Z nami nie tylko zyskujesz styl, ale przede wszystkim praktyczność i komfort przez cały rok.

<strong>PORADNIK PRAKTYCZNY - 5 sprawdzonych trików</strong>

1. <strong>Postaw na spójność kolorystyczną</strong> - Wybierz żaluzje fasadowe i shuttersy w kolorach, które powtarzają się w salonie i na tarasie. To najprostszy sposób na płynne połączenie obu stref.
2. <strong>Dbaj o kontrolę światła</strong> - Zamontuj żaluzje drewniane lub żaluzje fasadowe, które pozwolą Ci regulować ilość dziennego światła i zapewnią intymność wieczorem.
3. <strong>Wybierz produkty na wymiar</strong> - Unikniesz szpar i nieestetycznych docinek. ROLBEST wykonuje wszystkie osłony okienne indywidualnie, zgodnie z Twoimi potrzebami.
4. <strong>Dodaj tekstylia i rośliny</strong> - Miękkie pledy, białe poduszki i duże donice z zielenią ocieplą aranżację i sprawią, że taras stanie się prawdziwym salonem pod chmurką.
5. <strong>Nie zapomnij o praktycznych detalach</strong> - Rozważ moskitiery na wymiar, by móc cieszyć się tarasem bez komarów nawet jesienią.

<strong>CTA - Stwórz swój taras marzeń z ROLBEST</strong>

Chcesz, żeby Twój taras stał się naturalnym przedłużeniem salonu - funkcjonalnym, stylowym i przytulnym przez cały rok? Zadzwoń po bezpłatną wycenę i sprawdź, jak żaluzje fasadowe, shuttersy i żaluzje drewniane ROLBEST odmienią Twoją przestrzeń! Bezpłatna wycena - tel: 507 704 919","<h2>Taras jako przedłużenie salonu</h2><p><strong>Taras - Twoje miejsce relaksu pod kontrolą z pomocą ROLBEST</strong></p><p>Wyobraź sobie, że jesienny poranek spędzasz w salonie, a za przeszklonymi drzwiami taras wciąga Cię do środka. Chcesz go używać nie tylko latem? Marzysz o tym, by przestrzeń za oknem była przedłużeniem Twojej strefy komfortu przez cały rok? Znamy to - wielu właścicieli domów szuka właśnie takiego rozwiązania. Tylko jak połączyć funkcjonalność, światło i przytulność, gdy pogoda nie rozpieszcza?</p><h2>Outdoor/indoor w trendzie na jesień 2025</h2><p><strong>Żaluzje fasadowe i inne systemy osłonowe w trendzie na jesień 2025</strong></p><p>Jesień 2025 to czas, kiedy granica między domem a ogrodem praktycznie się zaciera. Wielu z nas, korzystając z nowych inspiracji wnętrzarskich, stawia na antracyt, drewno i biel. Te kolory królują zarówno w salonie, jak i na tarasie. Coraz większą popularność zyskują duże przeszklenia - pozwalają cieszyć się widokiem ogrodu nawet w chłodniejsze dni. Ale bez odpowiednich osłon okiennych, takich jak <strong>żaluzje fasadowe</strong> czy <strong>shuttersy</strong>, trudno o komfort cieplny i prywatność. To właśnie teraz, kiedy sezon letni się kończy, najwięcej osób pyta architektów, jak urządzić taras, by stał się częścią salonu przez cały rok.</p><h2>Typowe błędy przy aranżacji tarasu</h2><p><strong>PROBLEM - Typowe błędy przy aranżacji tarasu</strong></p><p>Najczęstszy błąd? Traktowanie tarasu tylko jako letniego dodatku. W praktyce oznacza to brak spójności stylistycznej - salon w innym klimacie niż taras, a do tego brak przemyślanych osłon okiennych. Jesienią i zimą pojawia się problem z utrzymaniem ciepła i prywatności. Właściciele domów często wybierają przypadkowe <strong>rolety</strong> lub <strong>żaluzje</strong>, które nie pasują do wymiarów dużych przeszkleń. Efekt? Zbyt ciemno, chłodno lub przeciwnie - za jasno i brak poczucia intymności. Do tego dochodzą kłopoty z utrzymaniem czystości oraz zniszczenia pod wpływem wilgoci. Wiele osób zapomina też o tym, że dobre <strong>żaluzje fasadowe</strong> czy <strong>shuttersy</strong> nie tylko chronią przed wzrokiem sąsiadów, ale też pozwalają precyzyjnie regulować światło - kluczowe, gdy chcesz stworzyć przytulny klimat na pograniczu salonu i tarasu.</p>[IMG2]<h2>Rozwiązanie ROLBEST</h2><p><strong>ROZWIĄZANIE ROLBEST - Żaluzje fasadowe, shuttersy i żaluzje drewniane</strong></p><p>Tutaj wchodzimy my, ROLBEST. Od 20 lat pomagamy właścicielom domów i architektom przekraczać granicę między wnętrzem a ogrodem. Nasze <strong>żaluzje fasadowe</strong> w kolorze antracytu to must-have dla nowoczesnych tarasów - nie tylko świetnie wyglądają, ale też skutecznie chronią przed słońcem, wiatrem i niechcianymi spojrzeniami. Dzięki możliwości płynnej regulacji lameli sam decydujesz, ile światła lub cienia wpuszczasz do środka. Jeśli zależy Ci na domowym cieple, postaw na <strong>shuttersy</strong> - <strong>okiennice wewnętrzne</strong>, które dodają elegancji i przytulności. Ich drewniana struktura świetnie koresponduje z białymi tekstyliami i naturalnymi dodatkami na tarasie. <strong>Żaluzje drewniane</strong> ROLBEST to propozycja dla tych, którzy kochają styl organiczny i chcą mieć kontrolę nad światłem nawet przy dużych przeszkleniach tarasowych.</p><p>Nasze produkty są projektowane na wymiar, więc nie musisz się martwić, że coś nie zagra. Stawiamy na wysoką jakość wykonania i odporność na warunki pogodowe. Dodatkowo, oferujemy szeroki wybór kolorów - od antracytu, przez ciepłe drewno, aż po klasyczną biel. Z nami nie tylko zyskujesz styl, ale przede wszystkim praktyczność i komfort przez cały rok.</p><h2>Poradnik praktyczny</h2><p><strong>PORADNIK PRAKTYCZNY - 5 sprawdzonych trików</strong></p><h3>Spójność kolorystyczna</h3><p><strong>Postaw na spójność kolorystyczną</strong> - Wybierz <strong>żaluzje fasadowe</strong> i <strong>shuttersy</strong> w kolorach, które powtarzają się w salonie i na tarasie. To najprostszy sposób na płynne połączenie obu stref.</p><h3>Kontrola światła</h3><p><strong>Dbaj o kontrolę światła</strong> - Zamontuj <strong>żaluzje drewniane</strong> lub <strong>żaluzje fasadowe</strong>, które pozwolą Ci regulować ilość dziennego światła i zapewnią intymność wieczorem.</p><h3>Produkty na wymiar</h3><p><strong>Wybierz produkty na wymiar</strong> - Unikniesz szpar i nieestetycznych docinek. ROLBEST wykonuje wszystkie <strong>osłony okienne</strong> indywidualnie, zgodnie z Twoimi potrzebami.</p><h3>Tekstylia i rośliny</h3><p><strong>Dodaj tekstylia i rośliny</strong> - Miękkie pledy, białe poduszki i duże donice z zielenią ocieplą aranżację i sprawią, że taras stanie się prawdziwym salonem pod chmurką.</p><h3>Praktyczne detale</h3><p><strong>Nie zapomnij o praktycznych detalach</strong> - Rozważ <strong>moskitiery</strong> na wymiar, by móc cieszyć się tarasem bez komarów nawet jesienią.</p>[IMG3]<p>Chcesz, żeby Twój taras stał się naturalnym przedłużeniem salonu - funkcjonalnym, stylowym i przytulnym przez cały rok? Zadzwoń po bezpłatną wycenę i sprawdź, jak <strong>żaluzje fasadowe</strong>, <strong>shuttersy</strong> i <strong>żaluzje drewniane</strong> ROLBEST odmienią Twoją przestrzeń! Bezpłatna wycena - tel: <a href=""tel:507704919"">507 704 919</a></p>","Taras jako przedłużenie salonu - jak to osiągnąć z ROLBEST na jesień 2025? 🏠 Wystarczy dobrać żaluzje fasadowe, shuttersy lub żaluzje drewniane dopasowane do Twoich potrzeb - dzięki nim zyskasz ciepło, styl i swobodną regulację światła przez cały rok. Nasze 20-letnie doświadczenie pokazuje, że to prostsze niż myślisz. Umów bezpłatną wycenę: 507 704 919. 🌞✨","Poranna kawa na tarasie, który harmonijnie łączy się z salonem - to Twój komfort przez cały rok, nie tylko latem. Żaluzje fasadowe, shuttersy i drewniane detale ROLBEST pozwalają precyzyjnie kontrolować światło, dbając o przytulność i styl. Jak Ty aranżujesz przestrzeń na pograniczu domu i ogrodu? Po więcej inspiracji zajrzyj na bloga - link w bio! #żaluzje #shutters #wnętrza #dom #rolbest #design #inspiracje",https://drive.google.com/file/d/1wmmIMW7iXxmTVfusTcSXlv8trGgwrncc/view?usp=drivesdk,1wmmIMW7iXxmTVfusTcSXlv8trGgwrncc,Opublikowano,Do akceptacji,https://drive.google.com/file/d/1YsfKXX9l-pXyqs4MOUZAO7PudImFgHaw/view?usp=drivesdk,1YsfKXX9l-pXyqs4MOUZAO7PudImFgHaw,https://drive.google.com/file/d/1V0E9YLFgrDS2SXaSojr9lm_NRv9XbRnl/view?usp=drivesdk,1V0E9YLFgrDS2SXaSojr9lm_NRv9XbRnl
14-09-2025,"Stylowy gabinet na jesień - elegancja i skupienie, czyli shuttersy i żaluzje drewniane ROLBEST","## <strong>Angielski gabinet na jesień - elegancja i skupienie z shuttersy i żaluzje drewniane ROLBEST

Masz dosyć pracy przy kuchennym stole, a domowy gabinet kojarzy Ci się z nudą i chaosem? Wyobraź sobie własną angielską bibliotekę: ciemne drewno, aksamitny fotel, zapach kawy, jesienne światło sączące się przez stylowe shuttersy. To nie tylko marzenie - to sposób na skupienie i elegancję, którą możesz mieć w swoim domu. Zobacz, jak wykorzystać osłony okienne ROLBEST, by stworzyć miejsce pracy i relaksu na poziomie.

### <strong>Shuttersy i żaluzje drewniane - powrót angielskiego stylu

Jesień to czas, kiedy wracamy do wnętrz i szukamy przytulności. W trendach aranżacyjnych 2025 na nowo królują klasyczne kolory: burgund, granat, stare złoto. Angielski gabinet zyskuje popularność, bo łączy wyrafinowanie z funkcjonalnością. Przemyślane detale, wysokiej klasy meble i odpowiednie światło to podstawa takiego wnętrza. 

Kluczem do sukcesu jest świadome zarządzanie światłem - bez względu na to, czy pracujesz, czy odpoczywasz z książką. Właśnie tu pojawiają się shuttersy i żaluzje drewniane ROLBEST. Te eleganckie osłony okienne nie tylko podkręcają styl, ale dają Ci totalną kontrolę nad klimatem w gabinecie. Warto więc zadbać o miejsce, gdzie światło, kolor i detale grają do jednej bramki.

### <strong>Błędy w wyborze osłon okiennych do gabinetu

Zbyt jasne, rażące światło? Za mało prywatności? A może rolety, które kompletnie nie pasują do stylu wnętrza? To najczęstsze wpadki podczas urządzania gabinetu. Wiele osób wybiera przypadkowe osłony okienne, zapominając, że to one budują nastrój i decydują o komforcie pracy. 

Niedopasowane żaluzje, zbyt ciężkie rolety lub brak możliwości płynnej regulacji światła to typowe błędy, które mogą zrujnować cały efekt. Zdarza się też, że wybieramy rozwiązania ""na chwilę"": tanie plisy czy rolety, które szybko się niszczą, nie pasują do reszty aranżacji i nie chronią przed wzrokiem sąsiadów. Pamiętaj, że w eleganckim gabinecie liczy się każdy detal - od koloru ścian, przez fakturę drewna, aż po wykończenie okien.

### <strong>Shuttersy i żaluzje drewniane ROLBEST - elegancja i funkcjonalność

Jeśli marzysz o angielskim gabinecie na jesień, shuttersy ROLBEST to Twój must-have. Te okiennice wewnętrzne dają efekt luksusu, a przy tym są praktyczne: pozwalają płynnie dozować światło, zapewniają prywatność i świetnie izolują od zewnętrznych hałasów. Dzięki nim możesz pracować w skupieniu nawet, gdy za oknem szaruga.

Żaluzje drewniane ROLBEST to drugi niezbędny element - ich naturalna faktura i głębia koloru wprowadzają do wnętrza ciepło i przytulność. Możesz dopasować je do odcienia mebli czy parkietu, a szerokość lameli pozwala kontrolować ilość światła z chirurgiczną precyzją. Oba rozwiązania mają jeszcze jedną zaletę: świetnie wyglądają zarówno w klasycznych, jak i nowoczesnych wnętrzach, więc możesz cieszyć się ponadczasowym stylem przez lata.

ROLBEST to 20 lat doświadczenia i setki udanych realizacji. Każda osłona okienna powstaje na wymiar - wybierasz kolor, wykończenie i detale. Montaż? Szybki i bezproblemowy. Efekt? Gabinet, w którym chce się pracować, czytać i odpoczywać.

### <strong>Praktyczne wskazówki - jak stworzyć stylowy gabinet z ROLBEST

#### <strong>Shuttersy ROLBEST - jak wykorzystać
- Zamontuj shuttersy na całej wysokości okna, by zyskać pełną kontrolę nad światłem i prywatnością.
- Postaw na jasne lub głębokie kolory: biel doda lekkości, ciemny brąz podkreśli angielski klimat.

#### <strong>Żaluzje drewniane - detale mają znaczenie
- Wybierz szerokie lamele (np. 50 mm), które optycznie powiększą okno i dodadzą wnętrzu elegancji.
- Postaw na ciepłe odcienie drewna - świetnie komponują się z burgundem, granatem i złotem.

#### <strong>Łącz produkty dla najlepszego efektu
- W dużych oknach połącz shuttersy z żaluzjami drewnianymi w podobnej kolorystyce.
- Dodaj rolety rzymskie lub rolety pilsowane (plisy) jako dodatkową warstwę, by uzyskać jeszcze większą elastyczność w aranżacji światła.

#### <strong>Akcesoria dopełniające styl
- Ustaw na parapecie klasyczną lampę lub świecznik - światło odbite od shuttersów tworzy niesamowity klimat.
- Dobierz tekstylia w kolorach sezonu, które podkreślą angielski charakter wnętrza.

### <strong>Stwórz swój wymarzony gabinet z ROLBEST

Nie zostawiaj aranżacji gabinetu przypadkowi. Wybierz rozwiązania, które łączą styl, wygodę i funkcjonalność - shuttersy i żaluzje drewniane ROLBEST to inwestycja w Twój komfort przez cały rok. Masz pytania lub chcesz sprawdzić, jak wybrany model będzie wyglądał u Ciebie? Skorzystaj z naszej bezpłatnej wyceny - tel: 507 704 919. Z ROLBEST Twój domowy gabinet nabierze angielskiego charakteru i stanie się miejscem, w którym naprawdę chce się pracować.","<h2>Elegancki gabinet na jesień</h2><p>Masz dosyć pracy przy kuchennym stole, a domowy gabinet kojarzy Ci się z nudą i chaosem? Wyobraź sobie własną bibliotekę w stylu angielskim: ciemne drewno, aksamitny fotel, zapach kawy, jesienne światło sączące się przez stylowe <strong>shuttersy (okiennice drewniane)</strong>. To nie tylko marzenie - to sposób na skupienie i elegancję, którą możesz mieć w swoim domu. Zobacz, jak wykorzystać osłony okienne <strong>ROLBEST</strong>, by stworzyć miejsce pracy i relaksu na poziomie.</p><h2>Shuttersy i żaluzje drewniane</h2><p>Jesień to czas, kiedy wracamy do wnętrz i szukamy przytulności. W trendach aranżacyjnych 2025 na nowo królują klasyczne kolory: burgund, granat, stare złoto. Angielski gabinet zyskuje popularność, bo łączy wyrafinowanie z funkcjonalnością. Przemyślane detale, wysokiej klasy meble i odpowiednie światło to podstawa takiego wnętrza.</p><p>Kluczem do sukcesu jest świadome zarządzanie światłem - bez względu na to, czy pracujesz, czy odpoczywasz z książką. Właśnie tu pojawiają się <strong>drewniane shuttersy</strong> i <strong>żaluzje drewniane</strong> <strong>ROLBEST</strong>. Te eleganckie osłony okienne nie tylko podkręcają styl, ale dają Ci totalną kontrolę nad klimatem w gabinecie. Warto więc zadbać o miejsce, gdzie światło, kolor i detale grają do jednej bramki.</p><h2>Błędy w wyborze osłon okiennych</h2><p>Zbyt jasne, rażące światło? Za mało prywatności? A może <strong>rolety materiałowe</strong>, które kompletnie nie pasują do stylu wnętrza? To najczęstsze wpadki podczas urządzania gabinetu. Wiele osób wybiera przypadkowe osłony okienne, zapominając, że to one budują nastrój i decydują o komforcie pracy.</p><p>Niedopasowane <strong>żaluzje</strong>, zbyt ciężkie <strong>rolety</strong> lub brak możliwości płynnej regulacji światła to typowe błędy, które mogą zrujnować cały efekt. Zdarza się też, że wybieramy rozwiązania ""na chwilę"": tanie plisy czy <strong>rolety</strong>, które szybko się niszczą, nie pasują do reszty aranżacji i nie chronią przed wzrokiem sąsiadów. Pamiętaj, że w eleganckim gabinecie liczy się każdy detal - od koloru ścian, przez fakturę drewna, aż po wykończenie okien.</p>[IMG2]<h2>Shuttersy i żaluzje drewniane ROLBEST</h2><p>Jeśli marzysz o angielskim gabinecie na jesień, <strong>shuttersy</strong> <strong>ROLBEST</strong> to Twój must-have. Te <strong>okiennice wewnętrzne</strong> dają efekt luksusu, a przy tym są praktyczne: pozwalają płynnie dozować światło, zapewniają prywatność i świetnie izolują od zewnętrznych hałasów. Dzięki nim możesz pracować w skupieniu nawet, gdy za oknem szaruga.</p><p><strong>Żaluzje drewniane</strong> <strong>ROLBEST</strong> to drugi niezbędny element - ich naturalna faktura i głębia koloru wprowadzają do wnętrza ciepło i przytulność. Możesz dopasować je do odcienia mebli czy parkietu, a szerokość lameli pozwala kontrolować ilość światła z chirurgiczną precyzją. Oba rozwiązania mają jeszcze jedną zaletę: świetnie wyglądają zarówno w klasycznych, jak i nowoczesnych wnętrzach, więc możesz cieszyć się ponadczasowym stylem przez lata.</p><p><strong>ROLBEST</strong> to 20 lat doświadczenia i setki udanych realizacji. Każda osłona okienna powstaje na wymiar - wybierasz kolor, wykończenie i detale. Montaż? Szybki i bezproblemowy. Efekt? Gabinet, w którym chce się pracować, czytać i odpoczywać.</p><h2>Praktyczne wskazówki</h2><h3>Shuttersy ROLBEST</h3><ul><li><strong>Zamontuj shuttersy</strong> na całej wysokości okna, by zyskać pełną kontrolę nad światłem i prywatnością.</li><li><strong>Postaw na jasne</strong> lub głębokie kolory: biel doda lekkości, ciemny brąz podkreśli angielski klimat.</li></ul><h3>Żaluzje drewniane</h3><ul><li><strong>Wybierz szerokie lamele</strong> (np. 50 mm), które optycznie powiększą okno i dodadzą wnętrzu elegancji.</li><li><strong>Postaw na ciepłe</strong> odcienie drewna - świetnie komponują się z burgundem, granatem i złotem.</li></ul><h3>Łącz produkty</h3><ul><li><strong>W dużych oknach</strong> połącz shuttersy z żaluzjami drewnianymi w podobnej kolorystyce.</li><li><strong>Dodaj rolety rzymskie</strong> lub <strong>rolety pilsowane</strong> (plisy) jako dodatkową warstwę, by uzyskać jeszcze większą elastyczność w aranżacji światła.</li></ul><h3>Akcesoria dopełniające styl</h3><ul><li><strong>Ustaw na parapecie</strong> klasyczną lampę lub świecznik - światło odbite od shuttersów tworzy niesamowity klimat.</li><li><strong>Dobierz tekstylia</strong> w kolorach sezonu, które podkreślą angielski charakter wnętrza.</li></ul><h2>Stwórz swój wymarzony gabinet</h2><p>Nie zostawiaj aranżacji gabinetu przypadkowi. Wybierz rozwiązania, które łączą styl, wygodę i funkcjonalność - <strong>shuttersy</strong> i <strong>żaluzje drewniane</strong> <strong>ROLBEST</strong> to inwestycja w Twój komfort przez cały rok. Masz pytania lub chcesz sprawdzić, jak wybrany model będzie wyglądał u Ciebie? Skorzystaj z naszej bezpłatnej wyceny - tel: <a href=""tel:507704919"">507 704 919</a>. Z <strong>ROLBEST</strong> Twój domowy gabinet nabierze angielskiego charakteru i stanie się miejscem, w którym naprawdę chce się pracować.</p>[IMG3]<p>Umów bezpłatną wycenę: <a href=""tel:507704919"">507 704 919</a></p>","Angielski gabinet na jesień - elegancja i skupienie z shuttersy i żaluzje drewniane ROLBEST? Prostym sposobem na stylowe i wygodne miejsce do pracy jest dobór osłon okiennych, które zapewnią kontrolę nad światłem i prywatność. Nasze 20-letnie doświadczenie pokazuje, że detale robią różnicę. Umów bezpłatną wycenę: 507 704 919. ✨🏠📞","Poranna kawa w otoczeniu ciemnego drewna, miękki fotel i jesienne światło łagodnie wpadające przez stylowe shuttersy... Tak rodzi się klimat skupienia i elegancji, który zachęca do twórczej pracy i odpoczynku. Kontrola światła w gabinecie ROLBEST to nie tylko funkcja - to emocje i przytulność na co dzień. A Ty, jak dbasz o atmosferę w swoim domowym biurze? Więcej inspiracji czeka na blogu - link w bio. #shutters #żaluzje #rolbest #wnętrza #dom #inspiracje #design",https://drive.google.com/file/d/1CwMWkmpN-rEgL_aOyuFft8vCKcQBi5s1/view?usp=drivesdk,1CwMWkmpN-rEgL_aOyuFft8vCKcQBi5s1,Opublikowano,Do akceptacji,https://drive.google.com/file/d/1ayRTNY2gkqyEmD2_GGr3lDgfBJJ7KZq3/view?usp=drivesdk,1ayRTNY2gkqyEmD2_GGr3lDgfBJJ7KZq3,https://drive.google.com/file/d/1HKOtvcx0SsVfuE5EALTuzk6H6vtJ4Eue/view?usp=drivesdk,1HKOtvcx0SsVfuE5EALTuzk6H6vtJ4Eue
15-09-2025,"Salon w stylu skandynawskim na jesień - przytulność i światło, czyli rolety plisowane (plisy), shuttersy i żaluzje drewniane od ROLBEST","<h1>Salon w stylu skandynawskim na jesień - przytulność i światło dzięki rolety pilsowane (plisy), shuttersy i żaluzje drewniane</h1>

<strong>HOOK</strong>

Wyobraź sobie jesienny wieczór - za oknem szarówka, a Ty szukasz w swoim salonie miejsca, które naprawdę sprzyja relaksowi. Chcesz, żeby było jasno, ale nie rażąco; przytulnie, ale bez nadmiaru bibelotów. Brzmi znajomo? Skandynawski styl daje gotowy przepis na takie wnętrze - musisz tylko dobrze wykorzystać światło i naturalne materiały.

<strong>KONTEKST</strong>

Dlaczego właśnie teraz warto pomyśleć o metamorfozie salonu w duchu skandynawskim? Po pierwsze - jesień to czas, gdy dom staje się naszym azylem, a my szukamy równowagi między światłem a przytulnością. Po drugie - trend na jasne, minimalistyczne wnętrza z elementami drewna i naturalnych tkanin nie zwalnia tempa i w 2025 roku będzie jeszcze bardziej widoczny w polskich mieszkaniach. Skandynawski styl pozwala maksymalnie wykorzystać światło dzienne, a jednocześnie daje poczucie spokoju i prostoty. Klucz to nie tylko odpowiednie kolory czy meble, ale także dobrze dobrane osłony okienne, które pozwolą Ci precyzyjnie sterować atmosferą w salonie przez cały sezon.

<strong>PROBLEM</strong>

Wielu właścicieli domów popełnia wciąż te same błędy: wybierają ciężkie zasłony, które zabierają światło, albo zupełnie rezygnują z osłon okiennych, przez co tracą kontrolę nad prywatnością i komfortem cieplnym. W efekcie salon zamiast być miejscem relaksu, staje się ciemny lub zbyt odsłonięty - a jesień to przecież czas, gdy szczególnie doceniamy ciepło i poczucie bezpieczeństwa. Inny częsty błąd to ignorowanie roli światła w budowaniu nastroju - nikt nie chce po pracy wracać do pokoju, który przypomina poczekalnię. Brak elastyczności w regulacji światła, nieodpowiednie materiały i przypadkowo dobrane kolory potrafią zrujnować każdy, nawet najlepiej zaprojektowany salon. W skandynawskim stylu kluczowe są detale: odpowiednia ilość światła, stonowane barwy, a także dodatki, które nie przytłaczają przestrzeni.

<strong>ROZWIĄZANIE ROLBEST</strong>

Co zrobić, żeby Twój salon stał się prawdziwą skandynawską oazą na jesień? Zacznij od wyboru funkcjonalnych, ale stylowych osłon okiennych. <strong>Rolety pilsowane (plisy)</strong> to absolutny must-have tego sezonu - lekko rozpraszają światło, pozwalają na precyzyjne ustawienie poziomu prywatności i nie dominują we wnętrzu. Dzięki szerokiej palecie jasnych kolorów, bez problemu dopasujesz je do bieli, beżu czy szarości - podstawowych barw skandynawskiego stylu.

<strong>Żaluzje drewniane</strong> sprawią, że do Twojego salonu wkradnie się nutka natury. Drewno ociepla przestrzeń i świetnie komponuje się z lnianymi zasłonami czy wełnianymi pledami. Jeśli zależy Ci na jeszcze większej kontroli nad światłem i chcesz nadać wnętrzu bardziej designerski charakter, postaw na <strong>shuttersy - okiennice wewnętrzne</strong>. To rozwiązanie, które nie tylko podkreśla minimalistyczny charakter, ale też świetnie izoluje od chłodu i wścibskich spojrzeń zza okna.

Produkty ROLBEST są projektowane dokładnie z myślą o takich przestrzeniach - lekkie, estetyczne, łatwe w obsłudze i trwałe. Oferujemy szeroką gamę kolorystyczną i możliwość dopasowania do każdego typu okna. Dzięki temu stworzysz salon, który będzie nie tylko piękny, ale także praktyczny przez całą jesień i zimę.

<strong>PORADNIK PRAKTYCZNY</strong>

<strong>1. Wybierz rolety pilsowane (plisy) w jasnych odcieniach</strong> - Białe, kremowe lub szare rolety rozświetlą salon i dodadzą mu lekkości. Pamiętaj, aby dobrać model pozwalający na częściowe zasłanianie okna od dołu lub od góry - to podstawa elastyczności.

<strong>2. Żaluzje drewniane do strefy relaksu</strong> - Zamontuj żaluzje drewniane przy kanapie lub fotelu - naturalne drewno stworzy przytulny klimat i pozwoli Ci regulować ilość światła dokładnie tam, gdzie czytasz lub odpoczywasz.

<strong>3. Shuttersy - okiennice wewnętrzne w roli separatora</strong> - Jeśli masz aneks lub otwarty salon, shuttersy sprawdzą się jako stylowy sposób na wydzielenie strefy relaksu. Dodatkowy plus: łatwo utrzymać je w czystości.

<strong>4. Stawiaj na naturalne dodatki</strong> - Miękkie pledy, poduszki z lnianych tkanin i dużo roślin - to dopełni efekt ""hygge"" i sprawi, że salon stanie się Twoją jesienną oazą.

<strong>5. Graj światłem</strong> - Eksperymentuj z ustawieniami osłon - w pochmurne dni odsłoń okna do maksimum, a wieczorami zamknij rolety pilsowane (plisy) lub shuttersy, by zatrzymać ciepło i zbudować kameralny nastrój.

<strong>CTA</strong>

Zmień swój salon w przytulną, skandynawską przestrzeń! Zamów bezpłatną wycenę na rolety pilsowane (plisy), żaluzje drewniane lub shuttersy już dziś - tel: 507 704 919. Pozwól sobie na komfort, światło i styl tej jesieni z ROLBEST!","<h2>Przytulność i światło</h2><p>Wyobraź sobie jesienny wieczór - za oknem szarówka, a Ty szukasz w swoim salonie miejsca, które naprawdę sprzyja relaksowi. Chcesz, żeby było jasno, ale nie rażąco; przytulnie, ale bez nadmiaru bibelotów. Brzmi znajomo? Skandynawski styl daje gotowy przepis na takie wnętrze - musisz tylko dobrze wykorzystać światło i naturalne materiały.</p><h2>Dlaczego skandynawski styl?</h2><p>Dlaczego właśnie teraz warto pomyśleć o metamorfozie salonu w duchu skandynawskim? Po pierwsze - jesień to czas, gdy dom staje się naszym azylem, a my szukamy równowagi między światłem a przytulnością. Po drugie - trend na jasne, minimalistyczne wnętrza z elementami drewna i naturalnych tkanin nie zwalnia tempa i w 2025 roku będzie jeszcze bardziej widoczny w polskich mieszkaniach. Skandynawski styl pozwala maksymalnie wykorzystać światło dzienne, a jednocześnie daje poczucie spokoju i prostoty. Klucz to nie tylko odpowiednie kolory czy meble, ale także dobrze dobrane <strong>osłony okienne</strong>, które pozwolą Ci precyzyjnie sterować atmosferą w salonie przez cały sezon.</p><h2>Problem</h2><p>Wielu właścicieli domów popełnia wciąż te same błędy: wybierają ciężkie zasłony, które zabierają światło, albo zupełnie rezygnują z <strong>osłon okiennych</strong>, przez co tracą kontrolę nad prywatnością i komfortem cieplnym. W efekcie salon zamiast być miejscem relaksu, staje się ciemny lub zbyt odsłonięty - a jesień to przecież czas, gdy szczególnie doceniamy ciepło i poczucie bezpieczeństwa. Inny częsty błąd to ignorowanie roli światła w budowaniu nastroju - nikt nie chce po pracy wracać do pokoju, który przypomina poczekalnię. Brak elastyczności w regulacji światła, nieodpowiednie materiały i przypadkowo dobrane kolory potrafią zrujnować każdy, nawet najlepiej zaprojektowany salon. W skandynawskim stylu kluczowe są detale: odpowiednia ilość światła, stonowane barwy, a także dodatki, które nie przytłaczają przestrzeni.</p>[IMG2]<h2>Rozwiązanie ROLBEST</h2><p>Co zrobić, żeby Twój salon stał się prawdziwą skandynawską oazą na jesień? Zacznij od wyboru funkcjonalnych, ale stylowych <strong>osłon okiennych</strong>. <strong>Rolety pilsowane (plisy)</strong> to absolutny must-have tego sezonu - lekko rozpraszają światło, pozwalają na precyzyjne ustawienie poziomu prywatności i nie dominują we wnętrzu. Dzięki szerokiej palecie jasnych kolorów, bez problemu dopasujesz je do bieli, beżu czy szarości - podstawowych barw skandynawskiego stylu.</p><p><strong>Żaluzje drewniane</strong> sprawią, że do Twojego salonu wkradnie się nutka natury. Drewno ociepla przestrzeń i świetnie komponuje się z lnianymi zasłonami czy wełnianymi pledami. Jeśli zależy Ci na jeszcze większej kontroli nad światłem i chcesz nadać wnętrzu bardziej designerski charakter, postaw na <strong>shuttersy - okiennice wewnętrzne</strong>. To rozwiązanie, które nie tylko podkreśla minimalistyczny charakter, ale też świetnie izoluje od chłodu i wścibskich spojrzeń zza okna.</p><p>Produkty ROLBEST są projektowane dokładnie z myślą o takich przestrzeniach - lekkie, estetyczne, łatwe w obsłudze i trwałe. Oferujemy szeroką gamę kolorystyczną i możliwość dopasowania do każdego typu okna. Dzięki temu stworzysz salon, który będzie nie tylko piękny, ale także praktyczny przez całą jesień i zimę.</p><h2>Poradnik praktyczny</h2><h3>1. Wybierz rolety pilsowane (plisy) w jasnych odcieniach</h3><p>Białe, kremowe lub szare rolety rozświetlą salon i dodadzą mu lekkości. Pamiętaj, aby dobrać model pozwalający na częściowe zasłanianie okna od dołu lub od góry - to podstawa elastyczności.</p><h3>2. Żaluzje drewniane do strefy relaksu</h3><p>Zamontuj <strong>żaluzje drewniane</strong> przy kanapie lub fotelu - naturalne drewno stworzy przytulny klimat i pozwoli Ci regulować ilość światła dokładnie tam, gdzie czytasz lub odpoczywasz.</p><h3>3. Shuttersy - okiennice wewnętrzne w roli separatora</h3><p>Jeśli masz aneks lub otwarty salon, <strong>shuttersy</strong> sprawdzą się jako stylowy sposób na wydzielenie strefy relaksu. Dodatkowy plus: łatwo utrzymać je w czystości.</p><h3>4. Stawiaj na naturalne dodatki</h3><p>Miękkie pledy, poduszki z lnianych tkanin i dużo roślin - to dopełni efekt ""hygge"" i sprawi, że salon stanie się Twoją jesienną oazą.</p><h3>5. Graj światłem</h3><p>Eksperymentuj z ustawieniami osłon - w pochmurne dni odsłoń okna do maksimum, a wieczorami zamknij <strong>rolety pilsowane (plisy)</strong> lub <strong>shuttersy</strong>, by zatrzymać ciepło i zbudować kameralny nastrój.</p>[IMG3]<p>Umów bezpłatną wycenę: <a href=""tel:507704919"">507 704 919</a></p>","Salon w stylu skandynawskim na jesień - jak zyskać przytulność i mnóstwo światła? Odpowiednio dobrane plisy, żaluzje drewniane lub shuttersy pozwolą Ci stworzyć jasny i komfortowy salon na chłodne dni. Nasze 20-letnie doświadczenie pokazuje, że dobór okiennych osłon naprawdę robi różnicę! Umów bezpłatną wycenę: 507 704 919 🏠✨📞","Poranna kawa w salonie zalanym naturalnym światłem, miękki pled, cisza - to właśnie hygge jesiennego skandynawskiego wnętrza. Regulując światło roletami plisowanymi, shuttersami czy żaluzjami drewnianymi, tworzysz przytulność, która koi zmysły. Czy Twój salon daje Ci poczucie spokoju na jesienne dni? Więcej inspiracji czeka na blogu - link w bio. #rolety #żaluzje #shutters #wnętrza #dom #rolbest #inspiracje",https://drive.google.com/file/d/1WI-Srj8Axh6BVxaPYi5phU_jwUDM-fk0/view?usp=drivesdk,1WI-Srj8Axh6BVxaPYi5phU_jwUDM-fk0,Opublikowano,Do akceptacji,https://drive.google.com/file/d/1BajYUzGOMgMM2y6zyoEfmQ2060kNFmR5/view?usp=drivesdk,1BajYUzGOMgMM2y6zyoEfmQ2060kNFmR5,https://drive.google.com/file/d/1PUVDk22l6tkQceh3teRHUZ1FwYL5CYGl/view?usp=drivesdk,1PUVDk22l6tkQceh3teRHUZ1FwYL5CYGl
16-09-2025,"Ergonomia i światło w industrialnej kuchni - żaluzje drewniane, shuttersy i żaluzje fasadowe ROLBEST na jesień","<h1>Ergonomia i światło w industrialnej kuchni - żaluzje drewniane, shuttersy i żaluzje fasadowe ROLBEST na jesień</h1>

<strong>HOOK - Światło i wygoda na wagę złota</strong>

Znasz to uczucie, gdy jesienny wieczór w kuchni wydaje się zbyt ciemny, a poranna kawa nie smakuje przez brak światła? Industrialna kuchnia z jadalnią potrafi zachwycić stylem, ale bez dobrego doświetlenia i wygodnej aranżacji szybko staje się miejscem, gdzie nie chce się spędzać czasu. Jeśli marzysz o przestrzeni pięknej i praktycznej, przeczytaj, jak połączyć designerski klimat z codzienną wygodą.

<strong>KONTEKST - Dlaczego światło i ergonomia są kluczowe?</strong>

Jesień w Polsce to coraz krótsze dni i dłuższe wieczory - światło dzienne staje się towarem deficytowym, a kuchnia z jadalnią to przecież serce domu. Industrialny styl - cegła, stal, ciemne drewno - jest nadal na topie, ale niesie ze sobą wyzwania: duże przeszklenia wymagają przemyślanej kontroli światła i prywatności. Jednocześnie coraz częściej wybieramy otwarte kuchnie, które mają być nie tylko piękne, ale przede wszystkim funkcjonalne. Przemyślana aranżacja, odpowiednie osłony okienne, takie jak żaluzje drewniane, shuttersy czy żaluzje fasadowe, realnie wpływają na Twój komfort każdego dnia.

<strong>PROBLEM - Typowe błędy w aranżacji industrialnej kuchni</strong>

Wielu właścicieli domów daje się ponieść modzie na loftowe wnętrza, zapominając o codziennych potrzebach. Najczęstszy błąd? Brak kontroli światła - wielkie okna pięknie wyglądają na zdjęciach, ale w praktyce oznaczają poranne oślepienie i wieczorny brak intymności. Często zaniedbujemy też ergonomię: ciężkie zasłony kurzą się i są niepraktyczne w kuchni, a tanie rolety czy plisy szybko się brudzą i nie pasują do surowego stylu. W efekcie kuchnia traci swoją przytulność, a gotowanie czy spotkania przy stole przestają sprawiać przyjemność. W industrialnych wnętrzach łatwo o przesadę z surowością - bez odpowiednich osłon okiennych wnętrze bywa po prostu zimne i nieprzyjazne.

<strong>ROZWIĄZANIE ROLBEST - Żaluzje drewniane, shuttersy i żaluzje fasadowe</strong>

Tu na scenę wchodzą rozwiązania stworzone z myślą o takich wyzwaniach. ROLBEST od 20 lat rozwija produkty, które łączą design z wygodą - a w industrialnej kuchni sprawdzają się idealnie. <strong>Żaluzje drewniane</strong> to must have: ciepło naturalnego drewna łagodzi surowość cegły i stali, a Ty decydujesz, ile światła wpuszczasz do wnętrza. <strong>Shuttersy</strong> - czyli okiennice wewnętrzne - to nie tylko stylowy akcent, ale i praktyczna ochrona przed wzrokiem sąsiadów oraz zmienną pogodą. Jeśli masz duże przeszklenia, postaw na <strong>żaluzje fasadowe</strong> - z zewnątrz podkreślają loftowy charakter budynku, a od środka pozwalają precyzyjnie regulować ilość światła i chronią przed przegrzewaniem pomieszczenia. Każde z tych rozwiązań daje pełną kontrolę - rano możesz rozproszyć ostre promienie, a wieczorem stworzyć intymny klimat. Dodatkowo, produkty ROLBEST są projektowane z myślą o łatwym czyszczeniu i odporności na zabrudzenia, co w kuchni ma kluczowe znaczenie. Nie musisz wybierać między stylem a funkcjonalnością - możesz mieć jedno i drugie.

<strong>PORADNIK PRAKTYCZNY - 5 rad od eksperta ROLBEST</strong>

1. <strong>Postaw na żaluzje drewniane w ciepłym odcieniu</strong> - rozjaśnią wnętrze, a jednocześnie nie zaburzą industrialnego klimatu. Są łatwe do szybkiego przetarcia, nie przyciągają tłuszczu jak tekstylia.
2. <strong>Shuttersy w strefie jadalni</strong> - pozwolą Ci dowolnie dzielić światło, a także zapewnią prywatność podczas rodzinnych posiłków. Ich klasyczny wygląd świetnie komponuje się z cegłą i stalą.
3. <strong>Żaluzje fasadowe na duże przeszklenia</strong> - to inwestycja w komfort przez cały rok. Chronią przed jesiennym chłodem i letnim słońcem, a Ty masz kontrolę bez wychodzenia z domu (możliwość automatyzacji!).
4. <strong>Unikaj ciężkich zasłon</strong> - zamiast nich wybierz nowoczesne osłony okienne, które nie pochłaniają zapachów i są odporne na wilgoć.
5. <strong>Dbaj o spójność stylu</strong> - wybierając żaluzje, shuttersy czy żaluzje fasadowe ROLBEST, dobieraj je kolorystycznie do frontów kuchennych lub ram okiennych dla efektu wow.

<strong>CTA - Bezpłatna wycena Twojej industrialnej kuchni</strong>

Nie pozwól, by jesień zabrała Twojej kuchni styl i wygodę! Umów się na <strong>bezpłatną wycenę</strong> i sprawdź, jak żaluzje drewniane, shuttersy lub żaluzje fasadowe ROLBEST mogą odmienić Twoją przestrzeń. Zadzwoń już dziś: <strong>tel: 507 704 919</strong> i poczuj różnicę na własnej skórze!","<h2>Światło i wygoda na wagę złota</h2><p>Znasz to uczucie, gdy jesienny wieczór w kuchni wydaje się zbyt ciemny, a poranna kawa nie smakuje przez brak światła? Industrialna kuchnia z jadalnią potrafi zachwycić stylem, ale bez dobrego doświetlenia i wygodnej aranżacji szybko staje się miejscem, gdzie nie chce się spędzać czasu. Jeśli marzysz o przestrzeni pięknej i praktycznej, przeczytaj, jak połączyć designerski klimat z codzienną wygodą.</p><h2>Dlaczego światło i ergonomia są kluczowe?</h2><p>Jesień w Polsce to coraz krótsze dni i dłuższe wieczory - światło dzienne staje się towarem deficytowym, a kuchnia z jadalnią to przecież serce domu. Industrialny styl - cegła, stal, ciemne drewno - jest nadal na topie, ale niesie ze sobą wyzwania: duże przeszklenia wymagają przemyślanej kontroli światła i prywatności. Jednocześnie coraz częściej wybieramy otwarte kuchnie, które mają być nie tylko piękne, ale przede wszystkim funkcjonalne. Przemyślana aranżacja, odpowiednie <strong>osłony okienne</strong>, takie jak <strong>wewnętrzne żaluzje drewniane</strong>, <strong>shuttersy</strong> czy <strong>żaluzje fasadowe</strong>, realnie wpływają na Twój komfort każdego dnia.</p><h2>Typowe błędy w aranżacji industrialnej kuchni - ROLBEST pomoże ich uniknąć</h2><p>Wielu właścicieli domów daje się ponieść modzie na loftowe wnętrza, zapominając o codziennych potrzebach. Najczęstszy błąd? Brak kontroli światła - wielkie okna pięknie wyglądają na zdjęciach, ale w praktyce oznaczają poranne oślepienie i wieczorny brak intymności. Często zaniedbujemy też ergonomię: ciężkie zasłony kurzą się i są niepraktyczne w kuchni, a materiałowe <strong>rolety</strong> czy <strong>plisy</strong> szybko się brudzą i nie pasują do surowego stylu. W efekcie kuchnia traci swoją przytulność, a gotowanie czy spotkania przy stole przestają sprawiać przyjemność. W industrialnych wnętrzach łatwo o przesadę z surowością - bez odpowiednich <strong>osłon okiennych</strong> wnętrze bywa po prostu zimne i nieprzyjazne.</p>[IMG2]<h2>Rozwiązanie ROLBEST</h2><p>Tu z pomocą wchodzą rozwiązania stworzone z myślą o takich wyzwaniach. ROLBEST od 20 lat rozwija produkty, które łączą design z wygodą - a w industrialnej kuchni sprawdzają się idealnie. <strong>Żaluzje drewniane</strong> to must have: ciepło naturalnego drewna łagodzi surowość cegły i stali, a Ty decydujesz, ile światła wpuszczasz do wnętrza. <strong>Shuttersy</strong> - czyli <strong>okiennice wewnętrzne</strong> - to nie tylko stylowy akcent, ale i praktyczna ochrona przed wzrokiem sąsiadów oraz zmienną pogodą. Jeśli masz duże przeszklenia, postaw na <strong>żaluzje fasadowe</strong> - z zewnątrz podkreślają loftowy charakter budynku, a od środka pozwalają precyzyjnie regulować ilość światła i chronią przed przegrzewaniem pomieszczenia. Każde z tych rozwiązań daje pełną kontrolę - rano możesz rozproszyć ostre promienie, a wieczorem stworzyć intymny klimat. Dodatkowo, produkty ROLBEST są projektowane z myślą o łatwym czyszczeniu i odporności na zabrudzenia, co w kuchni ma kluczowe znaczenie. Nie musisz wybierać między stylem a funkcjonalnością - możesz mieć jedno i drugie.</p><h2>Poradnik praktyczny</h2><h3>Postaw na żaluzje drewniane od ROLBEST</h3><p><strong>Żaluzje drewniane</strong> w ciepłym odcieniu rozjaśnią wnętrze, a jednocześnie nie zaburzą industrialnego klimatu. Są łatwe do szybkiego przetarcia, nie przyciągają tłuszczu jak tekstylia.</p><h3>Shuttersy, czyli okiennice drewniane w strefie jadalni</h3><p><strong>Shuttersy</strong> pozwolą Ci dowolnie dzielić światło, a także zapewnią prywatność podczas rodzinnych posiłków. Ich klasyczny wygląd świetnie komponuje się z cegłą i stalą.</p><h3>Żaluzje fasadowe na duże przeszklenia</h3><p><strong>Podtynkowe żaluzje fasadowe</strong> to inwestycja w komfort przez cały rok. Chronią przed jesiennym chłodem i letnim słońcem, a Ty masz kontrolę bez wychodzenia z domu (możliwość automatyzacji!).</p><h3>Unikaj ciężkich zasłon</h3><p> zamiast nich wybierz nowoczesne <strong>osłony okienne</strong>, które nie pochłaniają zapachów i są odporne na wilgoć.</p><h3>Dbaj o spójność stylu</h3><p>wybierając <strong>żaluzje drewniane lub żaluzje aluminiowe</strong>, <strong>shuttersy</strong> czy <strong>żaluzje fasadowe</strong> ROLBEST, dobieraj je kolorystycznie do frontów kuchennych lub ram okiennych dla efektu wow.</p>[IMG3]<p>Umów  się na bezpłatną wycenę: <a href=""tel:507704919"">507 704 919</a></p> Warszawa i oklice - jesteśmy do Twojej dyspozycj!","Poranki pełne światła ☀️ i kolacje w przytulnym klimacie 🍱🍷- niezależnie od wnętrza, liczy się nie tylko styl, ale też wygoda 🙌. Odpowiednio dobrane żaluzje drewniane, shuttersy lub żaluzje fasadowe ROLBEST pozwalają regulować światło, zachować prywatność i podnieść funkcjonalność kuchni. Nasze 20-letnie doświadczenie pokazuje, że możesz mieć styl i wygodę jednocześnie 💪. Umów się na bezpłatną wycenę: 507 704 919. 🏠 🌞 👨‍🔧","Poranki pełne światła ☀️ i kolacje w przytulnym klimacie 🍱🍷- w industrialnej kuchni liczy się nie tylko styl, ale też wygoda 🙌. Odpowiednia kontrola światła dzięki żaluzjom drewnianym, shuttersom czy żaluzjom fasadowym ROLBEST sprawia, że codzienność nabiera wyjątkowej jakości. A Ty - wiesz, jak światło wpływa na Twoje wnętrze? Odkryj więcej inspiracji na blogu 💡- link w bio. #żaluzje #shutters #wnętrza #dom #rolbest #inspiracje #design #wood #home #autumn #homedecor",https://drive.google.com/file/d/1sms89yCQ6RPqGgnx-iDDKkB6tZeDucZv/view?usp=drivesdk,1sms89yCQ6RPqGgnx-iDDKkB6tZeDucZv,Opublikowano,Opublikowano,https://drive.google.com/file/d/1cXkbR-Q5WvifsH-EMVm3tjJjLWWMAVam/view?usp=drivesdk,1cXkbR-Q5WvifsH-EMVm3tjJjLWWMAVam,https://drive.google.com/file/d/1XsSDHu9dbj8lP4tqD-Y4arGI-x2IGejF/view?usp=drivesdk,1XsSDHu9dbj8lP4tqD-Y4arGI-x2IGejF
17-09-2025,"Jesienna sypialnia - ciepło i styl, czyli shuttersy, żaluzje drewniane i żaluzje fasadowe ROLBEST","<h1>Jesienna sypialnia - ciepło i styl dzięki shuttersy, żaluzje drewniane i żaluzje fasadowe</h1>

<strong>HOOK</strong>

Znasz to uczucie, gdy budzisz się jesiennym świtem, a zamiast przyjemnego światła do sypialni wpada zbyt ostra poświata, która burzy Twój spokój? Albo wręcz przeciwnie - pomieszczenie jest zbyt ciemne i ponure? Właśnie wtedy zaczynasz doceniać, jak ogromny wpływ na komfort snu i klimat sypialni mają odpowiednio dobrane osłony okienne. Zwłaszcza gdy marzysz o przytulnej, boho aranżacji w pastelach, gdzie światło i naturalne materiały grają pierwsze skrzypce.

<strong>KONTEKST</strong>

Jesienne poranki i wieczory to czas, gdy sypialnia staje się Twoją oazą spokoju. Tegoroczne trendy wnętrzarskie wyraźnie stawiają na pastelowe kolory, miękkie tekstylia i naturalność - wszystko po to, by wspierać zdrowy, głęboki sen. Styl boho przeżywa prawdziwy renesans: jest lekki, eklektyczny, a przy tym bardzo praktyczny. W centrum tej filozofii stoi światło - jego miękka filtracja, gra cieni i subtelny taniec na ścianach sprawiają, że nawet mały pokój nabiera przestrzeni i przytulności. Dobrze dobrane rolety, shuttersy czy żaluzje drewniane nie tylko podkreślają styl, ale też realnie wpływają na Twój nastrój i regenerację organizmu. To właśnie teraz, jesienią, warto zadbać o sypialnię, która stanie się Twoją prywatną strefą relaksu.

<strong>PROBLEM</strong>

Wielu właścicieli domów i mieszkań popełnia klasyczny błąd: skupiając się na dekoracjach, zapominają o funkcjonalności osłon okiennych. Efekt? Zbyt grube zasłony, które całkowicie blokują światło, albo przeciwnie - przezroczyste firanki, które nie zapewniają prywatności ani ochrony przed ulicznymi lampami. Często wybierane są przypadkowe kolory i sztuczne materiały, które nie współgrają z naturalnym, boho klimatem. Jesienią problem się pogłębia: dni są krótsze, światło staje się bardziej wymagające, a odpowiednia regulacja jego natężenia ma kluczowe znaczenie dla jakości snu. Zbyt ostre światło o poranku może wyrwać Cię z głębokiego snu, a brak możliwości zaciemnienia przestrzeni skutkuje rozregulowaniem rytmu dobowego. Dodatkowo, niewłaściwie dobrane osłony okienne mogą optycznie pomniejszyć pokój i sprawić, że nawet najpiękniejsza aranżacja straci swój urok.

<strong>ROZWIĄZANIE ROLBEST</strong>

Tutaj wkracza ROLBEST z całą gamą rozwiązań, które łączą styl boho z praktyczną wygodą. <strong>Shuttersy</strong> - okiennice wewnętrzne to wręcz stworzone do pastelowej sypialni. Ich drewniane lamele pozwalają precyzyjnie sterować ilością światła wpadającego do wnętrza - rano możesz delikatnie rozproszyć promienie słońca, a wieczorem zapewnić sobie intymną atmosferę. <strong>Żaluzje drewniane</strong> to kolejny must-have: naturalny materiał świetnie współgra z lnianymi narzutami, miękkimi pledami i pastelowymi dodatkami, a przy tym pozwala uzyskać efekt miękkiego światła o każdej porze dnia. Jeśli zależy Ci na nowoczesnym akcencie, postaw na <strong>żaluzje fasadowe</strong> - nie tylko wyglądają designersko, ale też skutecznie chronią przed nadmiarem światła i nagrzewaniem się wnętrza, co docenisz w słoneczne jesienne dni. Wszystkie te produkty pozwalają stworzyć boho sypialnię, w której światło jest Twoim sprzymierzeńcem, a nie wrogiem. Co ważne, naturalne materiały i pastelowe odcienie osłon okiennych od ROLBEST wzmacniają efekt przytulności i podkreślają indywidualny charakter wnętrza.

<strong>PORADNIK PRAKTYCZNY</strong>

<strong>1. Postaw na pastelowe żaluzje drewniane</strong> - Wybierając jasne odcienie (np. bielone drewno, pudrowy róż, mięta), optycznie powiększysz nawet niewielką sypialnię. Żaluzje drewniane pozwolą Ci dowolnie modulować ilość światła i idealnie współgrają z boho dodatkami.

<strong>2. Shuttersy - harmonia światła i prywatności</strong> - Zainstaluj shuttersy, by subtelnie rozproszyć światło i zyskać pełną kontrolę nad tym, ile go wpada do wnętrza. Ich klasyczny wygląd pasuje zarówno do minimalistycznych, jak i eklektycznych aranżacji.

<strong>3. Żaluzje fasadowe - nowoczesny akcent w sypialni</strong> - Jeśli Twoja sypialnia ma duże okna lub znajduje się od strony ruchliwej ulicy, żaluzje fasadowe pomogą Ci wyciszyć wnętrze i ochronić przed ciekawskimi spojrzeniami, nie tracąc przy tym stylu.

<strong>4. Graj światłem i teksturami</strong> - Połącz osłony okienne z naturalnymi tekstyliami: lniane zasłony, wełniane narzuty i poduszki w pastelach podbiją boho klimat i sprawią, że sypialnia stanie się Twoją enklawą relaksu.

<strong>5. Nie bój się łączyć różnych osłon okiennych</strong> - Kombinacja żaluzji drewnianych z lekką firanką lub shuttersów z lnianą zasłoną da efekt wielowymiarowości i pozwoli Ci idealnie dopasować natężenie światła do pory dnia.

<strong>CTA</strong>

Chcesz, by Twoja sypialnia była naprawdę wyjątkowa tej jesieni? Zadzwoń po <strong>bezpłatną wycenę - tel: 507 704 919</strong> i sprawdź, jak shuttersy, żaluzje drewniane i żaluzje fasadowe od ROLBEST mogą odmienić Twoje wnętrze. Zadbaj o zdrowy sen i stylowy klimat już dziś!","<h2>Jesienna sypialnia</h2><p>Znasz to uczucie, gdy budzisz się jesiennym świtem, a zamiast przyjemnego światła do sypialni wpada zbyt ostra poświata, która burzy Twój spokój? Albo wręcz przeciwnie - pomieszczenie jest zbyt ciemne i ponure? Właśnie wtedy zaczynasz doceniać, jak ogromny wpływ na komfort snu i klimat sypialni mają odpowiednio dobrane <strong>osłony okienne</strong>. Zwłaszcza gdy marzysz o przytulnej, boho aranżacji w pastelach, gdzie światło i naturalne materiały grają pierwsze skrzypce.</p><h2>Klimat sypialni</h2><p>Jesienne poranki i wieczory to czas, gdy sypialnia staje się Twoją oazą spokoju. Tegoroczne trendy wnętrzarskie wyraźnie stawiają na pastelowe kolory, miękkie tekstylia i naturalność - wszystko po to, by wspierać zdrowy, głęboki sen. Styl boho przeżywa prawdziwy renesans: jest lekki, eklektyczny, a przy tym bardzo praktyczny. W centrum tej filozofii stoi światło - jego miękka filtracja, gra cieni i subtelny taniec na ścianach sprawiają, że nawet mały pokój nabiera przestrzeni i przytulności. Dobrze dobrane <strong>rolety materiałowe</strong>, <strong>shuttersy (okiennice drewniane)</strong> czy <strong>żaluzje drewniane</strong> nie tylko podkreślają styl, ale też realnie wpływają na Twój nastrój i regenerację organizmu. To właśnie teraz, jesienią, warto zadbać o sypialnię, która stanie się Twoją prywatną strefą relaksu.</p><h2>Problem z osłonami okiennymi</h2><p>Wielu właścicieli domów i mieszkań popełnia klasyczny błąd: skupiając się na dekoracjach, zapominają o funkcjonalności <strong>osłon okiennych</strong>. Efekt? Zbyt grube zasłony, które całkowicie blokują światło, albo przeciwnie - przezroczyste firanki, które nie zapewniają prywatności ani ochrony przed ulicznymi lampami. Często wybierane są przypadkowe kolory i sztuczne materiały, które nie współgrają z naturalnym, boho klimatem. Jesienią problem się pogłębia: dni są krótsze, światło staje się bardziej wymagające, a odpowiednia regulacja jego natężenia ma kluczowe znaczenie dla jakości snu. Zbyt ostre światło o poranku może wyrwać Cię z głębokiego snu, a brak możliwości zaciemnienia przestrzeni skutkuje rozregulowaniem rytmu dobowego. Dodatkowo, niewłaściwie dobrane osłony okienne mogą optycznie pomniejszyć pokój i sprawić, że nawet najpiękniejsza aranżacja straci swój urok.</p>[IMG2]<h2>Rozwiązanie ROLBEST</h2><p>Tutaj wkracza ROLBEST z całą gamą rozwiązań, które łączą styl boho z praktyczną wygodą. <strong>Shuttersy</strong> - okiennice wewnętrzne to wręcz stworzone do pastelowej sypialni. Ich drewniane lamele pozwalają precyzyjnie sterować ilością światła wpadającego do wnętrza - rano możesz delikatnie rozproszyć promienie słońca, a wieczorem zapewnić sobie intymną atmosferę. <strong>Żaluzje drewniane</strong> to kolejny must-have: naturalny materiał świetnie współgra z lnianymi narzutami, miękkimi pledami i pastelowymi dodatkami, a przy tym pozwala uzyskać efekt miękkiego światła o każdej porze dnia. Jeśli zależy Ci na nowoczesnym akcencie, postaw na <strong>podtynkowe żaluzje fasadowe</strong> - nie tylko wyglądają designersko, ale też skutecznie chronią przed nadmiarem światła i nagrzewaniem się wnętrza, co docenisz w słoneczne jesienne dni. Wszystkie te produkty pozwalają stworzyć boho sypialnię, w której światło jest Twoim sprzymierzeńcem, a nie wrogiem. Co ważne, naturalne materiały i pastelowe odcienie osłon okiennych od ROLBEST wzmacniają efekt przytulności i podkreślają indywidualny charakter wnętrza.</p><h2>Poradnik praktyczny od ROLBEST</h2><h3>Kolorowe żaluzje drewniane</h3><p><strong>Wybierając</strong> jasne odcienie (np. bielone drewno), optycznie powiększysz nawet niewielką sypialnię. Żaluzje drewniane pozwolą Ci dowolnie modulować ilość światła i idealnie współgrają z boho dodatkami.</p><h3>Shuttersy - harmonia światła</h3><p><strong>Zainstaluj</strong> shuttersy (szatersy), by subtelnie rozproszyć światło i zyskać pełną kontrolę nad tym, ile go wpada do wnętrza. Ich klasyczny wygląd pasuje zarówno do minimalistycznych, jak i eklektycznych aranżacji.</p><h3>Zewnętrzne żaluzje fasadowe</h3><p><strong>Jeśli</strong> Twoja sypialnia ma duże okna lub znajduje się od strony ruchliwej ulicy, podtynkowe żaluzje fasadowe pomogą Ci wyciszyć wnętrze i ochronić przed ciekawskimi spojrzeniami, nie tracąc przy tym stylu.</p><h3>Graj światłem i teksturami</h3><p><strong>Połącz</strong> osłony okienne z naturalnymi tekstyliami: lniane zasłony, wełniane narzuty i poduszki w pastelach podbiją boho klimat i sprawią, że sypialnia stanie się Twoją enklawą relaksu.</p><h3>Nie bój się łączyć</h3><p><strong>Kombinacja</strong> żaluzji drewnianych z lekką firanką lub shuttersów z lnianą zasłoną da efekt wielowymiarowości i pozwoli Ci idealnie dopasować natężenie światła do pory dnia.</p>[IMG3]<p>Umów się na bezpłatną wycenę: <a href=""tel:507704919"">507 704 919</a></p>","Boho sypialnia w pastelach: Jak światło i naturalne materiały wpływają na zdrowy sen jesienią? Dobór shuttersów czy żaluzji drewnianych pozwala stworzyć przytulną, relaksującą atmosferę i zadbać o Twój komfortowy sen. Nasze 20-letnie doświadczenie pokazuje, że światło czyni cuda w sypialni. Umów bezpłatną wycenę: 507 704 919 🏠✨📞","Poranki spędzone w boho sypialni, gdzie delikatne, naturalne światło miesza się z pastelami, to prawdziwa przyjemność jesieni. Odpowiednie shuttersy czy żaluzje drewniane tworzą relaksującą aurę i sprzyjają zdrowemu snu. Jak światło wpływa na Twój komfort? Zainspiruj się na naszym blogu - link w bio! #rolbest #żaluzje #shutters #rolety #wnętrza #inspiracje #dom",https://drive.google.com/file/d/1UBHyUlDz1_3DYPTuTkU_cXfna94C33K7/view?usp=drivesdk,1UBHyUlDz1_3DYPTuTkU_cXfna94C33K7,Opublikowano,Do akceptacji,https://drive.google.com/file/d/15waNKbo64Pz9EB3vR4O2REmiqp1DwO4z/view?usp=drivesdk,15waNKbo64Pz9EB3vR4O2REmiqp1DwO4z,https://drive.google.com/file/d/1dB5JMvq1XaJwuAMmko1EUX3Pug9iXxaW/view?usp=drivesdk,1dB5JMvq1XaJwuAMmko1EUX3Pug9iXxaW
18-09-2025,"Światło a produktywność: Jak żaluzje fasadowe, rolety pilsowane (plisy) i shuttersy ROLBEST zmieniają domowe biuro?","<h1>Światło a produktywność: Jak żaluzje fasadowe, rolety pilsowane (plisy) i shuttersy ROLBEST zmieniają domowe biura</h1>

<strong>HOOK - Dlaczego światło to Twój sprzymierzeniec?</strong>

Wyobraź sobie chłodny, jesienny poranek. Siadasz do pracy w domowym biurze, a zamiast energii czujesz znużenie. Brakuje światła, a lampka nad biurkiem nie daje rady. Brzmi znajomo? Niewłaściwa ilość i jakość światła to jeden z największych wrogów produktywności i komfortu pracy w domu. Na szczęście możesz to zmienić - i to szybciej niż myślisz!

<strong>KONTEKST - Światło w home office: temat na czasie</strong>

Jesień to sezon, gdy naturalne światło znika z mieszkania szybciej niż Twój entuzjazm do pracy zdalnej. Coraz więcej osób szuka więc sposobów na lepsze doświetlenie domowego biura, a branża architektoniczna zalewa nas nowinkami w temacie osłon okiennych. Nowoczesne rolety, żaluzje i shuttersy nie tylko pozwalają kontrolować światło, ale też wpływają na temperaturę, prywatność i... rachunki za energię. Dobrze dobrana osłona okienna to dziś nie tylko kwestia stylu, ale wręcz standard zdrowego miejsca pracy. Właśnie dlatego architekci i właściciele mieszkań coraz częściej inwestują w technologie, które dają pełną swobodę zarządzania światłem w domowym biurze - a Ty możesz wykorzystać te rozwiązania od razu.

<strong>Błędy w doborze żaluzji i rolet do biura</strong>

Najczęstszy błąd? Wybieranie osłon okiennych tylko pod kątem wyglądu albo ceny. W efekcie rolety czy żaluzje szybko okazują się nietrafione: albo za bardzo zaciemniają wnętrze, albo zupełnie nie radzą sobie z odbijającym się słońcem. Wielu właścicieli domów zapomina też o jednym: światło nie jest stałe - zmienia się w ciągu dnia i sezonu. Jeśli ustawisz biurko pod oknem bez odpowiedniej kontroli światła, po południu będziesz mrużyć oczy albo zasłaniać wszystko byle czym. Innym problemem jest przegrzewanie się pomieszczenia od słońca wpadającego przez duże przeszklenia - zwłaszcza jeśli nie masz żaluzji fasadowych lub rolet screen, które potrafią odbić promienie jeszcze zanim dotrą do szyby. Wreszcie, typowy mit: ""jasne światło = lepsza produktywność"". To nieprawda! Liczy się nie tylko ilość, ale też jakość i możliwość sterowania światłem - i to na tym polega przewaga nowoczesnych rozwiązań ROLBEST.

<strong>Żaluzje fasadowe, rolety pilsowane (plisy) i shuttersy ROLBEST - Twój domowy gamechanger</strong>

Chcesz mieć pełną kontrolę nad światłem i klimatem w swoim home office? Postaw na rozwiązania, które sprawdziły się u setek właścicieli domów i apartamentów. <strong>Żaluzje fasadowe ROLBEST</strong> to numer jeden, jeśli masz duże przeszklenia lub okna wychodzące na południe. Dzięki nim odbijesz nadmiar promieni słonecznych jeszcze zanim dotrą do wnętrza. Efekt? Mniej przegrzewania latem, więcej światła rozproszonego jesienią i niższe rachunki za klimatyzację czy ogrzewanie.

<strong>Rolety pilsowane (plisy) ROLBEST</strong> to z kolei must-have dla tych, którzy cenią sobie elastyczność. Możesz je przesuwać zarówno od dołu, jak i od góry - to idealne rozwiązanie, jeśli potrzebujesz chronić się przed wzrokiem sąsiadów, ale nie chcesz rezygnować z naturalnego światła. Plus: świetnie prezentują się w nowoczesnych i klasycznych wnętrzach.

<strong>Shuttersy ROLBEST (okiennice wewnętrzne)</strong> to propozycja dla fanów stylu i funkcjonalności. Eleganckie lamele z drewna lub kompozytu pozwalają precyzyjnie dozować światło, a przy okazji podkręcają klimat domowego biura. Shuttersy świetnie sprawdzają się, jeśli w Twoim biurze panuje eklektyczny wystrój lub lubisz poczucie prywatności nawet w środku dnia.

Każde z tych rozwiązań możesz dopasować na wymiar. ROLBEST to nie tylko produkty - to 20 lat doświadczenia i wsparcie ekspertów, którzy naprawdę rozumieją, jak ważne jest światło w pracy z domu.

<strong>Praktyczny poradnik: 5 trików na światło i komfort z żaluzjami i roletami</strong>

<strong>1. Zadbaj o warstwową kontrolę światła</strong> - Połącz żaluzje fasadowe na zewnątrz z roletami pilsowanymi (plisy) lub shuttersami wewnątrz. Dzięki temu możesz elastycznie sterować światłem przez cały dzień, niezależnie od pogody.

<strong>2. Wybieraj jasne kolory rolet i żaluzji</strong> - Jasne rolety pilsowane (plisy) lub shuttersy nie tylko odbijają światło, ale też optycznie powiększają przestrzeń. Idealne do małych home office!

<strong>3. Planuj ustawienie biurka względem okna</strong> - Ustaw biurko bokiem do okna, by zminimalizować odblaski. Osłony okienne pozwolą Ci szybko dostosować natężenie światła do aktualnych potrzeb.

<strong>4. Pamiętaj o wentylacji i komforcie termicznym</strong> - Żaluzje fasadowe skutecznie ograniczają nagrzewanie się pomieszczeń, co docenisz nie tylko latem, ale i podczas jesiennych wahań temperatur.

<strong>5. Inwestuj w produkty na wymiar</strong> - Zamawiając żaluzje, rolety czy shuttersy w ROLBEST, masz pewność idealnego dopasowania do każdego okna. To klucz do pełnej funkcjonalności i pięknego efektu.

<strong>Zamień swoje biuro w komfortową oazę - sprawdź ofertę ROLBEST!</strong>

Twój dom zasługuje na światło, które inspiruje do działania - a Ty na rozwiązania, które dopasują się do Twoich potrzeb. Postaw na żaluzje fasadowe, rolety pilsowane (plisy) i shuttersy od ROLBEST. Skorzystaj z bezpłatnej wyceny - tel: 507 704 919 i zobacz, jak łatwo możesz zmienić swoje home office w miejsce, gdzie praca to czysta przyjemność!","<h2>Dlaczego światło to Twój sprzymierzeniec?</h2><p>Wyobraź sobie chłodny, jesienny poranek. Siadasz do pracy w domowym biurze, a zamiast energii czujesz znużenie. Brakuje światła, a lampka nad biurkiem nie daje rady. Brzmi znajomo? Niewłaściwa ilość i jakość światła to jeden z największych wrogów produktywności i komfortu pracy w domu. Na szczęście możesz to zmienić - i to szybciej niż myślisz!</p><h2>Światło w home office: temat na czasie</h2><p>Jesień to sezon, gdy naturalne światło znika z mieszkania szybciej niż Twój entuzjazm do pracy zdalnej. Coraz więcej osób szuka więc sposobów na lepsze doświetlenie domowego biura, a branża architektoniczna zalewa nas nowinkami w temacie <strong>osłon okiennych</strong>. Nowoczesne <strong>rolety</strong>, <strong>żaluzje</strong> i <strong>shuttersy</strong> nie tylko pozwalają kontrolować światło, ale też wpływają na temperaturę, prywatność i... rachunki za energię. Dobrze dobrana <strong>osłona okienna</strong> to dziś nie tylko kwestia stylu, ale wręcz standard zdrowego miejsca pracy. Właśnie dlatego architekci i właściciele mieszkań coraz częściej inwestują w technologie, które dają pełną swobodę zarządzania światłem w domowym biurze - a Ty możesz wykorzystać te rozwiązania od razu.</p><h2>Błędy w doborze żaluzji i rolet do biura</h2><p>Najczęstszy błąd? Wybieranie <strong>osłon okiennych</strong> tylko pod kątem wyglądu albo ceny. W efekcie <strong>rolety</strong> czy <strong>żaluzje</strong> szybko okazują się nietrafione: albo za bardzo zaciemniają wnętrze, albo zupełnie nie radzą sobie z odbijającym się słońcem. Wielu właścicieli domów zapomina też o jednym: światło nie jest stałe - zmienia się w ciągu dnia i sezonu. Jeśli ustawisz biurko pod oknem bez odpowiedniej kontroli światła, po południu będziesz mrużyć oczy albo zasłaniać wszystko byle czym. Innym problemem jest przegrzewanie się pomieszczenia od słońca wpadającego przez duże przeszklenia - zwłaszcza jeśli nie masz <strong>żaluzji fasadowych</strong> lub <strong>rolet screen</strong>, które potrafią odbić promienie jeszcze zanim dotrą do szyby. Wreszcie, typowy mit: ""jasne światło = lepsza produktywność"". To nieprawda! Liczy się nie tylko ilość, ale też jakość i możliwość sterowania światłem - i to na tym polega przewaga nowoczesnych rozwiązań <strong>ROLBEST</strong>.</p>[IMG2]<h2>Żaluzje fasadowe, rolety pilsowane (plisy) i shuttersy ROLBEST - Twój domowy gamechanger</h2><p>Chcesz mieć pełną kontrolę nad światłem i klimatem w swoim home office? Postaw na rozwiązania, które sprawdziły się u setek właścicieli domów i apartamentów. <strong>Żaluzje fasadowe ROLBEST</strong> to numer jeden, jeśli masz duże przeszklenia lub okna wychodzące na południe. Dzięki nim odbijesz nadmiar promieni słonecznych jeszcze zanim dotrą do wnętrza. Efekt? Mniej przegrzewania latem, więcej światła rozproszonego jesienią i niższe rachunki za klimatyzację czy ogrzewanie.</p><p><strong>Rolety pilsowane (plisy) ROLBEST</strong> to z kolei must-have dla tych, którzy cenią sobie elastyczność. Możesz je przesuwać zarówno od dołu, jak i od góry - to idealne rozwiązanie, jeśli potrzebujesz chronić się przed wzrokiem sąsiadów, ale nie chcesz rezygnować z naturalnego światła. Plus: świetnie prezentują się w nowoczesnych i klasycznych wnętrzach.</p><p><strong>Shuttersy ROLBEST (okiennice wewnętrzne)</strong> to propozycja dla fanów stylu i funkcjonalności. Eleganckie lamele z drewna lub kompozytu pozwalają precyzyjnie dozować światło, a przy okazji podkręcają klimat domowego biura. <strong>Shuttersy</strong> świetnie sprawdzają się, jeśli w Twoim biurze panuje eklektyczny wystrój lub lubisz poczucie prywatności nawet w środku dnia.</p><p>Każde z tych rozwiązań możesz dopasować na wymiar. <strong>ROLBEST</strong> to nie tylko produkty - to 20 lat doświadczenia i wsparcie ekspertów, którzy naprawdę rozumieją, jak ważne jest światło w pracy z domu.</p><h2>Praktyczny poradnik: 5 trików na światło i komfort z żaluzjami i roletami</h2><h3>1. Zadbaj o warstwową kontrolę światła</h3><p>Połącz <strong>żaluzje fasadowe</strong> na zewnątrz z <strong>roletami pilsowanymi (plisy)</strong> lub <strong>shuttersami</strong> wewnątrz. Dzięki temu możesz elastycznie sterować światłem przez cały dzień, niezależnie od pogody.</p><h3>2. Wybieraj jasne kolory rolet i żaluzji</h3><p>Jasne <strong>rolety pilsowane (plisy)</strong> lub <strong>shuttersy</strong> nie tylko odbijają światło, ale też optycznie powiększają przestrzeń. Idealne do małych home office!</p><h3>3. Planuj ustawienie biurka względem okna</h3><p>Ustaw biurko bokiem do okna, by zminimalizować odblaski. <strong>Osłony okienne</strong> pozwolą Ci szybko dostosować natężenie światła do aktualnych potrzeb.</p><h3>4. Pamiętaj o wentylacji i komforcie termicznym</h3><p><strong>Żaluzje fasadowe</strong> skutecznie ograniczają nagrzewanie się pomieszczeń, co docenisz nie tylko latem, ale i podczas jesiennych wahań temperatur.</p><h3>5. Inwestuj w produkty na wymiar</h3><p>Zamawiając <strong>żaluzje</strong>, <strong>rolety</strong> czy <strong>shuttersy</strong> w <strong>ROLBEST</strong>, masz pewność idealnego dopasowania do każdego okna. To klucz do pełnej funkcjonalności i pięknego efektu.</p>[IMG3]<p>Umów bezpłatną wycenę: <a href=""tel:507704919"">507 704 919</a></p>","Światło a produktywność: Jak żaluzje fasadowe, rolety pilsowane (plisy) i shuttersy ROLBEST zmieniają domowe biura? Odpowiednia kontrola światła to prosty sposób na większy komfort i efektywność pracy w domu. Nasze 20-letnie doświadczenie pokazuje, że dobrze dobrane osłony zmieniają każde home office na lepsze. Umów bezpłatną wycenę: 507 704 919 🏠 💡 📞","Poranna kawa, promień słońca wpadający do domowego biura i świeża energia do pracy - tak wygląda produktywność w idealnych wnętrzach. Swoboda regulacji światła dzięki żaluzjom, plisom i shuttersom ROLBEST zmienia każdy dzień w czystą przyjemność pracy. Jak kontrola światła podnosi jakość Twojego home office? Może czas odkryć własny styl pracy z najlepszym rozwiązaniem? Więcej inspiracji czeka na blogu - link w bio! #rolbest #rolety #żaluzje #shutters #wnętrza #dom #inspiracje",https://drive.google.com/file/d/1Q2L1QXDsYzO8NBq6KCeOteEgAYXEOgai/view?usp=drivesdk,1Q2L1QXDsYzO8NBq6KCeOteEgAYXEOgai,Opublikowano,Do akceptacji,https://drive.google.com/file/d/1txmic7fbCRMy-jBSXhoEYOe0GuMaBE-8/view?usp=drivesdk,1txmic7fbCRMy-jBSXhoEYOe0GuMaBE-8,https://drive.google.com/file/d/1u5j2v9fWp1KW8pfpt4e0_kbQeGBknEIA/view?usp=drivesdk,1u5j2v9fWp1KW8pfpt4e0_kbQeGBknEIA
19-09-2025,"Domowe spa - komfort cieplny i styl, czyli żaluzje fasadowe i shuttersy ROLBEST","<h1>Domowe spa - komfort cieplny i styl dzięki żaluzje fasadowe i shuttersy</h1>

<strong>HOOK</strong>

Wyobraź sobie - jesienny poranek, Ty w łazience, ciepła para unosi się nad wanną, kawa w dłoni... a tu nagle chłód od okna i zero prywatności. Brzmi znajomo? Przestrzeń, która miała być domowym spa, zamiast relaksować, męczy. Wiem, jak często popełniamy ten sam błąd: lekceważymy rolę okien i osłon okiennych w łazience. Ale spokojnie - da się to naprawić.

<strong>KONTEKST</strong>

Jesień 2025 to czas, gdy domowe spa przestaje być luksusem, a staje się potrzebą. Po pandemii i fali home office szukamy relaksu w domu, a łazienka zamienia się w naszą strefę zen. Ale jest nowy twist: rosnące ceny energii i coraz większa świadomość ekologiczna każą nam myśleć nie tylko o wyglądzie, lecz także o funkcjonalności przestrzeni. Komfort cieplny, energooszczędność i prywatność idą dziś w parze z designem. Dlatego wybór odpowiednich osłon okiennych do łazienki to już nie tylko kwestia stylu, ale realnych oszczędności i wygody. Branża nie śpi - pojawiają się nowe technologie, które podkręcają klimat spa, a jednocześnie pomagają dbać o domowy budżet. Warto wiedzieć, jak z nich skorzystać.

<strong>PROBLEM</strong>

Najczęstszy problem? Gołe okno w łazience lub nieodpowiednie osłony okienne, które zamiast chronić przed chłodem i wzrokiem sąsiadów, tylko pogarszają sprawę. Wiele osób wybiera przypadkowe rolety lub zasłonki, które szybko niszczeją w wilgotnym środowisku, nie izolują od zimna i nie pozwalają precyzyjnie sterować światłem. Efekt? Zimą mamy efekt ""lodówki"", latem - niepożądany efekt sauny. Brak prywatności to kolejny temat - nawet najlepsza aranżacja spa traci sens, jeśli czujesz się jak na ekspozycji. Problemem bywa też estetyka: klasyczne żaluzje z marketu zwyczajnie nie pasują do nowoczesnych, minimalistycznych łazienek, gdzie liczy się każdy detal. Dochodzi jeszcze kwestia czyszczenia i trwałości - osłony słabej jakości szybko się odkształcają lub pleśnieją. W skrócie: zamiast relaksu mamy frustrację, straty ciepła i wyższe rachunki.

<strong>ROZWIĄZANIE ROLBEST</strong>

I tu wchodzi ROLBEST - z rozwiązaniami, które totalnie zmieniają łazienkową rzeczywistość. Jeśli zależy Ci na efekcie prawdziwego domowego spa, postaw na <strong>żaluzje fasadowe</strong> lub <strong>shuttersy - okiennice wewnętrzne</strong>. To nie są zwykłe osłony okienne, tylko przemyślany system, który podkręca nie tylko klimat, ale też komfort cieplny w Twojej łazience. <br><br>
<strong>Żaluzje fasadowe</strong> montowane od zewnątrz skutecznie ograniczają straty ciepła – tworzą dodatkową barierę dla chłodu, a jednocześnie pozwalają precyzyjnie kontrolować ilość światła wpadającego do wnętrza. To mega ważne, kiedy chcesz rozkoszować się miękkim, rozproszonym światłem, zamiast ostrych refleksów czy nieprzyjemnego mroku. Opcja automatyzacji? Proszę bardzo – jednym kliknięciem zamykasz łazienkowe spa przed zimą czy niechcianymi spojrzeniami.<br><br>
<strong>Shuttersy - okiennice wewnętrzne</strong> to z kolei hit wśród miłośników designu i praktycznych rozwiązań. Wykonane z materiałów odpornych na wilgoć, idealnie nadają się do łazienek. Pozwalają perfekcyjnie wyregulować prywatność, światło i... temperaturę! Zamknięte lamele skutecznie zatrzymują chłód, a otwarte wpuszczają do wnętrza poranne słońce. No i ten styl: shuttersy pasują zarówno do minimalistycznych, jak i klasycznych aranżacji – od bieli po naturalne drewno. Zyskujesz więc nie tylko funkcję, ale też efekt ""wow"". Wszystko na wymiar, idealnie dopasowane do Twoich okien. To inwestycja, która zwraca się w komforcie, oszczędnościach i stylu.

<strong>PORADNIK PRAKTYCZNY</strong>

<strong>H3: Żaluzje fasadowe – ciepło i prywatność</strong><br>
1. Zainstaluj <strong>żaluzje fasadowe</strong> na oknach łazienkowych od strony północnej lub wietrznej – to te najbardziej narażone na straty ciepła.<br>
2. Wybierz modele z automatycznym sterowaniem – rano wpuszczą światło, wieczorem ochronią przed chłodem i spojrzeniami.<br>
3. Dopasuj kolor lameli do elewacji, by całość była spójna z resztą domu.

<strong>H3: Shuttersy - elegancja i funkcjonalność</strong><br>
1. Zamów <strong>shuttersy - okiennice wewnętrzne</strong> na wymiar, by szczelnie zakryły całą powierzchnię okna.<br>
2. Wybierz wersję z odporną na wilgoć powłoką – idealnie sprawdzi się w łazience.<br>
3. Baw się światłem! Ustaw lamele, by rano wpuszczać promienie, a wieczorem zbudować intymny klimat spa.

<strong>H3: Osłony okienne – czysta praktyczność</strong><br>
1. Regularnie przecieraj <strong>osłony okienne</strong> z kurzu i wilgoci – nowoczesne materiały ROLBEST są łatwe w utrzymaniu.
2. Jeśli masz problem z owadami, rozważ <strong>moskitiery na wymiar</strong> – zamontowane razem z żaluzjami czy shutterami podnoszą komfort, szczególnie wiosną i latem.

<strong>CTA</strong>

Chcesz zamienić swoją łazienkę w prawdziwe domowe spa, które jest ciepłe, stylowe i energooszczędne? Zadzwoń po bezpłatną wycenę do ROLBEST - tel: 507 704 919 i sprawdź, jak żaluzje fasadowe, shuttersy i inne osłony okienne mogą odmienić Twoją przestrzeń. Twój komfort zaczyna się od okna!","<h2>Domowe spa w łazience</h2><p>Wyobraź sobie - jesienny poranek, Ty w łazience, ciepła para unosi się nad wanną, kawa w dłoni... a tu nagle chłód od okna i zero prywatności. Brzmi znajomo? Przestrzeń, która miała być domowym spa, zamiast relaksować, męczy. Wiem, jak często popełniamy ten sam błąd: lekceważymy rolę okien i <strong>osłon okiennych</strong> w łazience. Ale spokojnie - da się to naprawić.</p><h2>Nowe potrzeby w domowym spa</h2><p>Jesień 2025 to czas, gdy domowe spa przestaje być luksusem, a staje się potrzebą. Po pandemii i fali home office szukamy relaksu w domu, a łazienka zamienia się w naszą strefę zen. Ale jest nowy twist: rosnące ceny energii i coraz większa świadomość ekologiczna każą nam myśleć nie tylko o wyglądzie, lecz także o funkcjonalności przestrzeni. Komfort cieplny, energooszczędność i prywatność idą dziś w parze z designem. Dlatego wybór odpowiednich <strong>osłon okiennych</strong> do łazienki to już nie tylko kwestia stylu, ale realnych oszczędności i wygody. Branża nie śpi - pojawiają się nowe technologie, które podkręcają klimat spa, a jednocześnie pomagają dbać o domowy budżet. Warto wiedzieć, jak z nich skorzystać.</p><h2>Problem z osłonami okiennymi</h2><p>Najczęstszy problem? Gołe okno w łazience lub nieodpowiednie <strong>osłony okienne</strong>, które zamiast chronić przed chłodem i wzrokiem sąsiadów, tylko pogarszają sprawę. Wiele osób wybiera przypadkowe <strong>rolety</strong> lub zasłonki, które szybko niszczeją w wilgotnym środowisku, nie izolują od zimna i nie pozwalają precyzyjnie sterować światłem. Efekt? Zimą mamy efekt ""lodówki"", latem - niepożądany efekt sauny. Brak prywatności to kolejny temat - nawet najlepsza aranżacja spa traci sens, jeśli czujesz się jak na ekspozycji. Problemem bywa też estetyka: klasyczne <strong>żaluzje</strong> z marketu zwyczajnie nie pasują do nowoczesnych, minimalistycznych łazienek, gdzie liczy się każdy detal. Dochodzi jeszcze kwestia czyszczenia i trwałości - osłony słabej jakości szybko się odkształcają lub pleśnieją. W skrócie: zamiast relaksu mamy frustrację, straty ciepła i wyższe rachunki.</p>[IMG2]<h2>Rozwiązanie ROLBEST</h2><p>I tu wchodzi ROLBEST - z rozwiązaniami, które totalnie zmieniają łazienkową rzeczywistość. Jeśli zależy Ci na efekcie prawdziwego domowego spa, postaw na <strong>żaluzje fasadowe</strong> lub <strong>shuttersy</strong> - <strong>okiennice wewnętrzne</strong>. To nie są zwykłe osłony okienne, tylko przemyślany system, który podkręca nie tylko klimat, ale też komfort cieplny w Twojej łazience.</p><p><strong>Żaluzje fasadowe</strong> montowane od zewnątrz skutecznie ograniczają straty ciepła – tworzą dodatkową barierę dla chłodu, a jednocześnie pozwalają precyzyjnie kontrolować ilość światła wpadającego do wnętrza. To mega ważne, kiedy chcesz rozkoszować się miękkim, rozproszonym światłem, zamiast ostrych refleksów czy nieprzyjemnego mroku. Opcja automatyzacji? Proszę bardzo – jednym kliknięciem zamykasz łazienkowe spa przed zimą czy niechcianymi spojrzeniami.</p><p><strong>Shuttersy</strong> - <strong>okiennice wewnętrzne</strong> to z kolei hit wśród miłośników designu i praktycznych rozwiązań. Wykonane z materiałów odpornych na wilgoć, idealnie nadają się do łazienek. Pozwalają perfekcyjnie wyregulować prywatność, światło i... temperaturę! Zamknięte lamele skutecznie zatrzymują chłód, a otwarte wpuszczają do wnętrza poranne słońce. No i ten styl: shuttersy pasują zarówno do minimalistycznych, jak i klasycznych aranżacji – od bieli po naturalne drewno. Zyskujesz więc nie tylko funkcję, ale też efekt ""wow"". Wszystko na wymiar, idealnie dopasowane do Twoich okien. To inwestycja, która zwraca się w komforcie, oszczędnościach i stylu.</p><h2>Poradnik praktyczny</h2><h3>Żaluzje fasadowe – ciepło i prywatność</h3><p>1. Zainstaluj <strong>żaluzje fasadowe</strong> na oknach łazienkowych od strony północnej lub wietrznej – to te najbardziej narażone na straty ciepła.</p><p>2. Wybierz modele z automatycznym sterowaniem – rano wpuszczą światło, wieczorem ochronią przed chłodem i spojrzeniami.</p><p>3. Dopasuj kolor lameli do elewacji, by całość była spójna z resztą domu.</p><h3>Shuttersy - elegancja i funkcjonalność</h3><p> Zamów <strong>shuttersy</strong> - <strong>okiennice wewnętrzne</strong> na wymiar, by szczelnie zakryły całą powierzchnię okna.</p><p>Wybierz wersję z odporną na wilgoć powłoką – idealnie sprawdzi się w łazience.</p><p>Baw się światłem! Ustaw lamele, by rano wpuszczać promienie, a wieczorem zbudować intymny klimat spa.</p><h3>Osłony okienne – czysta praktyczność</h3><p>Regularnie przecieraj <strong>osłony okienne</strong> z kurzu i wilgoci – nowoczesne materiały ROLBEST są łatwe w utrzymaniu.</p><p> Jeśli masz problem z owadami, rozważ <strong>moskitiery</strong> na wymiar – zamontowane razem z żaluzjami czy shutterami podnoszą komfort, szczególnie wiosną i latem.</p>[IMG3]<p>Chcesz zamienić swoją łazienkę w prawdziwe domowe spa, które jest ciepłe, stylowe i energooszczędne? Zadzwoń po bezpłatną wycenę do ROLBEST - tel: <a href=""tel:507704919"">507 704 919</a> i sprawdź, jak <strong>żaluzje fasadowe</strong>, <strong>shuttersy</strong> i inne <strong>osłony okienne</strong> mogą odmienić Twoją przestrzeń. Twój komfort zaczyna się od okna!</p>","Domowe spa a komfort cieplny i energooszczędność - jak jesienią zadbać o łazienkę zgodnie z branżowymi nowościami? Z żaluzjami fasadowymi i shuttersami zadbasz nie tylko o intymność, ale także o ciepło, design i niższe rachunki. Nasze 20-letnie doświadczenie pokazuje, że odpowiednie osłony okienne to podstawa domowego relaksu. Umów bezpłatną wycenę: 507 704 919 🏠✨💡","Poranna kawa w łazience, gdzie ciepło otula Cię niczym miękki koc, a światło gra na białych ścianach - prawdziwe domowe spa zaczyna się od tych detali. Odpowiednie osłony okienne gwarantują nie tylko przytulność, ale też prywatność i niższe rachunki za energię. Myślisz, że Twoja łazienka mogłaby być jeszcze bardziej komfortowa? Zajrzyj na bloga - link w bio po więcej inspiracji! #żaluzje #shutters #wnętrza #dom #design #okna #rolbest",https://drive.google.com/file/d/1hEP6yOQ54wgb04_WfXWwl1wGYpB6qOQd/view?usp=drivesdk,1hEP6yOQ54wgb04_WfXWwl1wGYpB6qOQd,Opublikowano,Do akceptacji,https://drive.google.com/file/d/1-m-cNyGCulERG7WLzhfJhyNKdKZUHTHq/view?usp=drivesdk,1-m-cNyGCulERG7WLzhfJhyNKdKZUHTHq,https://drive.google.com/file/d/1iWUrhtYDAT2jAtRNzlQFel-38g9FUlb_/view?usp=drivesdk,1iWUrhtYDAT2jAtRNzlQFel-38g9FUlb_
20-09-2025,"Śródziemnomorski taras jesienią - klimat i komfort dzięki żaluzje fasadowe, shuttersy i żaluzje drewniane","<h1>Śródziemnomorski taras jesienią - klimat i komfort dzięki żaluzje fasadowe, shuttersy i żaluzje drewniane</h1>

<strong>HOOK</strong>

Wyobraź sobie: wieczór, kubek kawy i widok na ogród, który nawet jesienią łapie ostatnie promienie słońca. Chciałbyś zatrzymać tę atmosferę jak najdłużej, ale chłód i wiatr skutecznie zniechęcają do dłuższego relaksu na tarasie? Właśnie wtedy zaczynasz marzyć o tarasie, który naprawdę łączy dom z naturą, zapewniając ciepło, światło i śródziemnomorski klimat nawet po sezonie.

<strong>KONTEKST</strong>

Dlaczego aranżacja tarasu w stylu śródziemnomorskim jest teraz na topie? Trendy na 2025 rok to przede wszystkim płynne przejścia między salonem a tarasem, dużo światła, naturalne materiały i kolory ziemi - od antracytu, przez biel, po ciepłe drewno. Jesień to idealny moment, by poszukać inspiracji i urządzić przestrzeń, która nie przestaje tętnić życiem, gdy kończy się lato. Właściciele domów i apartamentów coraz częściej chcą korzystać z tarasu przez cały rok, szukając rozwiązań, które zapewnią komfort i styl niezależnie od pogody. Tu na scenę wchodzą nowoczesne osłony okienne: żaluzje fasadowe, shuttersy i żaluzje drewniane, które nie tylko chronią przed chłodem, ale też kreują atmosferę prosto z południa Europy.

<strong>PROBLEM</strong>

Największy problem? Większość osób traktuje taras jako sezonowy dodatek, który „zamyka się” wraz z końcem lata. Zapominamy, że odpowiednia aranżacja i wybór osłon okiennych mogą całkowicie odmienić funkcjonalność tej przestrzeni. Typowe błędy? Stawianie na zbyt masywne lub nietrwałe wyposażenie, brak ochrony przed jesiennym chłodem i wiatrem, a także zupełne pominięcie tematu światła - które teraz nabiera szczególnego znaczenia. Często wybieramy też przypadkowe rolety lub markizy, które nie wpisują się w styl domu lub po prostu nie radzą sobie z trudniejszą pogodą. Efekt? Taras staje się mało przyjazny, a zamiast śródziemnomorskiej przytulności mamy wrażenie niedokończonej aranżacji.

<strong>ROZWIĄZANIE ROLBEST</strong>

Co zrobić, żeby Twój taras naprawdę stał się naturalnym przedłużeniem salonu i dawał poczucie komfortu niezależnie od pogody? Postaw na sprawdzone produkty ROLBEST, które łączą funkcjonalność z designem. <strong>Żaluzje fasadowe</strong> w odcieniach antracytu to nie tylko modny akcent, ale przede wszystkim skuteczna ochrona przed wiatrem i chłodem - pozwalają precyzyjnie regulować ilość światła wpadającego do wnętrza i na taras. <strong>Shuttersy - okiennice wewnętrzne</strong> w bieli lub jasnych szarościach wprowadzają śródziemnomorską lekkość, a jednocześnie genialnie izolują od nieprzyjemnej pogody. Natomiast <strong>żaluzje drewniane</strong> to must-have, jeśli marzysz o cieple i przytulności. Drewno wprowadza naturalny klimat, a możliwość precyzyjnej regulacji lameli sprawia, że możesz bawić się światłem dokładnie tak, jak lubisz. Wszystkie te osłony okienne są trwałe, łatwe w obsłudze i dopasujesz je do każdego tarasu - niezależnie od jego wielkości czy stylu. Co ważne, zyskujesz nie tylko piękno, ale i praktyczność: ochrona przed wzrokiem sąsiadów, lepsze utrzymanie ciepła oraz kontrola nad światłem przez cały dzień (i sezon!).

<strong>PORADNIK PRAKTYCZNY</strong>

<strong>1. Żaluzje fasadowe:</strong> Wybierz antracyt lub grafit - to kolory, które świetnie wpisują się w śródziemnomorski styl i pasują do większości elewacji. Montuj na dużych przeszkleniach, by zyskać pełną kontrolę nad światłem i prywatnością.

<strong>2. Shuttersy - okiennice wewnętrzne:</strong> Postaw na klasyczną biel lub bardzo jasne odcienie beżu. Dzięki nim wnętrze i taras będą wyglądać świeżo, a światło będzie miękko filtrowane nawet w pochmurne dni.

<strong>3. Żaluzje drewniane:</strong> Jeśli masz drewniane lub rattanowe meble, wybierz żaluzje drewniane w ciepłych, naturalnych kolorach. To idealne uzupełnienie każdego śródziemnomorskiego tarasu!

<strong>4. Zadbaj o detale:</strong> Łącz osłony okienne z lekkimi tkaninami, poduszkami i kocami w odcieniach bieli i szarości. Klimatyczne lampiony i donice z oliwkami dopełnią efektu południowej riwiery.

<strong>5. Komfort termiczny przez cały sezon:</strong> Rozważ uzupełnienie aranżacji o rolety rzymskie lub markizy tarasowe, by jeszcze lepiej chronić się przed jesiennym deszczem i wiatrem.

<strong>CTA</strong>

Chcesz, by Twój taras stał się najmodniejszą strefą relaksu tej jesieni? Zadzwoń po <strong>bezpłatną wycenę - tel: 507 704 919</strong> i skorzystaj z doświadczenia ROLBEST. Zainspiruj się śródziemnomorskim stylem, postaw na żaluzje fasadowe, shuttersy i żaluzje drewniane - i ciesz się pięknym tarasem przez cały sezon!","<h2>Śródziemnomorski klimat na tarasie</h2><p>Wyobraź sobie: wieczór, kubek kawy i widok na ogród, który nawet jesienią łapie ostatnie promienie słońca. Chciałbyś zatrzymać tę atmosferę jak najdłużej, ale chłód i wiatr skutecznie zniechęcają do dłuższego relaksu na tarasie? Właśnie wtedy zaczynasz marzyć o tarasie, który naprawdę łączy dom z naturą, zapewniając ciepło, światło i śródziemnomorski klimat nawet po sezonie.</p><h2>Dlaczego styl śródziemnomorski?</h2><p>Dlaczego aranżacja tarasu w stylu śródziemnomorskim jest teraz na topie? Trendy na 2025 rok to przede wszystkim płynne przejścia między salonem a tarasem, dużo światła, naturalne materiały i kolory ziemi - od antracytu, przez biel, po ciepłe drewno. Jesień to idealny moment, by poszukać inspiracji i urządzić przestrzeń, która nie przestaje tętnić życiem, gdy kończy się lato. Właściciele domów i apartamentów coraz częściej chcą korzystać z tarasu przez cały rok, szukając rozwiązań, które zapewnią komfort i styl niezależnie od pogody. Tu na scenę wchodzą nowoczesne osłony okienne: <strong>żaluzje fasadowe</strong>, <strong>shuttersy</strong> i <strong>żaluzje drewniane</strong>, które nie tylko chronią przed chłodem, ale też kreują atmosferę prosto z południa Europy.</p><h2>Typowe problemy z tarasem</h2><p>Największy problem? Większość osób traktuje taras jako sezonowy dodatek, który „zamyka się” wraz z końcem lata. Zapominamy, że odpowiednia aranżacja i wybór <strong>osłon okiennych</strong> mogą całkowicie odmienić funkcjonalność tej przestrzeni. Typowe błędy? Stawianie na zbyt masywne lub nietrwałe wyposażenie, brak ochrony przed jesiennym chłodem i wiatrem, a także zupełne pominięcie tematu światła - które teraz nabiera szczególnego znaczenia. Często wybieramy też przypadkowe <strong>rolety</strong> lub markizy, które nie wpisują się w styl domu lub po prostu nie radzą sobie z trudniejszą pogodą. Efekt? Taras staje się mało przyjazny, a zamiast śródziemnomorskiej przytulności mamy wrażenie niedokończonej aranżacji.</p>[IMG2]<h2>Rozwiązanie ROLBEST</h2><p>Co zrobić, żeby Twój taras naprawdę stał się naturalnym przedłużeniem salonu i dawał poczucie komfortu niezależnie od pogody? Postaw na sprawdzone produkty ROLBEST, które łączą funkcjonalność z designem. <strong>Żaluzje fasadowe</strong> w odcieniach antracytu to nie tylko modny akcent, ale przede wszystkim skuteczna ochrona przed wiatrem i chłodem - pozwalają precyzyjnie regulować ilość światła wpadającego do wnętrza i na taras. <strong>Shuttersy - okiennice wewnętrzne</strong> w bieli lub jasnych szarościach wprowadzają śródziemnomorską lekkość, a jednocześnie genialnie izolują od nieprzyjemnej pogody. Natomiast <strong>żaluzje drewniane</strong> to must-have, jeśli marzysz o cieple i przytulności. Drewno wprowadza naturalny klimat, a możliwość precyzyjnej regulacji lameli sprawia, że możesz bawić się światłem dokładnie tak, jak lubisz. Wszystkie te osłony okienne są trwałe, łatwe w obsłudze i dopasujesz je do każdego tarasu - niezależnie od jego wielkości czy stylu. Co ważne, zyskujesz nie tylko piękno, ale i praktyczność: ochrona przed wzrokiem sąsiadów, lepsze utrzymanie ciepła oraz kontrola nad światłem przez cały dzień (i sezon!).</p><h2>Poradnik praktyczny</h2><h3>1. Żaluzje fasadowe</h3><p>Wybierz antracyt lub grafit - to kolory, które świetnie wpisują się w śródziemnomorski styl i pasują do większości elewacji. Montuj na dużych przeszkleniach, by zyskać pełną kontrolę nad światłem i prywatnością.</p><h3>2. Shuttersy - okiennice wewnętrzne</h3><p>Postaw na klasyczną biel lub bardzo jasne odcienie beżu. Dzięki nim wnętrze i taras będą wyglądać świeżo, a światło będzie miękko filtrowane nawet w pochmurne dni.</p><h3>3. Żaluzje drewniane</h3><p>Jeśli masz drewniane lub rattanowe meble, wybierz <strong>żaluzje drewniane</strong> w ciepłych, naturalnych kolorach. To idealne uzupełnienie każdego śródziemnomorskiego tarasu!</p><h3>4. Zadbaj o detale</h3><p>Łącz <strong>osłony okienne</strong> z lekkimi tkaninami, poduszkami i kocami w odcieniach bieli i szarości. Klimatyczne lampiony i donice z oliwkami dopełnią efektu południowej riwiery.</p><h3>5. Komfort termiczny przez cały sezon</h3><p>Rozważ uzupełnienie aranżacji o <strong>rolety rzymskie</strong> lub <strong>markizy</strong> tarasowe, by jeszcze lepiej chronić się przed jesiennym deszczem i wiatrem.</p>[IMG3]<p>Umów bezpłatną wycenę: <a href=""tel:507704919"">507 704 919</a></p>","Śródziemnomorski taras jesienią - klimat i komfort dzięki żaluzje fasadowe, shuttersy i żaluzje drewniane? Dzięki odpowiednim osłonom możesz korzystać z tarasu przez cały sezon, zachowując przytulność i kontrolę nad światłem. Nasze 20-letnie doświadczenie pokazuje, że właściwy wybór daje spektakularne efekty. Umów bezpłatną wycenę: 507 704 919 🏠🌞📞","Poranny spokój na tarasie, kubek kawy i promienie jesiennego słońca - czy to nie brzmi jak marzenie o domowej oazie? Wyjątkowe żaluzje fasadowe, shuttersy i drewniane osłony zamieniają taras w przytulne miejsce na cały rok. Jak Ty zadbałbyś o klimat swojej przestrzeni? Odkryj więcej inspiracji na blogu - link w bio! #żaluzje #shutters #rolety #wnętrza #dom #rolbest #inspiracje",https://drive.google.com/file/d/19Qaspw7RqZKvWckTdD1M7AGXFh6gPH-M/view?usp=drivesdk,19Qaspw7RqZKvWckTdD1M7AGXFh6gPH-M,Do akceptacji,Do akceptacji,https://drive.google.com/file/d/15Y3ommE0EysNp_irYQ_-HmCkwEGdQ_MK/view?usp=drivesdk,15Y3ommE0EysNp_irYQ_-HmCkwEGdQ_MK,https://drive.google.com/file/d/1JwSVZQVFPCbwgbH_ko_N_36Kbd1LQQso/view?usp=drivesdk,1JwSVZQVFPCbwgbH_ko_N_36Kbd1LQQso
21-09-2025,"Retro-gabinet, czyli żaluzje drewniane, shuttersy i rolety rzymskie ROLBEST - światło i kolor dla Twojej produktywności","<h1>Retro-gabinet z żaluzje drewniane, shuttersy i rolety rzymskie ROLBEST - światło i kolor dla Twojej produktywności</h1>

<strong>HOOK - Problem, który znasz z życia</strong>

Wyobraź sobie jesienny poranek: kawa paruje, a Ty próbujesz skupić się w domowym gabinecie, gdzie światło wpada przez okno zbyt mocno albo… wcale. Kolory są nijakie, a klimat bardziej zniechęca niż motywuje. Brzmi znajomo? Właśnie wtedy doceniasz, jak ogromną rolę odgrywają światło, kolor i dobrze dobrane osłony okienne.

<strong>KONTEKST - Dlaczego temat jest ważny właśnie teraz</strong>

Jesień 2025 to powrót do wnętrz vintage i retro - domowe gabinety oraz strefy pracy przeżywają renesans. Praca hybrydowa i home office zostają z nami na dłużej, a właściciele domów chcą nie tylko funkcjonalności, ale też atmosfery sprzyjającej skupieniu i odpoczynkowi od ekranów. Modne kolory sezonu, takie jak burgund, granat czy stare złoto, podbijają trendy wnętrzarskie. Jednak bez przemyślanego światła nawet najpiękniejszy gabinet traci swój urok. Eksperci są zgodni: żaluzje drewniane, shuttersy i rolety rzymskie ROLBEST to klucz do idealnego połączenia stylu retro, komfortu i praktyczności.

<strong>BŁĘDY - Co najczęściej robimy źle?</strong>

<strong>Błędy w doborze osłon okiennych</strong>

Wielu z nas bagatelizuje znaczenie światła w domowym gabinecie. Najczęstsze grzechy? Brak możliwości precyzyjnej regulacji światła dziennego - przez co przez okno wpada za dużo słońca, odbijają się ekrany lub tworzy się nieprzyjemny półmrok. Druga sprawa to wybór przypadkowych lub ""byle jakich"" osłon okiennych, które nijak nie pasują do stylu retro - ani nie wnoszą szlachetności, ani nie dodają przytulności. Popularny błąd to także wybieranie tanich, plastikowych żaluzji, które wizualnie psują efekt całego wnętrza. Zapominasz też o spójności kolorystycznej - rolety czy żaluzje w oderwaniu od wystroju potrafią zepsuć klimat, a nawet obniżyć produktywność.

<strong>ROZWIĄZANIE ROLBEST - Retro styl i funkcjonalność w jednym</strong>

<strong>ROLBEST: żaluzje drewniane, shuttersy i rolety rzymskie do retro-gabinetu</strong>

Chcesz, by Twój gabinet vintage nie tylko wyglądał zjawiskowo, ale też wspierał Twoje skupienie i dobre samopoczucie? Odpowiedź jest prosta: postaw na produkty ROLBEST. <strong>Żaluzje drewniane</strong> to absolutny klasyk - naturalne drewno w kolorze orzecha, dębu czy mahoniu podkreśli klimat retro, a precyzyjna regulacja lameli pozwoli Ci sterować ilością światła dokładnie tak, jak lubisz. <strong>Shuttersy</strong> (okiennice wewnętrzne) to rozwiązanie dla tych, którzy cenią nie tylko design, ale i wygłuszenie - zamknięte listwy skutecznie blokują hałas i pozwalają na pełną prywatność. <strong>Rolety rzymskie</strong> to z kolei miękkość i elegancja - wybierz tkaniny w głębokich barwach, by dodać wnętrzu ciepła i klasy. Każdy z tych produktów pozwala Ci na płynną kontrolę światła, pięknie wpisuje się w modną estetykę retro i - co najważniejsze - jest wykonany na wymiar, pod Twoje okno. Nie musisz wybierać między stylem a funkcjonalnością - z ROLBEST masz jedno i drugie.

<strong>PORADNIK PRAKTYCZNY - Jak stworzyć idealny retro-gabinet?</strong>

<strong>1. Dopasuj żaluzje drewniane do reszty wnętrza</strong>
Wybierz kolor żaluzji drewnianych ROLBEST pod kątem mebli lub podłogi - orzech, dąb, mahoń czy głęboka czerń świetnie współgrają z burgundem i granatem na ścianach.

<strong>2. Stawiaj na rolety rzymskie z tkanin premium</strong>
Miękkie, matowe materiały w odcieniach starego złota, winnego burgundu lub granatu podbiją klimat retro i zapewnią przyjemny półcień.

<strong>3. Wybierz shuttersy, jeśli zależy Ci na ciszy i prywatności</strong>
Shuttersy ROLBEST wyciszą pomieszczenie - to super, jeśli Twój gabinet jest przy ruchliwej ulicy lub chcesz się odciąć od domowego zgiełku.

<strong>4. Łącz osłony okienne dla maksymalnej funkcjonalności</strong>
Zestaw żaluzje drewniane ze stylową roletą rzymską - to nie tylko praktyczne, ale wygląda naprawdę designersko.

<strong>5. Ustaw biurko względem okna</strong>
Najlepiej tak, by światło wpadało z boku - równomiernie oświetli blat i nie będzie razić w ekran monitora.

<strong>CTA - Zmień swój gabinet już dziś!</strong>

Czas na Twój własny, stylowy gabinet retro! Zaufaj doświadczeniu ROLBEST i wybierz żaluzje drewniane, shuttersy lub rolety rzymskie szyte na miarę Twoich potrzeb. Zadzwoń po bezpłatną wycenę: 507 704 919 i poczuj różnicę w pracy i komforcie już tej jesieni.","<h2>Problem</h2><p>Wyobraź sobie jesienny poranek: kawa paruje, a Ty próbujesz skupić się w domowym gabinecie, gdzie światło wpada przez okno zbyt mocno albo… wcale. Kolory są nijakie, a klimat bardziej zniechęca niż motywuje. Brzmi znajomo? Właśnie wtedy doceniasz, jak ogromną rolę odgrywają światło, kolor i dobrze dobrane <strong>osłony okienne</strong>.</p>[IMG2]<h2>Dlaczego temat jest ważny właśnie teraz</h2><p>Jesień 2025 to powrót do wnętrz vintage i retro - domowe gabinety oraz strefy pracy przeżywają renesans. Praca hybrydowa i home office zostają z nami na dłużej, a właściciele domów chcą nie tylko funkcjonalności, ale też atmosfery sprzyjającej skupieniu i odpoczynkowi od ekranów. Modne kolory sezonu, takie jak burgund, granat czy stare złoto, podbijają trendy wnętrzarskie. Jednak bez przemyślanego światła nawet najpiękniejszy gabinet traci swój urok. Eksperci są zgodni: <strong>żaluzje drewniane</strong>, <strong>shuttersy</strong> i <strong>rolety rzymskie</strong> ROLBEST to klucz do idealnego połączenia stylu retro, komfortu i praktyczności.</p><h2>Błędy w doborze osłon okiennych</h2><p>Wielu z nas bagatelizuje znaczenie światła w domowym gabinecie. Najczęstsze grzechy? Brak możliwości precyzyjnej regulacji światła dziennego - przez co przez okno wpada za dużo słońca, odbijają się ekrany lub tworzy się nieprzyjemny półmrok. Druga sprawa to wybór przypadkowych lub 'byle jakich' <strong>osłon okiennych</strong>, które nijak nie pasują do stylu retro - ani nie wnoszą szlachetności, ani nie dodają przytulności. Popularny błąd to także wybieranie tanich, plastikowych <strong>żaluzji</strong>, które wizualnie psują efekt całego wnętrza. Zapominasz też o spójności kolorystycznej - <strong>rolety</strong> czy <strong>żaluzje</strong> w oderwaniu od wystroju potrafią zepsuć klimat, a nawet obniżyć produktywność.</p><h2>Rozwiązanie ROLBEST</h2><p>Chcesz, by Twój gabinet vintage nie tylko wyglądał zjawiskowo, ale też wspierał Twoje skupienie i dobre samopoczucie? Odpowiedź jest prosta: postaw na produkty ROLBEST. <strong>Żaluzje drewniane</strong> to absolutny klasyk - naturalne drewno w kolorze orzecha, dębu czy mahoniu podkreśli klimat retro, a precyzyjna regulacja lameli pozwoli Ci sterować ilością światła dokładnie tak, jak lubisz. <strong>Shuttersy</strong> (okiennice wewnętrzne) to rozwiązanie dla tych, którzy cenią nie tylko design, ale i wygłuszenie - zamknięte listwy skutecznie blokują hałas i pozwalają na pełną prywatność. <strong>Rolety rzymskie</strong> to z kolei miękkość i elegancja - wybierz tkaniny w głębokich barwach, by dodać wnętrzu ciepła i klasy. Każdy z tych produktów pozwala Ci na płynną kontrolę światła, pięknie wpisuje się w modną estetykę retro i - co najważniejsze - jest wykonany na wymiar, pod Twoje okno. Nie musisz wybierać między stylem a funkcjonalnością - z ROLBEST masz jedno i drugie.</p><h2>Jak stworzyć idealny retro-gabinet?</h2><h3>Dopasuj żaluzje drewniane</h3><p><strong>Żaluzje drewniane</strong> ROLBEST powinny być dopasowane do reszty wnętrza. Wybierz kolor żaluzji pod kątem mebli lub podłogi - orzech, dąb, mahoń czy głęboka czerń świetnie współgrają z burgundem i granatem na ścianach.</p><h3>Stawiaj na rolety rzymskie</h3><p>Miękkie, matowe materiały w odcieniach starego złota, winnego burgundu lub granatu podbiją klimat retro i zapewnią przyjemny półcień.</p><h3>Wybierz shuttersy</h3><p><strong>Shuttersy</strong> ROLBEST wyciszą pomieszczenie - to super, jeśli Twój gabinet jest przy ruchliwej ulicy lub chcesz się odciąć od domowego zgiełku.</p><h3>Łącz osłony okienne</h3><p>Zestaw <strong>żaluzje drewniane</strong> ze stylowymi <strong>roletami rzymskimi</strong> - to nie tylko praktyczne, ale wygląda naprawdę designersko.</p><h3>Ustaw biurko względem okna</h3><p>Najlepiej tak, by światło wpadało z boku - równomiernie oświetli blat i nie będzie razić w ekran monitora.</p>[IMG3]<p>Umów się na bezpłatną wycenę: <a href=""tel:507704919"">507 704 919</a></p>","Eksperci radzą: światło i kolor jako klucz do produktywności w retro-gabinecie - czy Twój gabinet naprawdę motywuje Cię do działania? Dobierając żaluzje drewniane, shuttersy czy rolety rzymskie ROLBEST, zyskujesz nie tylko styl, ale też perfekcyjną kontrolę światła i atmosfery. Nasze 20-letnie doświadczenie pokazuje, że przemyślane detale potrafią odmienić komfort pracy. Umów bezpłatną wycenę: 507 704 919 🏠✨📞","Poranna kawa w klimatycznym retro-gabinecie, światło sączy się przez drewniane żaluzje, a kolory inspirują do działania... Odpowiednia kontrola światła wpływa na nastrój, produktywność i wyjątkowy klimat miejsca pracy. Czym wnętrze Twojego gabinetu inspiruje Ciebie? Zajrzyj na bloga - link w bio! #rolety #żaluzje #shutters #wnętrza #dom #rolbest #inspiracje",https://drive.google.com/file/d/11YoJsjJ_J2Sgs1yPVNdFYy43MB5IVDfE/view?usp=drivesdk,11YoJsjJ_J2Sgs1yPVNdFYy43MB5IVDfE,Opublikowano,Do akceptacji,https://drive.google.com/file/d/1Hr76l0vcZfAFN7Hngvq8kIOfBI71bHhl/view?usp=drivesdk,1Hr76l0vcZfAFN7Hngvq8kIOfBI71bHhl,https://drive.google.com/file/d/1odQa_a57RxVEfuA7hNZa3XtVX06A0YW4/view?usp=drivesdk,1odQa_a57RxVEfuA7hNZa3XtVX06A0YW4
22-09-2025,Jak stworzyć z pomocą ROLBEST przytulny i minimalistyczny salon na jesień?,"<strong>HOOK</strong>
Jesień to moment, kiedy Twój salon staje się prawdziwym centrum domowego życia. Znasz to uczucie - krótsze dni, więcej czasu w domu i potrzeba stworzenia przestrzeni, w której można się naprawdę odprężyć. Ale jak sprawić, by minimalistyczny salon nie był chłodny czy przytłaczający, tylko pełen światła, przytulny i jednocześnie stylowy? Sekret tkwi w odpowiednich osłonach okiennych!

<strong>KONTEKST</strong>
Minimalizm i powrót do naturalnych materiałów królują we wnętrzarskich trendach na 2025 rok. Szczególnie jesienią doceniamy prostotę, jasność i harmonię - w końcu chcemy odpocząć po intensywnym lecie i zrobić miejsce na spokojniejsze wieczory. Właściciele domów i mieszkań coraz częściej szukają rozwiązań, które łączą funkcjonalność z estetyką, pozwalając maksymalnie wykorzystać naturalne światło. Tutaj kluczową rolę odgrywają żaluzje fasadowe, żaluzje drewniane i shuttersy. Dzięki nim przestrzeń staje się nie tylko praktyczna, ale i zachwycająco piękna, bo okna przestają być tylko źródłem światła - stają się ozdobą salonu.

<strong>PROBLEM</strong>
Wielu z nas popełnia podstawowy błąd: stawia na ciężkie zasłony, które pochłaniają światło i optycznie zmniejszają przestrzeń. Efekt? Salon, który miał być minimalistyczny i przyjazny, staje się ciemny i nieprzytulny. Inni z kolei wybierają tanie, plastikowe żaluzje lub rolety, które nijak nie pasują do naturalnego, spokojnego klimatu. Tracimy szansę na harmonijną aranżację, a przestrzeń wydaje się przypadkowa. Często też zapominamy o elastyczności - a przecież jesienne światło szybko się zmienia. Brak możliwości precyzyjnego sterowania ilością światła i prywatnością to kolejny kłopot. W efekcie zamiast relaksu - codzienna irytacja i poczucie, że wnętrze nie jest „Twoje”.

<strong>ROZWIĄZANIE ROLBEST</strong>
Jak wyjść z tego wnętrzarskiego impasu? Postaw na sprawdzone, naturalne rozwiązania od ROLBEST! <strong>Żaluzje fasadowe</strong> to mistrzowie w dostarczaniu światła i nowoczesnego looku - ich lekka, architektoniczna forma świetnie podkreśla duże przeszklenia, a jednocześnie pozwala precyzyjnie kontrolować stopień nasłonecznienia. <strong>Shuttersy</strong> (okiennice wewnętrzne) to bezkonkurencyjna propozycja, jeśli zależy Ci na elegancji, przytulności i elastyczności - ustawiasz lamele jak chcesz i cieszysz się światłem lub chronisz prywatność w kilka sekund. A jeśli kochasz ciepło naturalnego drewna, <strong>żaluzje drewniane</strong> ROLBEST będą idealne - są ponadczasowe, doskonale wpisują się w nurt japandi i organicznych aranżacji, a ich subtelny charakter dodaje wnętrzu miękkości i autentyczności. Wszystkie te osłony okienne są łatwe w utrzymaniu, dopasujesz je kolorystycznie do jasnych ścian i beżowych tekstyliów, a do tego zwiększają komfort termiczny, co w sezonie grzewczym jest nie do przecenienia.

<strong>PORADNIK PRAKTYCZNY</strong>
<strong>1. Wybierz jasną paletę i naturalne materiały</strong>
Zrezygnuj z ciężkich tkanin i ciemnych kolorów. Postaw na biel, beż i jasne drewno - żaluzje drewniane ROLBEST świetnie się tu sprawdzą.

<strong>2. Zadbaj o elastyczność światła</strong>
Zamiast tradycyjnych zasłon wybierz żaluzje fasadowe lub shuttersy ROLBEST. Pozwalają płynnie regulować ilość światła, dzięki czemu zawsze dopasujesz klimat do swoich potrzeb.

<strong>3. Wpuść naturę do środka</strong>
Uzupełnij minimalistyczny salon roślinami doniczkowymi i surowymi, organicznymi formami. Osłony okienne z drewna lub w kolorze naturalnego piasku podkreślą tę atmosferę.

<strong>4. Zadbaj o detale</strong>
Unikaj nadmiaru dekoracji - lepiej postawić na kilka jakościowych akcentów, jak ręcznie tkany koc czy designerska lampa. Okna „ubrane” w żaluzje fasadowe lub shuttersy same w sobie staną się ozdobą.

<strong>5. Pamiętaj o wygodzie</strong>
Wybierając produkty ROLBEST, stawiasz na intuicyjną obsługę i łatwość czyszczenia - to ważne, gdy cenisz prostotę i spokój.

<strong>CTA</strong>
Chcesz, żeby Twój salon tej jesieni był jasny, przytulny i naprawdę minimalistyczny? Postaw na żaluzje fasadowe, shuttersy i żaluzje drewniane ROLBEST - zadzwoń po bezpłatną wycenę: 507 704 919 i odkryj, jak łatwo odmienić swoje wnętrze!","<h2>Jesień w Twoim salonie</h2><p>Jesień to moment, kiedy Twój salon staje się prawdziwym centrum domowego życia. Znasz to uczucie - krótsze dni, więcej czasu w domu i potrzeba stworzenia przestrzeni, w której można się naprawdę odprężyć. Ale jak sprawić, by minimalistyczny salon nie był chłodny czy przytłaczający, tylko pełen światła, przytulny i jednocześnie stylowy? Sekret tkwi w odpowiednich <strong>osłonach okiennych</strong>!</p><h2>Kontekst aranżacji</h2><p><strong>Minimalizm</strong> i powrót do naturalnych materiałów królują we wnętrzarskich trendach na 2025 rok. Szczególnie jesienią doceniamy prostotę, jasność i harmonię - w końcu chcemy odpocząć po intensywnym lecie i zrobić miejsce na spokojniejsze wieczory. Właściciele domów i mieszkań coraz częściej szukają rozwiązań, które łączą funkcjonalność z estetyką, pozwalając maksymalnie wykorzystać naturalne światło. Tutaj kluczową rolę odgrywają <strong>żaluzje fasadowe</strong>, <strong>żaluzje drewniane</strong> i <strong>shuttersy</strong>. Dzięki nim przestrzeń staje się nie tylko praktyczna, ale i zachwycająco piękna, bo okna przestają być tylko źródłem światła - stają się ozdobą salonu.</p><h2>Problem z aranżacją</h2><p>Wielu z nas popełnia podstawowy błąd: stawia na ciężkie zasłony, które pochłaniają światło i optycznie zmniejszają przestrzeń. Efekt? Salon, który miał być minimalistyczny i przyjazny, staje się ciemny i nieprzytulny. Inni z kolei wybierają tanie, plastikowe <strong>żaluzje</strong> lub rolety, które nijak nie pasują do naturalnego, spokojnego klimatu. Tracimy szansę na harmonijną aranżację, a przestrzeń wydaje się przypadkowa. Często też zapominamy o elastyczności - a przecież jesienne światło szybko się zmienia. Brak możliwości precyzyjnego sterowania ilością światła i prywatnością to kolejny kłopot. W efekcie zamiast relaksu - codzienna irytacja i poczucie, że wnętrze nie jest „Twoje”.</p>[IMG2]<h2>Rozwiązanie ROLBEST</h2><p>Jak wyjść z tego wnętrzarskiego impasu? Postaw na sprawdzone, naturalne rozwiązania od ROLBEST! <strong>Żaluzje fasadowe</strong> to mistrzowie w dostarczaniu światła i nowoczesnego looku - ich lekka, architektoniczna forma świetnie podkreśla duże przeszklenia, a jednocześnie pozwala precyzyjnie kontrolować stopień nasłonecznienia. <strong>Shuttersy</strong> (okiennice wewnętrzne) to bezkonkurencyjna propozycja, jeśli zależy Ci na elegancji, przytulności i elastyczności - ustawiasz lamele jak chcesz i cieszysz się światłem lub chronisz prywatność w kilka sekund. A jeśli kochasz ciepło naturalnego drewna, <strong>żaluzje drewniane</strong> ROLBEST będą idealne - są ponadczasowe, doskonale wpisują się w nurt japandi i organicznych aranżacji, a ich subtelny charakter dodaje wnętrzu miękkości i autentyczności. Wszystkie te osłony okienne są łatwe w utrzymaniu, dopasujesz je kolorystycznie do jasnych ścian i beżowych tekstyliów, a do tego zwiększają komfort termiczny, co w sezonie grzewczym jest nie do przecenienia.</p><h2>Poradnik praktyczny od ROLBEST</h2><h3>Wybierz jasną paletę</h3><p><strong>Zrezygnuj</strong> z ciężkich tkanin i ciemnych kolorów. Postaw na biel, beż i jasne drewno - <strong>żaluzje drewniane</strong> ROLBEST świetnie się tu sprawdzą.</p><h3 Zadbaj o elastyczność światła</h3><p><strong>Zamiast</strong> tradycyjnych zasłon wybierz <strong>żaluzje fasadowe</strong> lub <strong>shuttersy</strong> ROLBEST. Pozwalają płynnie regulować ilość światła, dzięki czemu zawsze dopasujesz klimat do swoich potrzeb.</p><h3>Wpuść naturę do środka</h3><p>Uzupełnij minimalistyczny salon roślinami doniczkowymi i surowymi, organicznymi formami. Osłony okienne z drewna lub w kolorze naturalnego piasku podkreślą tę atmosferę.</p><h3>Zadbaj o detale</h3><p>Unikaj nadmiaru dekoracji - lepiej postawić na kilka jakościowych akcentów, jak ręcznie tkany koc czy designerska lampa. Okna „ubrane” w <strong>żaluzje fasadowe</strong> lub <strong>shuttersy</strong> same w sobie staną się ozdobą.</p><h3>Pamiętaj o wygodzie</h3><p>Wybierając produkty ROLBEST, stawiasz na intuicyjną obsługę i łatwość czyszczenia - to ważne, gdy cenisz prostotę i spokój.</p>[IMG3]<p>Chcesz, żeby Twój salon tej jesieni był jasny, przytulny i naprawdę minimalistyczny? Postaw na <strong>żaluzje fasadowe</strong>, <strong>shuttersy</strong> i <strong>żaluzje drewniane</strong> ROLBEST - zadzwoń po bezpłatną wycenę: <a href=""tel:507704919"">507 704 919</a> i odkryj, jak łatwo odmienić swoje wnętrze!</p>","Minimalistyczny salon na jesień - światło i relaks z żaluzjami fasadowymi, shuttersami i żaluzjami drewnianymi ROLBEST? Odpowiednio dobrane osłony okienne pozwalają zachować maksymalnie dużo światła i zapewniają przytulność nawet w krótkie, jesienne dni. Nasze 20-letnie doświadczenie pokazuje, że naturalne materiały i funkcjonalność naprawdę odmieniają wnętrza. Umów bezpłatną wycenę: 507 704 919. 🌞🏠✨","Poranna kawa w salonie zalanym miękkim jesiennym światłem - to chwile, które zostają z nami na długo. Odpowiednie żaluzje od ROLBEST pozwalają cieszyć się ciepłem i spokojem, nie tracąc na stylu i funkcjonalności. Jak dbasz o światło w swoim wnętrzu? Zajrzyj na blog, link w bio! #żaluzje #shutters #wnętrza #dom #rolbest #inspiracje #design",https://drive.google.com/file/d/1eRJvv020CXXLpzcN09sm67CVRgQJnsB1/view?usp=drivesdk,1eRJvv020CXXLpzcN09sm67CVRgQJnsB1,Opublikowano,Do akceptacji,https://drive.google.com/file/d/1bLIKHhuqeWCWAAWXJkwXlNok8mFCLsb5/view?usp=drivesdk,1bLIKHhuqeWCWAAWXJkwXlNok8mFCLsb5,https://drive.google.com/file/d/13xDUdgpaP7d-Z_MiMcptWINT_uKSB-wK/view?usp=drivesdk,13xDUdgpaP7d-Z_MiMcptWINT_uKSB-wK
23-09-2025,"Industrialna kuchnia - cegła, stal i drewno w jesiennym świetle, czyli rolety pilsowane (plisy) i żaluzje drewniane ROLBEST","<h1>Industrialna kuchnia - cegła, stal i drewno w jesiennym świetle z rolety pilsowane (plisy) i żaluzje drewniane ROLBEST</h1>

<strong>HOOK - Industrialna kuchnia: światło robi klimat</strong>

Wyobraź sobie kuchnię z ceglaną ścianą, masywnym, dębowym blatem i stalowymi dodatkami. Jesień za oknem, kawa w dłoni, a promienie słońca wpadają przez duże okna, tworząc niesamowity klimat. Brzmi jak Pinterest? To może być Twoja codzienność - jeśli tylko zadbasz o dobre światło i osłony okienne dopasowane do industrialnego stylu. Bo w kuchni, gdzie liczy się zarówno design, jak i wygoda, światło jest wszystkim.

<strong>KONTEKST - Dlaczego teraz warto zwrócić uwagę na światło w kuchni?</strong>

Industrialne kuchnie już od kilku sezonów nie wychodzą z mody, ale to właśnie jesień 2025 przynosi nowy twist: mocne materiały, ciepłe, surowe faktury i… gra światłem. Gdy za oknem królują szarości, każdy promień słońca w kuchni to luksus. Właśnie dlatego coraz więcej osób projektując kuchnię, myśli nie tylko o materiałach, ale i o tym, jak wykorzystać naturalne światło, by wnętrze było przytulne, ale nie traciło swojego loftowego pazura. Prawidłowo dobrane osłony okienne - takie jak rolety pilsowane (plisy) czy żaluzje drewniane - pozwalają bawić się światłem i cieniami, które podkreślają cegłę, stal i drewno. To nie tylko kwestia estetyki - to codzienny komfort gotowania, spotkań przy stole i relaksu w domowym klimacie.

<strong>PROBLEM - Typowe błędy przy aranżacji światła i okien w kuchni</strong>

Wielu właścicieli domów, zachwyconych surowym stylem industrialnym, skupia się na cegle czy betonie, a temat światła i osłon okiennych traktuje po macoszemu. Efekt? Kuchnia, która wygląda dobrze na zdjęciach, ale w praktyce bywa ponura, przegrzewa się latem albo w jesienne popołudnia zamienia się w jaskinię. Często wybiera się przypadkowe rolety, które tłumią światło, albo zasłony, które w ogóle nie pasują do industrialnego klimatu. Inni z kolei zostawiają okna „na surowo”, co kończy się brakiem prywatności i kłopotami z kontrolą temperatury. Jesień dodatkowo wydobywa te błędy - gdy za oknem wcześniej robi się ciemno, a kuchnia powinna być sercem domu, niuanse oświetlenia i komfortu wychodzą na pierwszy plan. Zbyt mocne światło, brak możliwości regulacji albo sztywne, niepraktyczne rozwiązania potrafią skutecznie zepsuć efekt nawet najlepiej zaprojektowanej kuchni.

<strong>ROZWIĄZANIE ROLBEST - Rolety pilsowane (plisy) i żaluzje drewniane do industrialnej kuchni</strong>

Tutaj wchodzi ROLBEST, cała na industrialnie! Połączenie cegły, stali i drewna aż się prosi o designerskie, ale funkcjonalne osłony okienne. Rolety pilsowane (plisy) to must have, jeśli chcesz mieć pełną kontrolę nad światłem - możesz zasłonić tylko dolną część okna (gdy słońce świeci za mocno podczas gotowania) albo całość, jeśli chcesz zbudować przytulny klimat na wieczorne spotkanie. Ich minimalistyczny design świetnie wpisuje się w loftową prostotę, a wybór tkanin pozwala dopasować fakturę i kolor do cegły czy stali.

Żaluzje drewniane to kolejny hit. Naturalne drewno pięknie kontrastuje z surowością cegły i metalu, a szerokie lamele pozwalają bawić się światłem jak w profesjonalnej sesji zdjęciowej. Regulacja kąta nachylenia lameli daje Ci władzę nad klimatem w kuchni: możesz rozproszyć światło albo wpuścić do środka pełnię jesiennego słońca. Żaluzje drewniane ROLBEST są nie tylko stylowe, ale też bardzo trwałe i łatwe w utrzymaniu - co w kuchni ma ogromne znaczenie.

Dzięki tym rozwiązaniom zyskujesz nie tylko efekt wow, ale przede wszystkim codzienny komfort: brak olśnień, więcej prywatności i przyjemny mikroklimat - nawet, gdy za oknem plucha. Industrialny styl nie musi być chłodny - z odpowiednimi roletami i żaluzjami zyskuje nowy wymiar przytulności.

<strong>PORADNIK PRAKTYCZNY - Jak dobrać osłony okienne do industrialnej kuchni?</strong>

<strong>Rolety pilsowane (plisy):</strong> Wybierz modele w kolorach ziemi - grafit, beż, ciepła szarość - dzięki temu idealnie podkreślisz cegłę i stalowe dodatki. Zwróć uwagę na możliwość montażu „na skrzydło” - bez wiercenia, co nie zaburzy minimalistycznego charakteru wnętrza.

<strong>Żaluzje drewniane:</strong> Szerokie lamele (np. 50 mm) świetnie prezentują się w dużych oknach loftowych. Wybierz odcienie ciemnego dębu lub orzecha, by nawiązać do industrialnych blatów i mebli. Pamiętaj, że drewno ociepla wnętrze i tworzy efekt przytulności.

<strong>Łącz materiały:</strong> Nic nie stoi na przeszkodzie, by w jednym wnętrzu połączyć rolety pilsowane (plisy) i żaluzje drewniane. Plisy sprawdzą się w oknach nad blatem, a żaluzje drewniane w dużych przeszkleniach przy stole.

<strong>Dbaj o czystość:</strong> W kuchni nie unikniesz tłuszczu i pary, więc wybieraj materiały łatwe w czyszczeniu. Produkty ROLBEST są odporne na zabrudzenia i wilgoć.

<strong>Pomyśl o dodatkach:</strong> Industrialny styl lubi proste, metalowe karnisze i czarne uchwyty - zestaw je z osłonami okiennymi dla spójnego efektu.

<strong>CTA - Zamów bezpłatną wycenę ROLBEST</strong>

Chcesz mieć kuchnię, która zachwyca jesiennym światłem i industrialnym klimatem? Zadzwoń po bezpłatną wycenę ROLBEST - tel: 507 704 919. Dobierzemy idealne rolety pilsowane (plisy) albo żaluzje drewniane do Twojego wnętrza i pomożemy z montażem. Twoja kuchnia zasługuje na światło w najlepszym stylu!","<h2>Industrialna kuchnia: światło robi klimat</h2><p>Wyobraź sobie kuchnię z ceglaną ścianą, masywnym, dębowym blatem i stalowymi dodatkami. Jesień za oknem, kawa w dłoni, a promienie słońca wpadają przez duże okna, tworząc niesamowity klimat. Brzmi jak Pinterest? To może być Twoja codzienność - jeśli tylko zadbasz o dobre światło i <strong>osłony okienne od ROLBEST</strong> dopasowane do industrialnego stylu. Bo w kuchni, gdzie liczy się zarówno design, jak i wygoda, światło jest wszystkim.</p><h2>Dlaczego teraz warto zwrócić uwagę na światło w kuchni?</h2><p><strong>Industrialne kuchnie</strong> już od kilku sezonów nie wychodzą z mody, ale to właśnie jesień 2025 przynosi nowy twist: mocne materiały, ciepłe, surowe faktury i… gra światłem. Gdy za oknem królują szarości, każdy promień słońca w kuchni to luksus. Właśnie dlatego coraz więcej osób projektując kuchnię, myśli nie tylko o materiałach, ale i o tym, jak wykorzystać naturalne światło, by wnętrze było przytulne, ale nie traciło swojego loftowego pazura. Prawidłowo dobrane <strong>osłony okienne</strong> - takie jak <strong>rolety pilsowane</strong> (plisy) czy <strong>żaluzje drewniane</strong> - pozwalają bawić się światłem i cieniami, które podkreślają cegłę, stal i drewno. To nie tylko kwestia estetyki - to codzienny komfort gotowania, spotkań przy stole i relaksu w domowym klimacie.</p><h2>Typowe błędy przy aranżacji światła i okien w kuchni</h2><p>Wielu właścicieli domów, zachwyconych surowym stylem industrialnym, skupia się na cegle czy betonie, a temat światła i <strong>osłon okiennych</strong> traktuje po macoszemu. Efekt? Kuchnia, która wygląda dobrze na zdjęciach, ale w praktyce bywa ponura, przegrzewa się latem albo w jesienne popołudnia zamienia się w jaskinię. Często wybiera się przypadkowe <strong>rolety</strong>, które tłumią światło, albo zasłony, które w ogóle nie pasują do industrialnego klimatu. Inni z kolei zostawiają okna „na surowo”, co kończy się brakiem prywatności i kłopotami z kontrolą temperatury. Jesień dodatkowo wydobywa te błędy - gdy za oknem wcześniej robi się ciemno, a kuchnia powinna być sercem domu, niuanse oświetlenia i komfortu wychodzą na pierwszy plan. Zbyt mocne światło, brak możliwości regulacji albo sztywne, niepraktyczne rozwiązania potrafią skutecznie zepsuć efekt nawet najlepiej zaprojektowanej kuchni.</p>[IMG2]<h2>Rozwiązanie ROLBEST</h2><p>Tutaj wchodzi ROLBEST, cały na industrialnie! Połączenie cegły, stali i drewna aż się prosi o designerskie, ale funkcjonalne <strong>osłony okienne</strong>. <strong>Rolety pilsowane</strong> (plisy) to must have, jeśli chcesz mieć pełną kontrolę nad światłem - możesz zasłonić tylko dolną część okna (gdy słońce świeci za mocno podczas gotowania) albo całość, jeśli chcesz zbudować przytulny klimat na wieczorne spotkanie. Ich minimalistyczny design świetnie wpisuje się w loftową prostotę, a wybór tkanin pozwala dopasować fakturę i kolor do cegły czy stali.</p><p><strong>Żaluzje drewniane</strong> to kolejny hit. Naturalne drewno pięknie kontrastuje z surowością cegły i metalu, a szerokie lamele pozwalają bawić się światłem jak w profesjonalnej sesji zdjęciowej. Regulacja kąta nachylenia lameli daje Ci władzę nad klimatem w kuchni: możesz rozproszyć światło albo wpuścić do środka pełnię jesiennego słońca. <strong>Żaluzje drewniane</strong> ROLBEST są nie tylko stylowe, ale też bardzo trwałe i łatwe w utrzymaniu - co w kuchni ma ogromne znaczenie.</p><p>Dzięki tym rozwiązaniom zyskujesz nie tylko efekt wow, ale przede wszystkim codzienny komfort: więcej prywatności i przyjemny mikroklimat - nawet, gdy za oknem plucha. Industrialny styl nie musi być chłodny - z odpowiednimi <strong>roletami</strong> i <strong>żaluzjami</strong> zyskuje nowy wymiar przytulności.</p><h2>Jak dobrać osłony okienne do industrialnej kuchni?</h2><h3>Rolety pilsowane (plisy)</h3><p>Wybierz modele w kolorach ziemi - grafit, beż, ciepła szarość - dzięki temu idealnie podkreślisz cegłę i stalowe dodatki. Zwróć uwagę na możliwość montażu „na skrzydło” - bez wiercenia, co nie zaburzy minimalistycznego charakteru wnętrza.</p><h3>Żaluzje drewniane</h3><p>Szerokie lamele (np. 50 mm) świetnie prezentują się w dużych oknach loftowych. Wybierz odcienie ciemnego dębu lub orzecha, by nawiązać do industrialnych blatów i mebli. Pamiętaj, że drewno ociepla wnętrze i tworzy efekt przytulności.</p><h3>Łącz materiały</h3><p>Nic nie stoi na przeszkodzie, by w jednym wnętrzu połączyć <strong>rolety pilsowane</strong> (plisy) i <strong>żaluzje drewniane</strong>. Plisy sprawdzą się w oknach nad blatem, a <strong>żaluzje drewniane</strong> w dużych przeszkleniach przy stole.</p><h3>Dbaj o czystość</h3><p>W kuchni nie unikniesz tłuszczu i pary, więc wybieraj materiały łatwe w czyszczeniu. Produkty ROLBEST są odporne na zabrudzenia i wilgoć.</p><h3>Pomyśl o dodatkach</h3><p><strong>Industrialny styl</strong> lubi proste, metalowe karnisze i czarne uchwyty - zestaw je z <strong>osłonami okiennymi</strong> dla spójnego efektu.</p>[IMG3]<p>Umów się na bezpłatną wycenę: <a href=""tel:507704919"">507 704 919</a></p>","Industrialna kuchnia - cegła, stal i drewno w jesiennym świetle? Sprawdź, jak rolety pilsowane (plisy) i żaluzje drewniane ROLBEST pozwolą Ci wyczarować przytulny i funkcjonalny klimat nawet w najbardziej loftowym wnętrzu. Nasze 20-letnie doświadczenie pokazuje, że światło tworzy dom. Umów bezpłatną wycenę: 507 704 919. 🌞✨🏠","Poranna kawa przy ceglanym blacie, stalowe akcenty i tańczące po kuchni jesienne światło - tak wygląda industrialny komfort. Plisy i żaluzje drewniane ROLBEST pozwolą Ci idealnie wyregulować klimat, podkreślając surowość cegły i ciepło drewna. Jak Twoje wnętrze gra ze światłem? Zajrzyj na bloga po więcej inspiracji - link w bio! #rolety #żaluzje #wnętrza #dom #rolbest #inspiracje #design",https://drive.google.com/file/d/1C_136Q5Dx7QDzu68GOUX1OP6IqEZ0QA7/view?usp=drivesdk,1C_136Q5Dx7QDzu68GOUX1OP6IqEZ0QA7,Opublikowano,Do akceptacji,https://drive.google.com/file/d/1vo-WUbX30geb_Y1vnA-blh9Ub_jAosfK/view?usp=drivesdk,1vo-WUbX30geb_Y1vnA-blh9Ub_jAosfK,https://drive.google.com/file/d/1557ApYGO-zk_b4EEQY9-Mo9fZqPEaK6D/view?usp=drivesdk,1557ApYGO-zk_b4EEQY9-Mo9fZqPEaK6D
24-09-2025,"Jesienna sypialnia - ciepło i styl, czyli shuttersy i żaluzje drewniane ROLBEST","<h1>Jesienna sypialnia - ciepło i styl dzięki shuttersy i żaluzje drewniane</h1>

<strong>HOOK - Dlaczego warto pomyśleć o zmianach?</strong>

Jesień to ten moment w roku, kiedy szukasz w domu więcej spokoju i ciepła. Sypialnia powinna być Twoją oazą - miejscem, gdzie naprawdę się regenerujesz. Ale co zrobić, żeby nie była tylko kolejnym, nudnym pokojem? Jeśli masz dość chaosu, zbędnych dodatków i chcesz poczuć harmonię – soft minimalism w skandynawskim wydaniu jest dla Ciebie. Właśnie tu wkraczają beże, ciepłe drewno, zieleń roślin i... odpowiednie osłony okienne.

<strong>KONTEKST - Skandynawski soft minimalism na jesień</strong>

Trendy na 2025 rok nie pozostawiają wątpliwości - domy mają być przytulne, kojące, ale też praktyczne. Skandynawski soft minimalism to nie tylko białe ściany i surowe meble. Chodzi o ciepłe beże, miękkie tekstylia i naturalne materiały, które pomagają wyciszyć umysł po długim dniu. Jesień dodatkowo sprzyja wprowadzaniu zmian - krótsze dni i mniej światła to idealny czas, by zadbać o komfort sypialni. Coraz więcej osób rozumie, że klimat pokoju budują detale: odpowiednie żaluzje drewniane, shuttersy czy nawet rolety pilsowane (plisy). Te elementy nie tylko kontrolują światło, ale też podkreślają styl i budują atmosferę.

<strong>BŁĘDY - Czego unikać w aranżacji z osłonami okiennymi?</strong>

Wiele osób urządzając sypialnię, skupia się na kolorze ścian i wyborze łóżka, zapominając o oknach. Najczęstsze błędy? Po pierwsze - zbyt ciężkie zasłony, które przytłaczają wnętrze i nie pozwalają cieszyć się światłem dziennym. Po drugie - przypadkowo dobrane rolety czy żaluzje, które ""gryzą się"" ze stylem mebli i sprawiają, że wnętrze wygląda chaotycznie. Po trzecie - brak kontroli nad prywatnością: sypialnia na parterze lub z sąsiadami za oknem wymaga sprytnego rozwiązania. Zbyt jaskrawe lub szare osłony okienne potrafią zepsuć klimat nawet najlepiej zaprojektowanego wnętrza. Jeszcze inny problem to wybór tanich żaluzji, które szybko się niszczą i... po prostu nie wyglądają dobrze. Skandynawski minimalizm nie znosi bylejakości - tu liczy się jakość i spójność.

<strong>ROZWIĄZANIE ROLBEST - shuttersy i żaluzje drewniane jako must-have</strong>

W ROLBEST doskonale rozumiemy, że sypialnia to miejsce, gdzie design spotyka się z funkcją. Jeśli marzysz o skandynawskim soft minimalism na jesień, postaw na shuttersy - okiennice wewnętrzne ROLBEST i żaluzje drewniane ROLBEST. To nie są zwykłe osłony okienne - to designerskie elementy, które potrafią odmienić całą przestrzeń.

<strong>Shuttersy</strong> to elegancja, której nie da się podrobić. Białe, beżowe lub nawet w naturalnym kolorze drewna, wprowadzają światło, ale też pozwalają na precyzyjną kontrolę prywatności. Świetnie komponują się z jasnymi ścianami i drewnianymi dodatkami, a ich minimalistyczna forma podkreśla nowoczesność i porządek. Co ważne, shuttersy nie przytłaczają wnętrza i są łatwe w utrzymaniu - to inwestycja na lata.

<strong>Żaluzje drewniane</strong> ROLBEST to z kolei ukłon w stronę natury. Wykonane z prawdziwego drewna, ocieplają przestrzeń i pięknie wyglądają w świetle popołudniowego słońca. Dzięki szerokim możliwościom regulacji światła możesz uzyskać dokładnie taki klimat, jaki lubisz - od jasnego poranka po wieczorny półmrok. A jeśli Twoje okna są niestandardowe, zamówisz je u nas dokładnie na wymiar.

Oba rozwiązania idealnie wpisują się w trend soft minimalism i pozwalają Ci stworzyć sypialnię, do której naprawdę chce się wracać. Dopełnieniem mogą być rolety pilsowane (plisy) - jeśli szukasz czegoś bardziej subtelnego i miękkiego w formie.

<strong>PORADNIK - 5 tipów na skandynawską sypialnię z użyciem shuttersy i żaluzje drewniane</strong>

<strong>1. Postaw na jasną bazę</strong> - Beżowe ściany, drewniane podłogi i tekstylia z lnu lub bawełny to fundament. Shuttersy w kolorze białym lub naturalnego drewna pięknie to podkreślą.

<strong>2. Zadbaj o kontrolę światła</strong> - Zamontuj żaluzje drewniane ROLBEST, które pozwolą Ci płynnie regulować natężenie światła w ciągu dnia. To szczególnie ważne jesienią, gdy światła jest mniej.

<strong>3. Rośliny dla kojącej zieleni</strong> - Ustaw kilka donic z zielonymi roślinami na parapecie. Naturalne światło wpadające przez shuttersy wydobędzie ich piękno.

<strong>4. Nie przesadzaj z dekoracjami</strong> - Skandynawski soft minimalism to przestrzeń wolna od zbędnych bibelotów. Lepszy jeden designerski fotel niż pięć przypadkowych poduszek.

<strong>5. Prywatność i bezpieczeństwo</strong> - Jeśli Twoja sypialnia jest na parterze, shuttersy lub żaluzje drewniane zapewnią Ci maksimum prywatności bez zaciemniania całego wnętrza.

<strong>CTA - Zainspiruj się i zamów bezpłatną wycenę</strong>

Chcesz, żeby Twoja sypialnia wyglądała jak z katalogu, ale była naprawdę przytulna? Zadzwoń do nas po bezpłatną wycenę - tel: 507 704 919. Doradzimy, jakie shuttersy lub żaluzje drewniane ROLBEST najlepiej sprawdzą się w Twoim domu. Stwórz swoją oazę spokoju na jesień!","<h2>Jesienna sypialnia</h2><p>Jesień to ten moment w roku, kiedy szukasz w domu więcej spokoju i ciepła. Sypialnia powinna być Twoją oazą - miejscem, gdzie naprawdę się regenerujesz. Ale co zrobić, żeby nie była tylko kolejnym, nudnym pokojem? Jeśli masz dość chaosu, zbędnych dodatków i chcesz poczuć harmonię – <strong>minimalizm</strong> w skandynawskim wydaniu jest dla Ciebie. Właśnie tu wkraczają beże, ciepłe drewno, zieleń roślin i... odpowiednie <strong>osłony okienne od ROLBEST</strong>.</p><h2>Skandynawski minimalizm na jesień</h2><p>Trendy na 2025 rok nie pozostawiają wątpliwości - domy mają być przytulne, kojące, ale też praktyczne. Skandynawski <strong>minimalizm</strong> to nie tylko białe ściany i surowe meble. Chodzi o ciepłe beże, miękkie tekstylia i naturalne materiały, które pomagają wyciszyć umysł po długim dniu. Jesień dodatkowo sprzyja wprowadzaniu zmian - krótsze dni i mniej światła to idealny czas, by zadbać o komfort sypialni. Coraz więcej osób rozumie, że klimat pokoju budują detale: odpowiednie <strong>żaluzje drewniane</strong>, <strong>shuttersy</strong> czy nawet <strong>rolety pilsowane</strong> (plisy). Te elementy nie tylko kontrolują światło, ale też podkreślają styl i budują atmosferę.</p><h2>Czego unikać w aranżacji z osłonami okiennymi?</h2><p>Wiele osób urządzając sypialnię, skupia się na kolorze ścian i wyborze łóżka, zapominając o oknach. Najczęstsze błędy? Po pierwsze - zbyt ciężkie zasłony, które przytłaczają wnętrze i nie pozwalają cieszyć się światłem dziennym. Po drugie - przypadkowo dobrane <strong>rolety</strong> czy <strong>żaluzje</strong>, które ""gryzą się"" ze stylem mebli i sprawiają, że wnętrze wygląda chaotycznie. Po trzecie - brak kontroli nad prywatnością: sypialnia na parterze lub z sąsiadami za oknem wymaga sprytnego rozwiązania. Zbyt jaskrawe lub szare <strong>osłony okienne</strong> potrafią zepsuć klimat nawet najlepiej zaprojektowanego wnętrza. Jeszcze inny problem to wybór tanich <strong>żaluzji</strong>, które szybko się niszczą i... po prostu nie wyglądają dobrze. Skandynawski minimalizm nie znosi bylejakości - tu liczy się jakość i spójność.</p>[IMG2]<h2>Rozwiązanie ROLBEST</h2><p>W ROLBEST doskonale rozumiemy, że sypialnia to miejsce, gdzie design spotyka się z funkcją. Jeśli marzysz o skandynawskim <strong>minimalizmie</strong> na jesień, postaw na <strong>shuttersy</strong> - <strong>okiennice wewnętrzne</strong> ROLBEST i <strong>żaluzje drewniane</strong> ROLBEST. To nie są zwykłe <strong>osłony okienne</strong> - to designerskie elementy, które potrafią odmienić całą przestrzeń.</p><p><strong>Shuttersy</strong> to elegancja, której nie da się podrobić. Białe, beżowe lub nawet w naturalnym kolorze drewna, wprowadzają światło, ale też pozwalają na precyzyjną kontrolę prywatności. Świetnie komponują się z jasnymi ścianami i drewnianymi dodatkami, a ich minimalistyczna forma podkreśla nowoczesność i porządek. Co ważne, <strong>shuttersy</strong> nie przytłaczają wnętrza i są łatwe w utrzymaniu - to inwestycja na lata.</p><p><strong>Żaluzje drewniane</strong> ROLBEST to z kolei ukłon w stronę natury. Wykonane z prawdziwego drewna, ocieplają przestrzeń i pięknie wyglądają w świetle popołudniowego słońca. Dzięki szerokim możliwościom regulacji światła możesz uzyskać dokładnie taki klimat, jaki lubisz - od jasnego poranka po wieczorny półmrok. A jeśli Twoje okna są niestandardowe, zamówisz je u nas dokładnie na wymiar.</p><p>Oba rozwiązania idealnie wpisują się w panujący trend i pozwalają Ci stworzyć sypialnię, do której naprawdę chce się wracać. Dopełnieniem mogą być <strong>rolety pilsowane</strong> (plisy) - jeśli szukasz czegoś bardziej subtelnego i miękkiego w formie.</p><h2>Poradnik praktyczny</h2><h3> Postaw na jasną bazę</h3><p><strong>Beżowe ściany</strong>, drewniane podłogi i tekstylia z lnu lub bawełny to fundament. <strong>Shuttersy</strong> w kolorze białym lub naturalnego drewna pięknie to podkreślą.</p><h3>Zadbaj o kontrolę światła</h3><p>Zamontuj <strong>żaluzje drewniane</strong> ROLBEST, które pozwolą Ci płynnie regulować natężenie światła w ciągu dnia. To szczególnie ważne jesienią, gdy światła jest mniej.</p><h3>Rośliny dla kojącej zieleni</h3><p>Ustaw kilka donic z zielonymi roślinami na parapecie. Naturalne światło wpadające przez <strong>shuttersy</strong> wydobędzie ich piękno.</p><h3>Nie przesadzaj z dekoracjami</h3><p><strong>Skandynawski minimalizm</strong> to przestrzeń wolna od zbędnych bibelotów. Lepszy jeden designerski fotel niż pięć przypadkowych poduszek.</p><h3>Prywatność i bezpieczeństwo</h3><p>Jeśli Twoja sypialnia jest na parterze, <strong>shuttersy</strong> lub <strong>żaluzje drewniane</strong> zapewnią Ci maksimum prywatności bez zaciemniania całego wnętrza.</p>[IMG3]<p>Umów się na bezpłatną wycenę: <a href=""tel:507704919"">507 704 919</a></p>","Soft minimalism w skandynawskiej sypialni: beże, drewno i kojąca zieleń na jesień 2025 – brzmi jak idealny klimat na chłodniejsze dni? Odpowiednie shuttersy i żaluzje drewniane nie tylko podkreślają styl, ale też tworzą przytulność i spokój. Nasze 20-letnie doświadczenie pokazuje, że detale naprawdę robią różnicę. Umów bezpłatną wycenę: 507 704 919. ✨🏠📞","Poranek w otulonej beżami sypialni, szum drewna i cicha zieleń roślin - tu jesień naprawdę koi zmysły. Dzięki shuttersom i żaluzjom drewnianym możesz dowolnie kreować klimat i prywatność, zamieniając wnętrze w prawdziwą oazę spokoju. Jak wygląda Twoja wymarzona sypialnia na jesień? Po więcej inspiracji zajrzyj na bloga - link w bio.  
#rolbest #shutters #żaluzje #wnętrza #design #dom #inspiracje",https://drive.google.com/file/d/1gF0uKON5loTb0LppkS6j7J0xb4QjU-k8/view?usp=drivesdk,1gF0uKON5loTb0LppkS6j7J0xb4QjU-k8,Opublikowano,Do akceptacji,https://drive.google.com/file/d/1TDeKTJxzUesWwMXm7FbwAe4Zs2v0GTQp/view?usp=drivesdk,1TDeKTJxzUesWwMXm7FbwAe4Zs2v0GTQp,https://drive.google.com/file/d/19mQ1QRxDCApiIdZtM7JFs32HRGQ_pwdp/view?usp=drivesdk,19mQ1QRxDCApiIdZtM7JFs32HRGQ_pwdp
25-09-2025,Home office jesienią - energia i styl dzięki żaluzje drewniane i shuttersy ROLBEST,"<h1>Home office jesienią - energia i styl dzięki żaluzje drewniane i shuttersy ROLBEST</h1>

<strong>HOOK:</strong>

Wyobraź sobie, że jesienny poranek nie zaczyna się od szarówki i braku motywacji. Twoje domowe biuro wita Cię feerią ciepłych barw, a światło za oknem gra na ścianach, pobudzając kreatywność. Jeśli od kilku tygodni czujesz spadek energii do pracy z domu, problem często nie leży w Tobie - tylko w otoczeniu. To dobry moment, by zrobić rewolucję w swoim home office.

<strong>KONTEKST:</strong>

Coraz więcej z nas pracuje z domu - i coraz częściej chcemy, by to miejsce nie było nudną kopią biura korporacyjnego, tylko naszą osobistą strefą inspiracji. Trendy 2025 mówią wprost: eklektyzm, żywe kolory i świadome zarządzanie światłem to klucz do dobrego samopoczucia jesienią. Gdy za oknem szybciej robi się ciemno, a pogoda nie rozpieszcza, to właśnie rolety, żaluzje i shuttersy stają się nieocenionymi sojusznikami. Dzięki nim możesz nie tylko kontrolować ilość światła, ale również bawić się jego jakością - od rozproszonego, miękkiego blasku po mocniejsze akcenty na Twoim biurku.

<strong>PROBLEM:</strong>

Znasz to uczucie, gdy siedzisz przy komputerze, a światło jest albo za ostre, albo zbyt przygaszone? Wiele osób urządzając home office popełnia podstawowy błąd - nie traktuje okien i światła jako kluczowego elementu aranżacji. Zamiast tego inwestuje się w modne biurka, designerskie krzesła, zapominając o najważniejszym: jak zarządzasz światłem na co dzień. Skutkuje to zmęczeniem oczu, spadkiem koncentracji, a czasem nawet… brakiem motywacji do wstawania z łóżka. Drugi typowy błąd to wybór nijakich, plastikowych osłon okiennych, które nie dają możliwości regulacji światła, nie pasują do eklektycznych wnętrz i nie tworzą tej ciepłej, przytulnej atmosfery, o której marzysz jesienią.

<strong>Żaluzje drewniane i shuttersy ROLBEST - energia i klimat home office</strong>

Właśnie tu wchodzą produkty ROLBEST: <strong>żaluzje drewniane</strong> i <strong>shuttersy - okiennice wewnętrzne</strong>. To nie są zwykłe osłony okienne - to narzędzia do kreowania nastroju, kontroli światła i podkręcania stylu Twojego biura.

<strong>Żaluzje drewniane ROLBEST</strong> to must-have, jeśli kochasz naturalne materiały i chcesz, by Twoje okno było dekoracją samą w sobie. Regulując kąt lameli, możesz precyzyjnie sterować ilością światła - od delikatnego rozproszenia, przez subtelne cienie, aż po mocniejsze oświetlenie blatu. Drewno wprowadza ciepło, podbija kolory ścian i… po prostu dodaje klasy. 

<strong>Shuttersy - okiennice wewnętrzne ROLBEST</strong> to z kolei rozwiązanie dla fanów indywidualizmu i nietuzinkowych detali. Ich wytrzymała konstrukcja i szerokie panele pozwalają na kreatywną zabawę światłem - możesz całkowicie zamknąć okno, uchylić tylko wybrane części albo ustawić lamele pod dowolnym kątem. Efekt? Twoje home office staje się przytulne, a jednocześnie pełne energii i światła. Obydwa rozwiązania świetnie wpisują się w eklektyczne wnętrza: harmonizują z roślinami, kolorowymi ścianami i vintage dodatkami, podkręcając indywidualny charakter Twojej przestrzeni.

<strong>Praktyczne porady - żaluzje drewniane i shuttersy w home office</strong>

<strong>H3: Żaluzje drewniane w strefie kreatywnej</strong>
1. Zacznij od doboru koloru - jasne żaluzje drewniane odbijają światło i powiększają optycznie przestrzeń, ciemne nadają głębi i elegancji. Dopasuj je do ulubionych dodatków lub kontrastujących ścian.

<strong>H3: Shuttersy - okiennice wewnętrzne dla elastyczności</strong>
2. Zamontuj shuttersy w oknie z widokiem na ogród lub balkon - dzięki temu w każdej chwili możesz regulować prywatność i światło bez rezygnowania z widoku za oknem.

<strong>H3: Osłony okienne tworzą klimat</strong>
3. Połącz żaluzje drewniane z kolorowymi tekstyliami: zasłony, poduszki, dywanik pod biurkiem. Dzięki temu zbudujesz przytulną, „domową” bazę do pracy - nawet w pochmurne dni.
4. Stawiaj na warstwowanie światła: lampka na biurku, żaluzje drewniane w oknie i punktowe oświetlenie - to przepis na zero cieni i zmęczenia oczu.
5. Nie bój się odważnych barw! Róż, zieleń, granat - w połączeniu z naturalnym drewnem żaluzji efekt zawsze będzie stylowy i energetyczny.

<strong>CTA:</strong>

Chcesz, żeby Twoje home office naprawdę inspirowało i pobudzało do działania, niezależnie od pogody za oknem? Zainwestuj w żaluzje drewniane lub shuttersy - okiennice wewnętrzne ROLBEST. Zadzwoń po bezpłatną wycenę: 507 704 919 i sprawdź, jak łatwo możesz odmienić swoje miejsce pracy!","<h2>Home office jesienią</h2><p>Wyobraź sobie, że jesienny poranek nie zaczyna się od szarówki i braku motywacji. Twoje domowe biuro wita Cię feerią ciepłych barw, a światło za oknem gra na ścianach, pobudzając kreatywność. Jeśli od kilku tygodni czujesz spadek energii do pracy z domu, problem często nie leży w Tobie - tylko w otoczeniu. To dobry moment, by zrobić rewolucję w swoim home office.</p><h2>Problem</h2><p>Coraz więcej z nas pracuje z domu - i coraz częściej chcemy, by to miejsce nie było nudną kopią biura korporacyjnego, tylko naszą osobistą strefą inspiracji. Trendy 2025 mówią wprost: eklektyzm, żywe kolory i świadome zarządzanie światłem to klucz do dobrego samopoczucia jesienią. Gdy za oknem szybciej robi się ciemno, a pogoda nie rozpieszcza, to właśnie <strong>rolety</strong>, <strong>żaluzje</strong> i <strong>shuttersy</strong> stają się nieocenionymi sojusznikami. Dzięki nim możesz nie tylko kontrolować ilość światła, ale również bawić się jego jakością - od rozproszonego, miękkiego blasku po mocniejsze akcenty na Twoim biurku.</p><p>Znasz to uczucie, gdy siedzisz przy komputerze, a światło jest albo za ostre, albo zbyt przygaszone? Wiele osób urządzając home office popełnia podstawowy błąd - nie traktuje okien i światła jako kluczowego elementu aranżacji. Zamiast tego inwestuje się w modne biurka, designerskie krzesła, zapominając o najważniejszym: jak zarządzasz światłem na co dzień. Skutkuje to zmęczeniem oczu, spadkiem koncentracji, a czasem nawet… brakiem motywacji do wstawania z łóżka. Drugi typowy błąd to wybór nijakich, plastikowych osłon okiennych, które nie dają możliwości regulacji światła, nie pasują do eklektycznych wnętrz i nie tworzą tej ciepłej, przytulnej atmosfery, o której marzysz jesienią.</p>[IMG2]<h2>Żaluzje drewniane i shuttersy ROLBEST</h2><p>Właśnie tu wchodzą produkty ROLBEST: <strong>żaluzje drewniane</strong> i <strong>shuttersy - okiennice wewnętrzne</strong>. To nie są zwykłe osłony okienne - to narzędzia do kreowania nastroju, kontroli światła i podkręcania stylu Twojego biura.</p><p><strong>Żaluzje drewniane ROLBEST</strong> to must-have, jeśli kochasz naturalne materiały i chcesz, by Twoje okno było dekoracją samą w sobie. Regulując kąt lameli, możesz precyzyjnie sterować ilością światła - od delikatnego rozproszenia, przez subtelne cienie, aż po mocniejsze oświetlenie blatu. Drewno wprowadza ciepło, podbija kolory ścian i… po prostu dodaje klasy.</p><p><strong>Shuttersy - okiennice wewnętrzne ROLBEST</strong> to z kolei rozwiązanie dla fanów indywidualizmu i nietuzinkowych detali. Ich wytrzymała konstrukcja i szerokie panele pozwalają na kreatywną zabawę światłem - możesz całkowicie zamknąć okno, uchylić tylko wybrane części albo ustawić lamele pod dowolnym kątem. Efekt? Twoje home office staje się przytulne, a jednocześnie pełne energii i światła. Obydwa rozwiązania świetnie wpisują się w eklektyczne wnętrza: harmonizują z roślinami, kolorowymi ścianami i vintage dodatkami, podkręcając indywidualny charakter Twojej przestrzeni.</p><h2>Praktyczne porady</h2><h3>Żaluzje drewniane w strefie kreatywnej</h3><p><strong>1.</strong> Zacznij od doboru koloru - jasne <strong>żaluzje drewniane</strong> odbijają światło i powiększają optycznie przestrzeń, ciemne nadają głębi i elegancji. Dopasuj je do ulubionych dodatków lub kontrastujących ścian.</p><h3>Shuttersy - okiennice wewnętrzne dla elastyczności</h3><p><strong>2.</strong> Zamontuj <strong>shuttersy</strong> w oknie z widokiem na ogród lub balkon - dzięki temu w każdej chwili możesz regulować prywatność i światło bez rezygnowania z widoku za oknem.</p><h3>Osłony okienne tworzą klimat</h3><p><strong>3.</strong> Połącz <strong>żaluzje drewniane</strong> z kolorowymi tekstyliami: zasłony, poduszki, dywanik pod biurkiem. Dzięki temu zbudujesz przytulną, „domową” bazę do pracy - nawet w pochmurne dni.</p><p><strong>4.</strong> Stawiaj na warstwowanie światła: lampka na biurku, <strong>żaluzje drewniane</strong> w oknie i punktowe oświetlenie - to przepis na zero cieni i zmęczenia oczu.</p><p><strong>5.</strong> Nie bój się odważnych barw! Róż, zieleń, granat - w połączeniu z naturalnym drewnem <strong>żaluzji</strong> efekt zawsze będzie stylowy i energetyczny.</p>[IMG3]<p>Umów bezpłatną wycenę: <a href=""tel:507704919"">507 704 919</a></p>","Kolor i światło w home office - żaluzje drewniane i shuttersy ROLBEST na jesień: Czy Twoje domowe biuro pobudza Cię do działania, czy raczej odbiera energię? Prosty sposób na ciepły klimat i lepszą koncentrację to wybór żaluzji drewnianych lub shuttersów, które pozwalają kontrolować światło nawet w pochmurne dni. Nasze 20-letnie doświadczenie pokazuje, jak ogromną różnicę daje ten detal. Umów bezpłatną wycenę: 507 704 919! 🌞✨📞","Poranna kawa w domowym biurze, w którym jesienne światło miękko tańczy na ścianach - to przepis na kreatywny dzień. Żaluzje drewniane i shuttersy ROLBEST pozwalają Ci bawić się światłem i nadają wnętrzu energii oraz stylu. Jak wygląda Twoje wymarzone home office tej jesieni? Więcej inspiracji - na blogu, link w bio! #rolbest #żaluzje #shutters #wnętrza #dom #design #inspiracje",https://drive.google.com/file/d/1MMQkdGGCGJRl8D6wvGXpfXmSn8V26g1n/view?usp=drivesdk,1MMQkdGGCGJRl8D6wvGXpfXmSn8V26g1n,Opublikowano,Do akceptacji,https://drive.google.com/file/d/1TYHW57jgN9WhJrYyUi4IzNGAJEWhtG2V/view?usp=drivesdk,1TYHW57jgN9WhJrYyUi4IzNGAJEWhtG2V,https://drive.google.com/file/d/1FuHLnbYdqWnbwW1x6zDrw06vN4NN0V1R/view?usp=drivesdk,1FuHLnbYdqWnbwW1x6zDrw06vN4NN0V1R
26-09-2025,Łazienka domowe spa - luksus i relaks z shuttersy i żaluzje drewniane ROLBEST,"<h1>Łazienka domowe spa - luksus i relaks z shuttersy i żaluzje drewniane ROLBEST</h1>

<strong>HOOK</strong>

Wyobraź sobie chłodny jesienny wieczór. Wracasz do domu, a Twoja łazienka wita Cię nastrojowym światłem, ciepłem marmuru i dotykiem luksusu. Miękkie ręczniki, zapach świec, zieleń roślin i... spokój, na który czekałeś cały dzień. Brzmi jak marzenie? Zdradzę Ci, jak niewielkie zmiany - szczególnie wokół okien - zamienią zwykłą łazienkę w Twoje prywatne domowe spa.

<strong>KONTEKST</strong>

Jesień to sezon, gdy szukamy komfortu i ciepła. Tegoroczne trendy wnętrzarskie 2025 coraz mocniej stawiają na naturalne materiały, harmonię barw i luksusowe wykończenia. Łazienka przestaje być tylko miejscem szybkiej toalety - przeistacza się w oazę relaksu, gdzie liczy się światło, kolor, tekstura i detal. Marmur, złote akcenty, głęboka zieleń roślin i ciemne drewno królują w aranżacjach premium. Ale to właśnie odpowiednio dobrane osłony okienne - jak shuttersy czy żaluzje drewniane ROLBEST - decydują o atmosferze i komforcie. Dzięki nim możesz zapanować nad światłem, prywatnością i nastrojem, niezależnie od pogody za oknem.

<strong>PROBLEM</strong>

Wielu właścicieli domów traktuje łazienkowe okna po macoszemu. Najczęstszy błąd? Wybór przypadkowych rolet lub zasłon, które nie pasują do klimatu wnętrza. Zbyt ciemno - łazienka traci przestrzeń. Za dużo światła - brakuje intymności i nastroju. Tanie, plastikowe żaluzje szybko się niszczą i psują całą kompozycję. A przecież łazienka to miejsce, gdzie światło gra kluczową rolę! Źle dobrane osłony okienne uniemożliwiają stworzenie spójnej aranżacji w duchu domowego spa - zamiast harmonii, pojawia się chaos i poczucie tymczasowości. Na tym etapie właściciele często żałują, że nie zainwestowali w trwałe, stylowe rozwiązania, które podniosą zarówno komfort, jak i wartość całej łazienki.

<strong>Żaluzje drewniane i shuttersy - rozwiązanie ROLBEST</strong>

Czas na zmianę perspektywy! Jeśli marzysz o nowoczesnej łazience w stylu domowego spa, postaw na elegancję i funkcjonalność. <strong>Shuttersy - okiennice wewnętrzne od ROLBEST</strong> to must have w aranżacjach premium. Ich ponadczasowy wygląd, wykonanie z naturalnego drewna lub kompozytu i precyzyjna regulacja lameli pozwalają idealnie sterować ilością światła - dokładnie tak, jak lubisz. Shuttersy są odporne na wilgoć, więc świetnie sprawdzają się w łazienkach, a do tego podkreślają luksusowy charakter wnętrza. 

<strong>Żaluzje drewniane ROLBEST</strong> to wybór dla tych, którzy cenią elegancję i ciepło naturalnych materiałów. Szeroki wybór kolorów (od głębokiej zieleni po klasyczny dąb czy nowoczesną biel) pozwala dopasować je do marmurowych blatów, złotych armatur i innych modnych detali. Dzięki żaluzjom drewnianym możesz płynnie modelować światło - od intymnego półmroku podczas wieczornej kąpieli, po jasność w ciągu dnia. Oba rozwiązania nie tylko poprawiają komfort i prywatność, ale są też inwestycją na lata - stylowe, łatwe w utrzymaniu i zawsze modne.

<strong>Poradnik praktyczny - jak zacząć?</strong>

<strong>1. Postaw na naturalne materiały</strong> - Wybierz shuttersy lub żaluzje drewniane od ROLBEST - naturalne drewno lub trwały kompozyt świetnie komponują się z marmurem, kamieniem i zielenią roślin.

<strong>2. Zadbaj o światło i nastrojowość</strong> - Ustaw lamele tak, by zmiękczyć światło; podczas kąpieli skieruj je ku górze, by uzyskać miękkie, rozproszone promienie.

<strong>3. Dopasuj kolorystykę do aranżacji</strong> - Głęboka zieleń żaluzji drewnianych, biel shuttersów lub klasyczny dąb - wybierz to, co podkreśli klimat Twojego domowego spa.

<strong>4. Myśl o wilgotności</strong> - Produkty ROLBEST są odporne na wilgoć - wybierz specjalne wykończenia do łazienki, by cieszyć się niezawodnością przez lata.

<strong>5. Zainwestuj w detale</strong> - Połącz osłony okienne z miękkimi tekstyliami, złotymi akcentami i roślinami, by stworzyć spójną, luksusową całość.

<strong>CTA</strong>

Przekształć swoją łazienkę w prywatne spa razem z ROLBEST! Doradzimy, dobierzemy idealne shuttersy lub żaluzje drewniane i zadbamy o każdy detal. Zadzwoń po <strong>bezpłatną wycenę - tel: 507 704 919</strong> i poczuj różnicę już tej jesieni!","<h2>Łazienka jako domowe spa</h2><p>Wyobraź sobie chłodny jesienny wieczór. Wracasz do domu, a Twoja łazienka wita Cię nastrojowym światłem, ciepłem marmuru i dotykiem luksusu. Miękkie ręczniki, zapach świec, zieleń roślin i... spokój, na który czekałeś cały dzień. Brzmi jak marzenie? Zdradzę Ci, jak niewielkie zmiany - szczególnie wokół okien - zamienią zwykłą łazienkę w Twoje prywatne domowe spa.</p><h2>Kontekst</h2><p>Jesień to sezon, gdy szukamy komfortu i ciepła. Tegoroczne trendy wnętrzarskie 2025 coraz mocniej stawiają na naturalne materiały, harmonię barw i luksusowe wykończenia. Łazienka przestaje być tylko miejscem szybkiej toalety - przeistacza się w oazę relaksu, gdzie liczy się światło, kolor, tekstura i detal. Marmur, złote akcenty, głęboka zieleń roślin i ciemne drewno królują w aranżacjach premium. Ale to właśnie odpowiednio dobrane <strong>osłony okienne</strong> - jak <strong>shuttersy</strong> czy <strong>żaluzje drewniane</strong> ROLBEST - decydują o atmosferze i komforcie. Dzięki nim możesz zapanować nad światłem, prywatnością i nastrojem, niezależnie od pogody za oknem.</p><h2>Problem</h2><p>Wielu właścicieli domów traktuje łazienkowe okna po macoszemu. Najczęstszy błąd? Wybór przypadkowych <strong>rolet</strong> lub zasłon, które nie pasują do klimatu wnętrza. Zbyt ciemno - łazienka traci przestrzeń. Za dużo światła - brakuje intymności i nastroju. Tanie, plastikowe <strong>żaluzje</strong> szybko się niszczą i psują całą kompozycję. A przecież łazienka to miejsce, gdzie światło gra kluczową rolę! Źle dobrane <strong>osłony okienne</strong> uniemożliwiają stworzenie spójnej aranżacji w duchu domowego spa - zamiast harmonii, pojawia się chaos i poczucie tymczasowości. Na tym etapie właściciele często żałują, że nie zainwestowali w trwałe, stylowe rozwiązania, które podniosą zarówno komfort, jak i wartość całej łazienki.</p>[IMG2]<h2>Żaluzje drewniane i shuttersy - rozwiązanie ROLBEST</h2><p>Czas na zmianę perspektywy! Jeśli marzysz o nowoczesnej łazience w stylu domowego spa, postaw na elegancję i funkcjonalność. <strong>Shuttersy</strong> - okiennice wewnętrzne od ROLBEST to must have w aranżacjach premium. Ich ponadczasowy wygląd, wykonanie z naturalnego drewna lub kompozytu i precyzyjna regulacja lameli pozwalają idealnie sterować ilością światła - dokładnie tak, jak lubisz. <strong>Shuttersy</strong> są odporne na wilgoć, więc świetnie sprawdzają się w łazienkach, a do tego podkreślają luksusowy charakter wnętrza.</p><p><strong>Żaluzje drewniane</strong> ROLBEST to wybór dla tych, którzy cenią elegancję i ciepło naturalnych materiałów. Szeroki wybór kolorów (od głębokiej zieleni po klasyczny dąb czy nowoczesną biel) pozwala dopasować je do marmurowych blatów, złotych armatur i innych modnych detali. Dzięki <strong>żaluzjom drewnianym</strong> możesz płynnie modelować światło - od intymnego półmroku podczas wieczornej kąpieli, po jasność w ciągu dnia. Oba rozwiązania nie tylko poprawiają komfort i prywatność, ale są też inwestycją na lata - stylowe, łatwe w utrzymaniu i zawsze modne.</p><h2>Poradnik praktyczny - jak zacząć?</h2><h3>Postaw na naturalne materiały</h3><p>Wybierz <strong>shuttersy</strong> lub <strong>żaluzje drewniane</strong> od ROLBEST - naturalne drewno lub trwały kompozyt świetnie komponują się z marmurem, kamieniem i zielenią roślin.</p><h3>Zadbaj o światło i nastrojowość</h3><p>Ustaw lamele tak, by zmiękczyć światło; podczas kąpieli skieruj je ku górze, by uzyskać miękkie, rozproszone promienie.</p><h3>Dopasuj kolorystykę do aranżacji</h3><p>Głęboka zieleń <strong>żaluzji drewnianych</strong>, biel <strong>shuttersów</strong> lub klasyczny dąb - wybierz to, co podkreśli klimat Twojego domowego spa.</p><h3>Myśl o wilgotności</h3><p>Produkty ROLBEST są odporne na wilgoć - wybierz specjalne wykończenia do łazienki, by cieszyć się niezawodnością przez lata.</p><h3>Zainwestuj w detale</h3><p>Połącz <strong>osłony okienne</strong> z miękkimi tekstyliami, złotymi akcentami i roślinami, by stworzyć spójną, luksusową całość.</p>[IMG3]<p>Przekształć swoją łazienkę w prywatne spa razem z ROLBEST! Doradzimy, dobierzemy idealne <strong>shuttersy</strong> lub <strong>żaluzje drewniane</strong> i zadbamy o każdy detal. Zadzwoń po <strong>bezpłatną wycenę - tel: <a href=""tel:507704919"">507 704 919</a></strong> i poczuj różnicę już tej jesieni!</p>","Nowoczesna łazienka jako domowe spa - marzysz o miejscu pełnym luksusu, marmuru i głębokiej zieleni? Postaw na shuttersy lub żaluzje drewniane, które pozwolą stworzyć nastrojowe światło i zachować prywatność. Nasze 20-letnie doświadczenie pokazuje, że to detale tworzą klimat spa. Umów bezpłatną wycenę: 507 704 919 🏠✨📞","Wieczorny spokój, miękkość ręczników i blask świec - Twoja łazienka może być prywatnym spa, które koi po całym dniu. Shuttersy i żaluzje drewniane ROLBEST perfekcyjnie modelują światło, dodając wnętrzu luksusu i harmonii. A jak wyglądałaby Twoja łazienka marzeń? Zajrzyj na bloga po więcej inspiracji - link w bio. #rolbest #żaluzje #shutters #wnętrza #dom #design #inspiracje",https://drive.google.com/file/d/18Kcl8C78o0DiuH21lw3z3t77upK_ZQzn/view?usp=drivesdk,18Kcl8C78o0DiuH21lw3z3t77upK_ZQzn,Opublikowano,Do akceptacji,https://drive.google.com/file/d/1ULc5shwvjisFa765z0kuppweoPRfhbSj/view?usp=drivesdk,1ULc5shwvjisFa765z0kuppweoPRfhbSj,https://drive.google.com/file/d/1Dr05aAm018z1XlLbybi2WOdaiKv0P2Uj/view?usp=drivesdk,1Dr05aAm018z1XlLbybi2WOdaiKv0P2Uj
27-09-2025,Nowoczesny taras jesienią - styl i komfort dzięki żaluzje fasadowe ROLBEST,"<h1>Nowoczesny taras jesienią - styl i komfort dzięki żaluzje fasadowe ROLBEST</h1>

<strong>HOOK</strong>

Wyobraź sobie jesienny wieczór na tarasie - ciepły koc, aromatyczna herbata i widok na ogród, który mimo chłodniejszych dni wciąż zaprasza do spędzania czasu na zewnątrz. Wielu właścicieli domów marzy, by taras służył dłużej niż tylko latem, ale często nie wiedzą, jak urządzić tę przestrzeń, by była wygodna, stylowa i odporna na kaprysy pogody. Czy da się stworzyć taras, który nawet jesienią staje się Twoim drugim salonem?

<strong>KONTEKST</strong>

Współczesna architektura coraz mocniej integruje wnętrze domu z ogrodem. Duże przeszklenia, płynne przejścia między salonem a tarasem i moda na naturalne materiały sprawiają, że granica między tymi przestrzeniami się zaciera. Jesień to moment, gdy doceniamy ciepło, światło i przytulność - dlatego taras przestaje być tylko miejscem na grilla. Staje się strefą relaksu, spotkań z bliskimi i przedłużeniem domowej przestrzeni, nawet gdy temperatura spada. Najnowsze trendy na 2025 rok stawiają na funkcjonalność, ciepłe odcienie drewna, antracytowe akcenty i swobodną kontrolę światła. To wszystko po to, byś mógł cieszyć się tarasem przez większą część roku - wystarczy kilka sprytnych rozwiązań.

<strong>PROBLEM</strong>

Wielu właścicieli tarasów popełnia kilka typowych błędów. Po pierwsze, skupiają się tylko na letniej funkcji tarasu, wybierając meble i dodatki, które nie sprawdzają się podczas chłodniejszych wieczorów. Po drugie, ignorują kwestię światła - zbyt ostre słońce lub wręcz przeciwnie, ponure, szare dni sprawiają, że przebywanie na tarasie traci swój urok. Kolejna pułapka to brak odpowiednich osłon okiennych - bez nich trudno kontrolować temperaturę i intymność, a przecież są dni, gdy chcesz po prostu odpocząć, nie martwiąc się o wzrok sąsiadów czy przenikliwe podmuchy wiatru. Często pojawia się też problem z aranżacją - wybór przypadkowych dodatków sprawia, że taras zamiast być spójną, stylową całością, wygląda jak zlepek różnych pomysłów. I w końcu - wiele osób nie wie, jak zaadaptować taras na jesień, by był naprawdę funkcjonalny.

<strong>Żaluzje fasadowe ROLBEST - klucz do komfortu i stylu</strong>

I tu pojawia się rozwiązanie, które zmienia wszystko - <strong>żaluzje fasadowe ROLBEST</strong>. To nie tylko designerski dodatek, ale przede wszystkim praktyczna osłona, która pozwoli Ci cieszyć się tarasem nawet wtedy, gdy pogoda nie rozpieszcza. Wyobraź sobie: duże przeszklenia, przez które wpada miękkie, filtrowane światło, a Ty sam decydujesz, ile go wpuścisz do środka. <strong>Żaluzje fasadowe</strong> skutecznie chronią przed ostrym jesiennym słońcem i chłodnym wiatrem, a jednocześnie podkreślają nowoczesny charakter Twojego domu. Antracytowe lub drewnopodobne lamele świetnie komponują się z modnymi meblami outdoor i ciepłą kolorystyką jesieni.

Co więcej, <strong>żaluzje fasadowe ROLBEST</strong> pozwalają na precyzyjną regulację światła - wystarczy jeden ruch, by stworzyć idealny klimat do relaksu. To także rozwiązanie energooszczędne - mniej ciepła ucieka z domu, a Ty oszczędzasz na ogrzewaniu. Jeśli cenisz sobie prywatność, docenisz możliwość pełnego zasłonięcia tarasu, kiedy tylko zechcesz. Montaż? Bezproblemowy - nasze rozwiązania są dopasowane na miarę Twoich potrzeb. I jeszcze jedno: żaluzje fasadowe to inwestycja na lata, odporna na warunki pogodowe. Twój taras zyska nie tylko na wygodzie, ale też na stylu - staje się prawdziwą wizytówką domu.

<strong>PORADNIK PRAKTYCZNY - 5 kluczowych wskazówek:</strong>

<strong>1. Postaw na żaluzje fasadowe ROLBEST</strong> - Zainstaluj je na dużych przeszkleniach wychodzących na taras. Zapewnią Ci pełną kontrolę nad światłem, prywatnością i ochroną przed chłodem. Wybierz modne kolory: antracyt, drewno lub biel.

<strong>2. Łącz materiały i faktury</strong> - Drewniana podłoga, jasne meble outdoor, tekstylia w ciepłych odcieniach i żaluzje fasadowe stworzą spójną, przytulną całość. Unikaj plastiku - postaw na naturalność.

<strong>3. Zadbaj o oświetlenie</strong> - Uzupełnij światło dzienne stylowymi lampami LED lub girlandami. Dzięki temu wieczory na tarasie będą równie przyjemne jak te letnie.

<strong>4. Wprowadź jesienne dodatki</strong> - Dekoracyjne poduszki, pledy, dywaniki i lampiony wprowadzą domowy klimat. Dobrze wyglądają na tle antracytowych żaluzji fasadowych.

<strong>5. Zaplanuj strefy</strong> - Oddziel miejsce do relaksu od przestrzeni jadalnej. Żaluzje fasadowe pozwolą Ci łatwo wydzielić te strefy światłem i cieniem.

<strong>CTA</strong>

Twój taras zasługuje na więcej niż sezon letni! Zainwestuj w żaluzje fasadowe ROLBEST i przekonaj się, jak zmieniają komfort i wygląd Twojej przestrzeni. Zadzwoń po <strong>Bezpłatną wycenę - tel: 507 704 919</strong> i stwórz taras, który pokochasz przez cały rok!","<h2>Stylowy taras na jesień</h2><p>Wyobraź sobie jesienny wieczór na tarasie - ciepły koc, aromatyczna herbata i widok na ogród, który mimo chłodniejszych dni wciąż zaprasza do spędzania czasu na zewnątrz. Wielu właścicieli domów marzy, by taras służył dłużej niż tylko latem, ale często nie wiedzą, jak urządzić tę przestrzeń, by była wygodna, stylowa i odporna na kaprysy pogody. Czy da się stworzyć taras, który nawet jesienią staje się Twoim drugim salonem?</p><h2>Kontekst architektoniczny</h2><p>Współczesna architektura coraz mocniej integruje wnętrze domu z ogrodem. Duże przeszklenia, płynne przejścia między salonem a tarasem i moda na naturalne materiały sprawiają, że granica między tymi przestrzeniami się zaciera. Jesień to moment, gdy doceniamy ciepło, światło i przytulność - dlatego taras przestaje być tylko miejscem na grilla. Staje się strefą relaksu, spotkań z bliskimi i przedłużeniem domowej przestrzeni, nawet gdy temperatura spada. Najnowsze trendy na 2025 rok stawiają na funkcjonalność, ciepłe odcienie drewna, antracytowe akcenty i swobodną kontrolę światła. To wszystko po to, byś mógł cieszyć się tarasem przez większą część roku - wystarczy kilka sprytnych rozwiązań.</p><h2>Typowe problemy</h2><p>Wielu właścicieli tarasów popełnia kilka typowych błędów. Po pierwsze, skupiają się tylko na letniej funkcji tarasu, wybierając meble i dodatki, które nie sprawdzają się podczas chłodniejszych wieczorów. Po drugie, ignorują kwestię światła - zbyt ostre słońce lub wręcz przeciwnie, ponure, szare dni sprawiają, że przebywanie na tarasie traci swój urok. Kolejna pułapka to brak odpowiednich osłon okiennych - bez nich trudno kontrolować temperaturę i intymność, a przecież są dni, gdy chcesz po prostu odpocząć, nie martwiąc się o wzrok sąsiadów czy przenikliwe podmuchy wiatru. Często pojawia się też problem z aranżacją - wybór przypadkowych dodatków sprawia, że taras zamiast być spójną, stylową całością, wygląda jak zlepek różnych pomysłów. I w końcu - wiele osób nie wie, jak zaadaptować taras na jesień, by był naprawdę funkcjonalny.</p>[IMG2]<h2>Żaluzje fasadowe ROLBEST</h2><p><strong>Żaluzje fasadowe</strong> ROLBEST - klucz do komfortu i stylu. I tu pojawia się rozwiązanie, które zmienia wszystko - <strong>żaluzje fasadowe ROLBEST</strong>. To nie tylko designerski dodatek, ale przede wszystkim praktyczna osłona, która pozwoli Ci cieszyć się tarasem nawet wtedy, gdy pogoda nie rozpieszcza. Wyobraź sobie: duże przeszklenia, przez które wpada miękkie, filtrowane światło, a Ty sam decydujesz, ile go wpuścisz do środka. <strong>Żaluzje fasadowe</strong> skutecznie chronią przed ostrym jesiennym słońcem i chłodnym wiatrem, a jednocześnie podkreślają nowoczesny charakter Twojego domu. Antracytowe lub drewnopodobne lamele świetnie komponują się z modnymi meblami outdoor i ciepłą kolorystyką jesieni.</p><p>Co więcej, <strong>żaluzje fasadowe ROLBEST</strong> pozwalają na precyzyjną regulację światła - wystarczy jeden ruch, by stworzyć idealny klimat do relaksu. To także rozwiązanie energooszczędne - mniej ciepła ucieka z domu, a Ty oszczędzasz na ogrzewaniu. Jeśli cenisz sobie prywatność, docenisz możliwość pełnego zasłonięcia tarasu, kiedy tylko zechcesz. Montaż? Bezproblemowy - nasze rozwiązania są dopasowane na miarę Twoich potrzeb. I jeszcze jedno: żaluzje fasadowe to inwestycja na lata, odporna na warunki pogodowe. Twój taras zyska nie tylko na wygodzie, ale też na stylu - staje się prawdziwą wizytówką domu.</p><h2>Poradnik praktyczny</h2><h3>1. Postaw na żaluzje fasadowe ROLBEST</h3><p>Zainstaluj je na dużych przeszkleniach wychodzących na taras. Zapewnią Ci pełną kontrolę nad światłem, prywatnością i ochroną przed chłodem. Wybierz modne kolory: antracyt, drewno lub biel.</p><h3>2. Łącz materiały i faktury</h3><p>Drewniana podłoga, jasne meble outdoor, tekstylia w ciepłych odcieniach i <strong>żaluzje fasadowe</strong> stworzą spójną, przytulną całość. Unikaj plastiku - postaw na naturalność.</p><h3>3. Zadbaj o oświetlenie</h3><p>Uzupełnij światło dzienne stylowymi lampami LED lub girlandami. Dzięki temu wieczory na tarasie będą równie przyjemne jak te letnie.</p><h3>4. Wprowadź jesienne dodatki</h3><p>Dekoracyjne poduszki, pledy, dywaniki i lampiony wprowadzą domowy klimat. Dobrze wyglądają na tle antracytowych <strong>żaluzji fasadowych</strong>.</p><h3>5. Zaplanuj strefy</h3><p>Oddziel miejsce do relaksu od przestrzeni jadalnej. <strong>Żaluzje fasadowe</strong> pozwolą Ci łatwo wydzielić te strefy światłem i cieniem.</p>[IMG3]<p>Umów bezpłatną wycenę: <a href=""tel:507704919"">507 704 919</a></p>","Nowoczesny taras jesienią - styl i komfort dzięki żaluzjom fasadowym ROLBEST? Dzięki naszym żaluzjom możesz cieszyć się przytulnym tarasem nawet w chłodne dni - skutecznie chronią przed wiatrem, dają pełną kontrolę nad światłem i tworzą modny, jesienny klimat. Nasze 20-letnie doświadczenie pokazuje, że to rozwiązanie na lata. Umów bezpłatną wycenę: 507 704 919 🏠✨📞","Chłodne wieczory na tarasie, miękki koc, kubek herbaty i panorama ogrodu - to momenty, które możesz celebrować także jesienią. Precyzyjna kontrola światła przez żaluzje fasadowe ROLBEST sprawia, że każda chwila na tarasie staje się komfortowa i stylowa. Jak wyglądałby Twój idealny taras o tej porze roku? Po więcej inspiracji - zajrzyj na bloga, link w bio.  
#rolbest #żaluzje #wnętrza #dom #design #inspiracje #architektura",https://drive.google.com/file/d/1kn81V6YTJv2yEANONZfodcypcPNW5iZd/view?usp=drivesdk,1kn81V6YTJv2yEANONZfodcypcPNW5iZd,Do akceptacji,Do akceptacji,https://drive.google.com/file/d/1poBJlcHHR1M7DpMXHrQ_4bj4SR4D9kPA/view?usp=drivesdk,1poBJlcHHR1M7DpMXHrQ_4bj4SR4D9kPA,https://drive.google.com/file/d/17y8Cy_fdmZvbzVMrsuUxEdIXM7kAgxKl/view?usp=drivesdk,17y8Cy_fdmZvbzVMrsuUxEdIXM7kAgxKl
28-09-2025,Stylowy gabinet vintage - shuttersy i żaluzje drewniane ROLBEST w klimacie jesieni,"<h1>Stylowy gabinet vintage - shuttersy i żaluzje drewniane ROLBEST w klimacie jesieni</h1>

<strong>HOOK - Wnętrze, które inspiruje do pracy</strong>
Masz dość pracy przy kuchennym stole, gdzie wiecznie coś rozprasza? Marzysz o własnym gabinecie, w którym po prostu dobrze się myśli, czyta i tworzy? Jesień to idealny moment, żeby wprowadzić do domu odrobinę luksusu i wyciszenia. Klimatyczny gabinet vintage w kolorach burgundu i starego złota to nie tylko styl - to inwestycja w Twój codzienny komfort i kreatywność.

<strong>KONTEKST - Dlaczego właśnie teraz warto coś zmienić?</strong>
Jesień wyciąga z nas potrzebę przytulności, a krótkie dni sprawiają, że coraz więcej czasu spędzamy w domu. Domowe biuro czy biblioteka stają się centrum dowodzenia - miejscem pracy, nauki i odpoczynku. Trendy wnętrzarskie na 2025 rok stawiają na głębokie odcienie, naturalne materiały i sentymentalne dodatki. Burgund, stare złoto, granat, masywne drewniane biurka i aksamitne fotele to powrót do klasyki, która uspokaja i sprzyja skupieniu. Ale klucz do sukcesu? Światło. Umiejętnie dobrane osłony okienne, takie jak shuttersy czy żaluzje drewniane ROLBEST, pozwalają stworzyć niepowtarzalną atmosferę i zadbać o Twój wzrok nawet w najbardziej pochmurne dni.

<strong>PROBLEM - Typowe błędy w urządzaniu gabinetu</strong>
Wielu z nas, urządzając domowy gabinet, skupia się na meblach i kolorach ścian, zapominając o roli światła. Efekt? Zbyt jasne, męczące oczy wnętrze lub przeciwnie - ciemny kąt, który przytłacza i nie sprzyja pracy. Zbyt ciężkie zasłony mogą zabierać światło dzienne, a brak możliwości precyzyjnej regulacji powoduje, że w słoneczne dni ekran komputera przypomina lustro. Problemem bywają też tanie, plastikowe osłony, które psują klimat całego pomieszczenia. Jeszcze inni wybierają rolety, które dobrze wyglądają latem, ale jesienią i zimą nie dają wystarczającego komfortu cieplnego i akustycznego. Częsty błąd to też niedopasowanie stylu osłon do całości aranżacji - nowoczesne żaluzje aluminiowe w klasycznym wnętrzu po prostu nie grają.

<strong>ROZWIĄZANIE ROLBEST - Shuttersy i żaluzje drewniane w roli głównej</strong>
Czas na rozwiązania, które naprawdę robią różnicę - zarówno wizualnie, jak i praktycznie. Shuttersy ROLBEST (okiennice wewnętrzne) to prawdziwy gamechanger w aranżacjach vintage. Ich eleganckie, drewniane lamele pozwalają precyzyjnie sterować ilością światła wpadającego do gabinetu. Możesz uzyskać miękkie, rozproszone światło do czytania lub całkowicie odciąć się od zewnętrznego zgiełku, gdy potrzebujesz skupienia. Shuttersy są nie tylko piękne, ale też bardzo funkcjonalne - poprawiają izolację termiczną i akustyczną, co docenisz szczególnie w sezonie grzewczym. 

Nie można też zapomnieć o żaluzjach drewnianych ROLBEST. Jeśli marzysz o gabinecie z duszą starej biblioteki, to właśnie one dodadzą wnętrzu elegancji i ciepła. Naturalne drewno świetnie komponuje się z burgundem i złotymi detalami, a szeroki wybór kolorów pozwala dopasować żaluzje do każdego stylu retro. 

Wybierając produkty ROLBEST, masz pewność jakości i indywidualnego podejścia - wszystko na wymiar, z dbałością o detale. Nasze osłony okienne to nie tylko dekoracja, ale realne wsparcie Twojego codziennego komfortu i produktywności.

<strong>PORADNIK PRAKTYCZNY - 5 wskazówek do perfekcyjnego gabinetu vintage</strong>
1. <strong>Postaw na światło sterowane żaluzjami drewnianymi</strong> - Ustaw biurko bokiem do okna i zamontuj żaluzje drewniane ROLBEST. Dzięki regulacji lameli sam zdecydujesz, ile światła wpuścisz do wnętrza.
2. <strong>Zainwestuj w shuttersy jako okiennice wewnętrzne</strong> - Nie tylko wyglądają stylowo, ale też pomagają utrzymać ciepło i wyciszyć pomieszczenie. Idealne na jesienne wieczory z książką.
3. <strong>Łącz rolety rzymskie z drewnem</strong> - Jeśli lubisz warstwowe stylizacje, dodaj do żaluzji drewnianych rolety rzymskie w głębokim burgundzie. Efekt? Jesienna przytulność i kontrola światła w jednym.
4. <strong>Unikaj tanich plastikowych osłon okiennych</strong> - Tylko wysokiej jakości rozwiązania (jak ROLBEST) gwarantują trwałość, komfort i styl na lata.
5. <strong>Personalizuj przestrzeń dodatkami</strong> - Mosiężna lampka, aksamitny fotel, regał z ulubionymi książkami i kilka sentymentalnych drobiazgów sprawią, że Twój gabinet będzie niepowtarzalny.

<strong>CTA - Zadzwoń po bezpłatną wycenę!</strong>
Chcesz stworzyć gabinet, w którym po prostu dobrze się pracuje i odpoczywa? Postaw na shuttersy i żaluzje drewniane ROLBEST - indywidualny projekt, montaż i gwarancja jakości na lata! Skontaktuj się z nami już dziś - Bezpłatna wycena - tel: 507 704 919.","<h2>Wnętrze, które inspiruje do pracy</h2><p>Masz dość pracy przy kuchennym stole, gdzie wiecznie coś rozprasza? Marzysz o własnym gabinecie, w którym po prostu dobrze się myśli, czyta i tworzy? Jesień to idealny moment, żeby wprowadzić do domu odrobinę luksusu i wyciszenia. Klimatyczny gabinet vintage w kolorach burgundu i starego złota to nie tylko styl - to inwestycja w Twój codzienny komfort i kreatywność.</p><h2>Dlaczego właśnie teraz warto coś zmienić?</h2><p>Jesień wyciąga z nas potrzebę przytulności, a krótkie dni sprawiają, że coraz więcej czasu spędzamy w domu. Domowe biuro czy biblioteka stają się centrum dowodzenia - miejscem pracy, nauki i odpoczynku. Trendy wnętrzarskie na 2025 rok stawiają na głębokie odcienie, naturalne materiały i sentymentalne dodatki. Burgund, stare złoto, granat, masywne drewniane biurka i aksamitne fotele to powrót do klasyki, która uspokaja i sprzyja skupieniu. Ale klucz do sukcesu? Światło. Umiejętnie dobrane <strong>osłony okienne</strong>, takie jak <strong>shuttersy</strong> czy <strong>żaluzje drewniane</strong> ROLBEST, pozwalają stworzyć niepowtarzalną atmosferę i zadbać o Twój wzrok nawet w najbardziej pochmurne dni.</p><h2>Typowe błędy w urządzaniu gabinetu</h2><p>Wielu z nas, urządzając domowy gabinet, skupia się na meblach i kolorach ścian, zapominając o roli światła. Efekt? Zbyt jasne, męczące oczy wnętrze lub przeciwnie - ciemny kąt, który przytłacza i nie sprzyja pracy. Zbyt ciężkie zasłony mogą zabierać światło dzienne, a brak możliwości precyzyjnej regulacji powoduje, że w słoneczne dni ekran komputera przypomina lustro. Problemem bywają też tanie, plastikowe osłony, które psują klimat całego pomieszczenia. Jeszcze inni wybierają <strong>rolety</strong>, które dobrze wyglądają latem, ale jesienią i zimą nie dają wystarczającego komfortu cieplnego i akustycznego. Częsty błąd to też niedopasowanie stylu osłon do całości aranżacji - nowoczesne <strong>żaluzje</strong> aluminiowe w klasycznym wnętrzu po prostu nie grają.</p>[IMG2]<h2>Rozwiązanie ROLBEST</h2><p>Czas na rozwiązania, które naprawdę robią różnicę - zarówno wizualnie, jak i praktycznie. <strong>Shuttersy</strong> ROLBEST (okiennice wewnętrzne) to prawdziwy gamechanger w aranżacjach vintage. Ich eleganckie, drewniane lamele pozwalają precyzyjnie sterować ilością światła wpadającego do gabinetu. Możesz uzyskać miękkie, rozproszone światło do czytania lub całkowicie odciąć się od zewnętrznego zgiełku, gdy potrzebujesz skupienia. <strong>Shuttersy</strong> są nie tylko piękne, ale też bardzo funkcjonalne - poprawiają izolację termiczną i akustyczną, co docenisz szczególnie w sezonie grzewczym.</p><p>Nie można też zapomnieć o <strong>żaluzjach drewnianych</strong> ROLBEST. Jeśli marzysz o gabinecie z duszą starej biblioteki, to właśnie one dodadzą wnętrzu elegancji i ciepła. Naturalne drewno świetnie komponuje się z burgundem i złotymi detalami, a szeroki wybór kolorów pozwala dopasować <strong>żaluzje</strong> do każdego stylu retro.</p><p>Wybierając produkty ROLBEST, masz pewność jakości i indywidualnego podejścia - wszystko na wymiar, z dbałością o detale. Nasze <strong>osłony okienne</strong> to nie tylko dekoracja, ale realne wsparcie Twojego codziennego komfortu i produktywności.</p><h2>Poradnik praktyczny</h2><h3>Postaw na światło</h3><p><strong>Sterowane żaluzjami drewnianymi</strong> - Ustaw biurko bokiem do okna i zamontuj <strong>żaluzje drewniane</strong> ROLBEST. Dzięki regulacji lameli sam zdecydujesz, ile światła wpuścisz do wnętrza.</p><h3>Zainwestuj w shuttersy</h3><p><strong>Jako okiennice wewnętrzne</strong> - Nie tylko wyglądają stylowo, ale też pomagają utrzymać ciepło i wyciszyć pomieszczenie. Idealne na jesienne wieczory z książką.</p><h3>Łącz rolety rzymskie</h3><p><strong>Z drewnem</strong> - Jeśli lubisz warstwowe stylizacje, dodaj do <strong>żaluzji drewnianych</strong> <strong>rolety rzymskie</strong> w głębokim burgundzie. Efekt? Jesienna przytulność i kontrola światła w jednym.</p><h3>Unikaj tanich plastikowych osłon</h3><p><strong>Okiennych</strong> - Tylko wysokiej jakości rozwiązania (jak ROLBEST) gwarantują trwałość, komfort i styl na lata.</p><h3>Personalizuj przestrzeń</h3><p><strong>Dodatkami</strong> - Mosiężna lampka, aksamitny fotel, regał z ulubionymi książkami i kilka sentymentalnych drobiazgów sprawią, że Twój gabinet będzie niepowtarzalny.</p>[IMG3]<p>Umów bezpłatną wycenę: <a href=""tel:507704919"">507 704 919</a></p>","Gabinet vintage w kolorach burgundu i starego złota - jak stworzyć jesienną oazę skupienia i stylu? Dobrze dobrane shuttersy i żaluzje drewniane ROLBEST zwiększą komfort, pozwolą sterować światłem i dopełnią klimatu wnętrza. Nasze 20-letnie doświadczenie pokazuje, że takie rozwiązania realnie wpływają na Twój codzienny spokój i produktywność. Umów bezpłatną wycenę: 507 704 919 🏠 ✨ 👨‍🔧","Popołudniowa chwila z książką w otulającym burgundzie i blasku starego złota - oto jesień, która koi i inspiruje do pracy. Precyzyjna kontrola światła dzięki shuttersom i żaluzjom ROLBEST sprawia, że każdy moment w domowym gabinecie staje się luksusowo wygodny. Jak wyglądałaby Twoja oaza skupienia? Odkryj więcej inspiracji na blogu - link w bio! #rolety #żaluzje #shutters #wnętrza #dom #rolbest #inspiracje",https://drive.google.com/file/d/13rUBt5p4Ep3HhDMgZRl5sKhNKx5G2g52/view?usp=drivesdk,13rUBt5p4Ep3HhDMgZRl5sKhNKx5G2g52,Do akceptacji,Do akceptacji,https://drive.google.com/file/d/1vmngCHDTjSGkTtRSr-S7BfKsBwNTsxBw/view?usp=drivesdk,1vmngCHDTjSGkTtRSr-S7BfKsBwNTsxBw,https://drive.google.com/file/d/1eNLh71m0xPUbptNL0aDeQTZMjNNwFFJV/view?usp=drivesdk,1eNLh71m0xPUbptNL0aDeQTZMjNNwFFJV
29-09-2025,Jesienny salon - klimat i funkcjonalność dzięki shuttersy i żaluzje drewniane,"<h1>Jesienny salon - klimat i funkcjonalność dzięki shuttersy i żaluzje drewniane</h1>

<strong>HOOK</strong>

Wyobraź sobie jesienny wieczór - za oknem szaro i chłodno, ale Twój salon jest pełen ciepła, światła i przytulności. To tu spędzasz czas z rodziną, odpoczywasz po pracy i szukasz chwili wytchnienia. Jednak krótkie dni i brak słońca potrafią odebrać tej przestrzeni energię. Jak sprawić, by salon naprawdę był sercem domu, nawet gdy pogoda nie rozpieszcza?

<strong>KONTEKST</strong>

Jesień stawia przed domownikami konkretne wyzwania - szybciej robi się ciemno, a za oknem dominuje szarość. To czas, kiedy najbardziej doceniamy światło i ciepło w domu. Właśnie dlatego coraz więcej osób szuka inspiracji w skandynawskich wnętrzach, które słyną z umiejętnego wykorzystywania naturalnego światła i prostoty form. Eksperci podkreślają, że kluczowe są tu nie tylko kolory i materiały (ciepłe biele, miękkie lny), ale także odpowiednio dobrane osłony okienne. Dobre żaluzje drewniane czy shuttersy - okiennice wewnętrzne potrafią zdziałać cuda: pozwalają regulować ilość światła, budują nastrój i podkreślają styl salonu. To inwestycja w codzienny komfort rodziny i harmonię domowej przestrzeni.

<strong>PROBLEM</strong>

Wielu właścicieli domów podczas urządzania salonu skupia się wyłącznie na kolorze ścian czy wyborze sofy, zapominając, że to światło - naturalne i sztuczne - kreuje atmosferę. Najczęstsze błędy? Zbyt ciężkie lub ciemne zasłony blokujące dostęp światła dziennego, przypadkowo dobrane rolety, czy kiepskiej jakości żaluzje, które tylko zbierają kurz i psują efekt wizualny. Inni z kolei rezygnują z jakichkolwiek osłon, narażając się na brak prywatności lub nieprzyjemne odblaski na ekranie telewizora. Efekt? Zamiast przytulnego, rodzinnego salonu - chłodna, nieprzyjazna przestrzeń. Jesienią problem pogłębia się: światła jest mniej, a aranżacja okien staje się kluczowa dla komfortu. Jak to zmienić? Czas spojrzeć na okna oczami architekta i świadomie wybrać rozwiązania, które współgrają z rytmem rodziny i sezonu.

<strong>ROZWIĄZANIE ROLBEST</strong>

Jeśli marzysz o salonie, który jesienią zachwyca światłem, stylem i funkcjonalnością, postaw na sprawdzone osłony okienne ROLBEST: shuttersy (okiennice wewnętrzne) oraz żaluzje drewniane. Dlaczego właśnie te produkty?

<strong>Shuttersy</strong> to ponadczasowa elegancja i maksymalna kontrola światła. Pozwalają precyzyjnie dozować ilość promieni wpadających do wnętrza, a ich klasyczna forma idealnie wpisuje się w skandynawski minimalizm. Są trwałe, łatwe w utrzymaniu i - co ważne - dają poczucie prywatności, nie odcinając Cię od świata za oknem. Wykonane z wysokiej jakości materiałów, podkreślają charakter wnętrza i tworzą efekt wow bez zbędnego przepychu.

<strong>Żaluzje drewniane</strong> z kolei to synonim naturalnego ciepła i uniwersalności. Drewniane lamele pięknie rozpraszają światło, pozwalają stworzyć w salonie miękką, przyjazną dla oczu poświatę i podkreślają charakter wnętrza. To osłona okienna, która łączy funkcję dekoracyjną z praktyczną - łatwo ją dopasujesz do kolorystyki ścian, podłóg czy mebli. Oba rozwiązania są przyjazne alergikom i łatwe w codziennym użytkowaniu.

Dzięki 20-letniemu doświadczeniu ROLBEST masz pewność, że otrzymujesz produkt dopracowany w każdym detalu, a bezpłatna wycena i doradztwo pozwolą dobrać shuttersy lub żaluzje drewniane idealnie pod Twój salon. To inwestycja na lata, która zmienia codzienność całej rodziny.

<strong>PORADNIK PRAKTYCZNY</strong>

<strong>Jak wykorzystać żaluzje drewniane i shuttersy w jesiennym salonie?</strong>

1. <strong>Zadbaj o równowagę światła</strong> - Ustaw shuttersy lub żaluzje drewniane tak, by rozpraszały światło dzienne i eliminowały ostre cienie. Dzięki temu salon pozostanie jasny nawet w pochmurne dni.

2. <strong>Wybierz ciepłe odcienie drewna</strong> - Postaw na lamele w naturalnych, jasnych barwach. Ciepły odcień drewna dodatkowo optycznie ociepli wnętrze i wpisze się w skandynawski klimat.

3. <strong>Stawiaj na funkcjonalność</strong> - Shuttersy pozwalają łatwo regulować zarówno światło, jak i prywatność, a żaluzje drewniane sprawdzą się zarówno przy dużych, jak i mniejszych oknach. Dobierz szerokość lameli i sposób montażu do realnych potrzeb domowników.

4. <strong>Łącz z tekstyliami</strong> - Uzupełnij okna miękkimi zasłonami z lnu czy bawełny, które podkreślą przytulność, ale nie zasłonią światła. Dzięki temu okna będą wyglądały lekko i stylowo.

5. <strong>Nie zapominaj o detalach</strong> - Okucia, sznury i kolory okuć dobierz pod kolor drewna lub ścian - zadbaj o spójność, by salon zachwycał harmonią każdego dnia.

<strong>CTA</strong>

Chcesz, by Twój salon był pełen światła, stylu i rodzinnej energii nawet jesienią? Postaw na shuttersy i żaluzje drewniane ROLBEST. Sprawdź, jak możemy odmienić Twoje wnętrze - zadzwoń po bezpłatną wycenę: 507 704 919. Zrób pierwszy krok do wymarzonego salonu już dziś!","<h2>Jesienny klimat w salonie</h2><p>Wyobraź sobie jesienny wieczór - za oknem szaro i chłodno, ale Twój salon jest pełen ciepła, światła i przytulności. To tu spędzasz czas z rodziną, odpoczywasz po pracy i szukasz chwili wytchnienia. Jednak krótkie dni i brak słońca potrafią odebrać tej przestrzeni energię. Jak sprawić, by salon naprawdę był sercem domu, nawet gdy pogoda nie rozpieszcza?</p><h2>Problem</h2><p>Jesień stawia przed domownikami konkretne wyzwania - szybciej robi się ciemno, a za oknem dominuje szarość. To czas, kiedy najbardziej doceniamy światło i ciepło w domu. Właśnie dlatego coraz więcej osób szuka inspiracji w skandynawskich wnętrzach, które słyną z umiejętnego wykorzystywania naturalnego światła i prostoty form. Eksperci podkreślają, że kluczowe są tu nie tylko kolory i materiały (ciepłe biele, miękkie lny), ale także odpowiednio dobrane <strong>osłony okienne</strong>. Dobre <strong>żaluzje drewniane</strong> czy <strong>shuttersy</strong> - <strong>okiennice wewnętrzne</strong> potrafią zdziałać cuda: pozwalają regulować ilość światła, budują nastrój i podkreślają styl salonu. To inwestycja w codzienny komfort rodziny i harmonię domowej przestrzeni.</p>[IMG2]<h2>Rozwiązanie ROLBEST</h2><p>Jeśli marzysz o salonie, który jesienią zachwyca światłem, stylem i funkcjonalnością, postaw na sprawdzone <strong>osłony okienne</strong> ROLBEST: <strong>shuttersy</strong> (okiennice wewnętrzne) oraz <strong>żaluzje drewniane</strong>. Dlaczego właśnie te produkty?</p><h3>Shuttersy</h3><p><strong>Shuttersy</strong> to ponadczasowa elegancja i maksymalna kontrola światła. Pozwalają precyzyjnie dozować ilość promieni wpadających do wnętrza, a ich klasyczna forma idealnie wpisuje się w skandynawski minimalizm. Są trwałe, łatwe w utrzymaniu i - co ważne - dają poczucie prywatności, nie odcinając Cię od świata za oknem. Wykonane z wysokiej jakości materiałów, podkreślają charakter wnętrza i tworzą efekt wow bez zbędnego przepychu.</p><h3>Żaluzje drewniane</h3><p><strong>Żaluzje drewniane</strong> z kolei to synonim naturalnego ciepła i uniwersalności. Drewniane lamele pięknie rozpraszają światło, pozwalają stworzyć w salonie miękką, przyjazną dla oczu poświatę i podkreślają charakter wnętrza. To osłona okienna, która łączy funkcję dekoracyjną z praktyczną - łatwo ją dopasujesz do kolorystyki ścian, podłóg czy mebli. Oba rozwiązania są przyjazne alergikom i łatwe w codziennym użytkowaniu.</p><p>Dzięki 20-letniemu doświadczeniu ROLBEST masz pewność, że otrzymujesz produkt dopracowany w każdym detalu, a bezpłatna wycena i doradztwo pozwolą dobrać <strong>shuttersy</strong> lub <strong>żaluzje drewniane</strong> idealnie pod Twój salon. To inwestycja na lata, która zmienia codzienność całej rodziny.</p><h2>Poradnik praktyczny</h2><h3>Równowaga światła</h3><p><strong>Zadbaj o równowagę światła</strong> - Ustaw <strong>shuttersy</strong> lub <strong>żaluzje drewniane</strong> tak, by rozpraszały światło dzienne i eliminowały ostre cienie. Dzięki temu salon pozostanie jasny nawet w pochmurne dni.</p><h3>Ciepłe odcienie drewna</h3><p><strong>Wybierz ciepłe odcienie drewna</strong> - Postaw na lamele w naturalnych, jasnych barwach. Ciepły odcień drewna dodatkowo optycznie ociepli wnętrze i wpisze się w skandynawski klimat.</p><h3>Funkcjonalność</h3><p><strong>Stawiaj na funkcjonalność</strong> - <strong>Shuttersy</strong> pozwalają łatwo regulować zarówno światło, jak i prywatność, a <strong>żaluzje drewniane</strong> sprawdzą się zarówno przy dużych, jak i mniejszych oknach. Dobierz szerokość lameli i sposób montażu do realnych potrzeb domowników.</p><h3>Tekstylia</h3><p><strong>Łącz z tekstyliami</strong> - Uzupełnij okna miękkimi zasłonami z lnu czy bawełny, które podkreślą przytulność, ale nie zasłonią światła. Dzięki temu okna będą wyglądały lekko i stylowo.</p><h3>Detale</h3><p><strong>Nie zapominaj o detalach</strong> - Okucia, sznury i kolory okuć dobierz pod kolor drewna lub ścian - zadbaj o spójność, by salon zachwycał harmonią każdego dnia.</p>[IMG3]<p>Chcesz, by Twój salon był pełen światła, stylu i rodzinnej energii nawet jesienią? Postaw na <strong>shuttersy</strong> i <strong>żaluzje drewniane</strong> ROLBEST. Sprawdź, jak możemy odmienić Twoje wnętrze - zadzwoń po bezpłatną wycenę: <a href=""tel:507704919"">507 704 919</a>. Zrób pierwszy krok do wymarzonego salonu już dziś!</p>","Salon skandynawski oczami architektów: Jak światło i osłony okienne tworzą przestrzeń dla rodziny jesienią? Prostym sposobem na rozświetlony, przytulny salon w chłodne dni są shuttersy i żaluzje drewniane - eleganckie, funkcjonalne i zawsze dopasowane do Twoich potrzeb. Nasze 20-letnie doświadczenie pokazuje, że dobrze dobrane osłony odmieniają codzienność rodziny. Umów bezpłatną wycenę: 507 704 919. 🏠 🌞 📞","Jesienny wieczór, ciepły koc, ulubiona książka i salon rozświetlony naturalnym światłem - to tu powstają najpiękniejsze wspomnienia z rodziną. Stylowe shuttersy i żaluzje drewniane odmieniają atmosferę, pozwalając cieszyć się komfortem bez względu na pogodę. A jak Twoje okna wpływają na codzienny nastrój? Po więcej inspiracji zajrzyj na blog - link w bio. #żaluzje #shutters #wnętrza #dom #rolbest #design #inspiracje",https://drive.google.com/file/d/1aR6yJCvVVqh7bKG4CjXOyxNah2SYGbMT/view?usp=drivesdk,1aR6yJCvVVqh7bKG4CjXOyxNah2SYGbMT,Opublikowano,Do akceptacji,https://drive.google.com/file/d/1pct33CcF2Dy-oetikoXkSAE2bVV5IuIR/view?usp=drivesdk,1pct33CcF2Dy-oetikoXkSAE2bVV5IuIR,https://drive.google.com/file/d/1wcyaX9nWYC-vL2YiHOqk74grgSiURf2L/view?usp=drivesdk,1wcyaX9nWYC-vL2YiHOqk74grgSiURf2L
30-09-2025,"Kuchnia z żaluzje fasadowe, shuttersy i żaluzje drewniane ROLBEST - domowe centrum spotkań na jesień","<h1>Kuchnia z żaluzje fasadowe, shuttersy i żaluzje drewniane ROLBEST - domowe centrum spotkań na jesień</h1>

<strong>Jesienne światło, ciepło domu, rodzinny stół</strong> - znasz to uczucie, gdy jesień zagląda przez okna, a Ty chcesz, żeby kuchnia była miejscem, gdzie wszyscy naturalnie się zbierają? Marzysz o klimacie, w którym światło gra na drewnianych blatach, a kawa i śniadanie smakują lepiej niż latem. To właśnie teraz, gdy za oknem chłodniej i szybciej robi się ciemno, warto zadbać, by kuchnia z jadalnią była prawdziwym sercem domu.

<h2><strong>Shuttersy i żaluzje w kuchni</strong> - dlaczego to ważne jesienią?</h2>

Jesień to wyjątkowy czas dla każdego domu. Dni stają się krótsze, a światło dzienne nabiera miękkiego, złotego odcienia. Coraz częściej chcemy spędzać czas razem przy stole - czy to przy rodzinnych śniadaniach, czy wieczornych rozmowach. Właśnie teraz architektura światła i dobór odpowiednich osłon okiennych nabierają kluczowego znaczenia. 

Żaluzje fasadowe, shuttersy (czyli okiennice wewnętrzne) i żaluzje drewniane od ROLBEST pozwalają nie tylko kontrolować ilość wpadającego światła, ale też budować przytulność - bez sztucznego efektu czy kompromisów z designem. Odpowiednio dobrane rolety, żaluzje czy rolety pilsowane (plisy) pozwolą wyciszyć przestrzeń, wydobyć ciepło z naturalnych materiałów i sprawią, że nawet ponury dzień za oknem nie popsuje domowej atmosfery.

<h2><strong>Błędy w aranżacji osłon okiennych</strong> - czego unikać w kuchni?</h2>

Często spotykam się z sytuacją, gdy właściciele domów traktują okna w kuchni po macoszemu. Montują przypadkowe rolety, wybierają zbyt ciężkie materiały lub nie biorą pod uwagę, jak światło zmienia się w ciągu dnia i sezonu. Efekt? Kuchnia szybko staje się zbyt ciemna albo wręcz przeciwnie - rażąco jasna popołudniu. 

Kolejny błąd to dobór osłon okiennych tylko pod kątem wyglądu, bez zwrócenia uwagi na praktyczne aspekty - łatwość czyszczenia, odporność na wilgoć czy możliwość precyzyjnej regulacji światła. Zdarza się też, że ktoś wybiera tanie żaluzje aluminiowe, które zupełnie nie pasują do ciepłego, rodzinnego klimatu kuchni z jadalnią. Zapominamy, że kuchnia to miejsce, gdzie światło ma nie tylko wyglądać, ale i budować nastrój wspólnoty i komfortu.

<h2><strong>ROLBEST - żaluzje fasadowe, shuttersy i żaluzje drewniane</strong> - rozwiązanie na jesień</h2>

W ROLBEST od 20 lat pomagamy tworzyć kuchnie, które są prawdziwym centrum domowego życia. Dlaczego nasze żaluzje fasadowe, shuttersy (okiennice wewnętrzne) oraz żaluzje drewniane to najlepszy wybór na jesień?

<strong>Żaluzje fasadowe</strong> sprawdzą się tam, gdzie chcesz mieć pełną kontrolę nad światłem przez cały dzień - rano rozproszone promienie podczas śniadania, popołudniu ochrona przed zachodzącym słońcem. Nowoczesny design i duże przeszklenia? Żaluzje fasadowe ROLBEST to must have.

<strong>Shuttersy</strong> (okiennice wewnętrzne) - wybór dla tych, którzy kochają styl, naturalność i funkcjonalność w jednym. Shuttersy pozwalają subtelnie filtrować światło, zapewniają prywatność, a do tego są banalnie łatwe w utrzymaniu. Idealne do kuchni otwartych na jadalnię!

<strong>Żaluzje drewniane</strong> - ciepło drewna, szlachetność i domowy klimat. Pozwalają tworzyć przytulność wieczorem, świetnie komponują się z kamieniem, metalem czy miękkimi tkaninami. Wszystkie produkty ROLBEST robimy na wymiar, więc dopasujesz je idealnie do swoich okien.

Warto też pamiętać o innych rozwiązaniach - rolety rzymskie, rolety pilsowane (plisy) sprawdzą się na mniejszych oknach, a moskitiery na wymiar pozwolą cieszyć się świeżym powietrzem bez owadów, nawet gdy jesień jest jeszcze ciepła.

<h2><strong>Poradnik: żaluzje i shuttersy w praktyce</strong> - jak wybrać idealne osłony?</h2>

<h3><strong>Żaluzje fasadowe</strong> - strefowanie światła</h3>
Dzięki możliwości ustawienia kąta lameli, regulujesz ilość światła w zależności od pory dnia i pogody. To szczególnie ważne przy dużych przeszkleniach w kuchni.

<h3><strong>Shuttersy</strong> - prywatność i styl</h3>
Wybierz shuttersy na okna wychodzące na ogród lub ulicę. Zapewnią intymność przy stole bez rezygnacji z naturalnego światła.

<h3><strong>Żaluzje drewniane</strong> - ocieplenie klimatu</h3>
Drewniane lamelki świetnie odbijają ciepłe promienie jesiennego słońca i dodają wnętrzu elegancji. Idealnie współgrają z modnymi, strukturalnymi materiałami.

<h3><strong>Rolety pilsowane (plisy)</strong> - precyzyjna regulacja</h3>
Rolety pilsowane (plisy) sprawdzą się na mniejszych oknach lub tam, gdzie chcesz chronić się przed sąsiadami, nie tracąc światła.

<h3><strong>Moskitiery</strong> - świeże powietrze bez owadów</h3>
Wybierając moskitiery na wymiar, nie musisz zamykać okien nawet podczas ciepłych jesiennych wieczorów.

<h2><strong>Wypróbuj żaluzje i shuttersy ROLBEST</strong> - domowy klimat na jesień</h2>
Nie zostawiaj aranżacji kuchni przypadkowi! Zobacz, jak żaluzje fasadowe, shuttersy i żaluzje drewniane ROLBEST mogą odmienić Twoją kuchnię i sprawić, że będzie prawdziwym centrum rodzinnych spotkań. Chcesz wycenić swoje wymarzone osłony okienne? Bezpłatna wycena - tel: 507 704 919. Sprawdź, jak wygląda domowy klimat na najwyższym poziomie!","<h2>Jesienne światło w kuchni</h2><p><strong>Jesienne światło</strong>, ciepło domu, rodzinny stół - znasz to uczucie, gdy jesień zagląda przez okna, a Ty chcesz, żeby kuchnia była miejscem, gdzie wszyscy naturalnie się zbierają? Marzysz o klimacie, w którym światło gra na drewnianych blatach, a kawa i śniadanie smakują lepiej niż latem. To właśnie teraz, gdy za oknem chłodniej i szybciej robi się ciemno, warto zadbać, by kuchnia z jadalnią była prawdziwym sercem domu.</p><h2><strong>Shuttersy i żaluzje w kuchni</strong> - dlaczego to ważne jesienią?</h2><p>Jesień to wyjątkowy czas dla każdego domu. Dni stają się krótsze, a światło dzienne nabiera miękkiego, złotego odcienia. Coraz częściej chcemy spędzać czas razem przy stole - czy to przy rodzinnych śniadaniach, czy wieczornych rozmowach. Właśnie teraz architektura światła i dobór odpowiednich <strong>osłon okiennych</strong> nabierają kluczowego znaczenia.</p><p><strong>Żaluzje fasadowe</strong>, <strong>shuttersy</strong> (czyli <strong>okiennice wewnętrzne</strong>) i <strong>żaluzje drewniane</strong> od ROLBEST pozwalają nie tylko kontrolować ilość wpadającego światła, ale też budować przytulność - bez sztucznego efektu czy kompromisów z designem. Odpowiednio dobrane <strong>rolety</strong>, <strong>żaluzje</strong> czy <strong>rolety pilsowane</strong> (plisy) pozwolą wyciszyć przestrzeń, wydobyć ciepło z naturalnych materiałów i sprawią, że nawet ponury dzień za oknem nie popsuje domowej atmosfery.</p><h2><strong>Błędy w aranżacji osłon okiennych</strong> - czego unikać w kuchni?</h2><p>Często spotykam się z sytuacją, gdy właściciele domów traktują okna w kuchni po macoszemu. Montują przypadkowe <strong>rolety</strong>, wybierają zbyt ciężkie materiały lub nie biorą pod uwagę, jak światło zmienia się w ciągu dnia i sezonu. Efekt? Kuchnia szybko staje się zbyt ciemna albo wręcz przeciwnie - rażąco jasna popołudniu.</p><p>Kolejny błąd to dobór <strong>osłon okiennych</strong> tylko pod kątem wyglądu, bez zwrócenia uwagi na praktyczne aspekty - łatwość czyszczenia, odporność na wilgoć czy możliwość precyzyjnej regulacji światła. Zdarza się też, że ktoś wybiera tanie <strong>żaluzje</strong> aluminiowe, które zupełnie nie pasują do ciepłego, rodzinnego klimatu kuchni z jadalnią. Zapominamy, że kuchnia to miejsce, gdzie światło ma nie tylko wyglądać, ale i budować nastrój wspólnoty i komfortu.</p>[IMG2]<h2><strong>ROLBEST - żaluzje fasadowe, shuttersy i żaluzje drewniane</strong> - rozwiązanie na jesień</h2><p>W ROLBEST od 20 lat pomagamy tworzyć kuchnie, które są prawdziwym centrum domowego życia. Dlaczego nasze <strong>żaluzje fasadowe</strong>, <strong>shuttersy</strong> (okiennice wewnętrzne) oraz <strong>żaluzje drewniane</strong> to najlepszy wybór na jesień?</p><p><strong>Żaluzje fasadowe</strong> sprawdzą się tam, gdzie chcesz mieć pełną kontrolę nad światłem przez cały dzień - rano rozproszone promienie podczas śniadania, popołudniu ochrona przed zachodzącym słońcem. Nowoczesny design i duże przeszklenia? <strong>Żaluzje fasadowe</strong> ROLBEST to must have.</p><p><strong>Shuttersy</strong> (okiennice wewnętrzne) - wybór dla tych, którzy kochają styl, naturalność i funkcjonalność w jednym. <strong>Shuttersy</strong> pozwalają subtelnie filtrować światło, zapewniają prywatność, a do tego są banalnie łatwe w utrzymaniu. Idealne do kuchni otwartych na jadalnię!</p><p><strong>Żaluzje drewniane</strong> - ciepło drewna, szlachetność i domowy klimat. Pozwalają tworzyć przytulność wieczorem, świetnie komponują się z kamieniem, metalem czy miękkimi tkaninami. Wszystkie produkty ROLBEST robimy na wymiar, więc dopasujesz je idealnie do swoich okien.</p><p>Warto też pamiętać o innych rozwiązaniach - <strong>rolety rzymskie</strong>, <strong>rolety pilsowane</strong> (plisy) sprawdzą się na mniejszych oknach, a <strong>moskitiery</strong> na wymiar pozwolą cieszyć się świeżym powietrzem bez owadów, nawet gdy jesień jest jeszcze ciepła.</p><h2><strong>Poradnik: żaluzje i shuttersy w praktyce</strong> - jak wybrać idealne osłony?</h2><h3><strong>Żaluzje fasadowe</strong> - strefowanie światła</h3><p>Dzięki możliwości ustawienia kąta lameli, regulujesz ilość światła w zależności od pory dnia i pogody. To szczególnie ważne przy dużych przeszkleniach w kuchni.</p><h3><strong>Shuttersy</strong> - prywatność i styl</h3><p>Wybierz <strong>shuttersy</strong> na okna wychodzące na ogród lub ulicę. Zapewnią intymność przy stole bez rezygnacji z naturalnego światła.</p><h3><strong>Żaluzje drewniane</strong> - ocieplenie klimatu</h3><p>Drewniane lamelki świetnie odbijają ciepłe promienie jesiennego słońca i dodają wnętrzu elegancji. Idealnie współgrają z modnymi, strukturalnymi materiałami.</p><h3><strong>Rolety pilsowane</strong> (plisy) - precyzyjna regulacja</h3><p><strong>Rolety pilsowane</strong> (plisy) sprawdzą się na mniejszych oknach lub tam, gdzie chcesz chronić się przed sąsiadami, nie tracąc światła.</p><h3><strong>Moskitiery</strong> - świeże powietrze bez owadów</h3><p>Wybierając <strong>moskitiery</strong> na wymiar, nie musisz zamykać okien nawet podczas ciepłych jesiennych wieczorów.</p><h2><strong>Wypróbuj żaluzje i shuttersy ROLBEST</strong> - domowy klimat na jesień</h2><p>Nie zostawiaj aranżacji kuchni przypadkowi! Zobacz, jak <strong>żaluzje fasadowe</strong>, <strong>shuttersy</strong> i <strong>żaluzje drewniane</strong> ROLBEST mogą odmienić Twoją kuchnię i sprawić, że będzie prawdziwym centrum rodzinnych spotkań. Chcesz wycenić swoje wymarzone <strong>osłony okienne</strong>? Bezpłatna wycena - tel: <a href=""tel:507704919"">507 704 919</a>.</p>[IMG3]<p>Umów bezpłatną wycenę: <a href=""tel:507704919"">507 704 919</a></p>","Kuchnia jako domowe centrum spotkań - jak architektura światła sprzyja rodzinnej atmosferze jesienią? 🌞🏠 Odpowiednio dobrane żaluzje, shuttersy czy drewniane osłony ROLBEST wprowadzają ciepło, przytulność i regulują światło zgodnie z Twoimi potrzebami. Nasze 20-letnie doświadczenie pokazuje, że to klucz do wyjątkowego klimatu przy stole. Umów bezpłatną wycenę: 507 704 919 ✨","Poranna kawa przy wspólnym stole, gdy za oknem gości jesienne światło - to chwile, które nadają sens domowej codzienności. Odpowiednia kontrola światła w kuchni otula ciepłem, podkreśla bliskość i tworzy miejsce rodzinnych spotkań. A Ty, jak dbasz o światło w swoim wnętrzu? Zainspiruj się na naszym blogu - link w bio. #żaluzje #shutters #wnętrza #dom #rolbest #inspiracje #design",https://drive.google.com/file/d/1CCpB5nm0Tyf4WmXCZ3dXOOsjuUY6hsME/view?usp=drivesdk,1CCpB5nm0Tyf4WmXCZ3dXOOsjuUY6hsME,Opublikowano,Do akceptacji,https://drive.google.com/file/d/155Nm1A59b1FQyZ5_I6ZTJu2bebuurvEQ/view?usp=drivesdk,155Nm1A59b1FQyZ5_I6ZTJu2bebuurvEQ,https://drive.google.com/file/d/1G8qEvJR064NjzF5-x2PliyxgdP7RYL0d/view?usp=drivesdk,1G8qEvJR064NjzF5-x2PliyxgdP7RYL0d
01-10-2025,Jesienna sypialnia - ciepło i styl dzięki shuttersy i żaluzje drewniane ROLBEST,"<h1>Jesienna sypialnia - ciepło i styl dzięki shuttersy i żaluzje drewniane ROLBEST</h1>

<strong>HOOK</strong>
Marzysz o sypialni, która wita Cię kojącym światłem, otula miękkim welurem i pozwala odciąć się od zgiełku świata? Przełom jesieni i zimy to czas, kiedy dom staje się Twoją prywatną oazą. To właśnie wtedy doceniasz naturalne materiały, głębokie kolory i osłony okienne, które zapewniają komfort i intymność, a przy okazji wpisują się w najnowsze trendy. 

<strong>KONTEKST</strong>
Nowoczesne trendy wnętrzarskie na 2025 rok stawiają na powrót do korzeni: boho sypialnia zyskuje nowe oblicze dzięki mocnym, ziemistym barwom, szlachetnym materiałom i detalom w odcieniach złota. Architekci wnętrz rekomendują połączenie głębokiej zieleni, aksamitu i drewna z funkcjonalnymi rozwiązaniami, takimi jak shuttersy czy żaluzje drewniane ROLBEST. Dlaczego właśnie teraz warto postawić na takie połączenie? Bo coraz bardziej potrzebujemy przestrzeni, która pozwoli nam odetchnąć, zregenerować się i poczuć się naprawdę ""u siebie"". Modna sypialnia boho to nie tylko estetyka, to świadomy wybór - miejsce, gdzie liczy się światło, ciepło i spokój na Twoich zasadach. 

<strong>H2: Żaluzje drewniane - serce stylu boho</strong>

<strong>PROBLEM</strong>
Wielu właścicieli domów popełnia ten sam błąd: skupia się na dekoracjach i tekstyliach, zapominając o roli światła w sypialni. Często wybierane ""byle jakie"" rolety lub zasłony nie tylko zaburzają harmonię wnętrza, ale też nie pozwalają w pełni kontrolować prywatności i komfortu termicznego. Zbyt grube zasłony mogą przytłaczać, a cienkie - nie zapewnią intymności ani nie ochronią przed jesiennym chłodem. Źle dobrane osłony okienne zabierają też to, co w boho najważniejsze: naturalność, lekkość i subtelne przenikanie światła. Zamiast tworzyć oazę relaksu, uzyskujesz efekt przypadkowości, a wymarzony klimat... znika. Odpowiednio dobrane żaluzje drewniane i shuttersy ROLBEST potrafią odmienić sypialnię, ale tylko wtedy, gdy są dopasowane do całości aranżacji i Twoich potrzeb.

<strong>H2: Shuttersy - okiennice wewnętrzne do Twojej oazy</strong>

<strong>ROZWIĄZANIE ROLBEST</strong>
Czas na konkret! Jeśli chcesz, aby Twoja boho sypialnia była miejscem wyciszenia i stylowej harmonii, postaw na żaluzje drewniane ROLBEST. Wykonane z certyfikowanego drewna, podkreślają głębię zieleni i naturalnych tkanin. Ich ciepły, organiczny charakter idealnie współgra z ażurowymi lampami, makramami i złotymi dodatkami. Pozwalają precyzyjnie regulować ilość światła - od delikatnych poranków po intymne wieczory przy świecach.

Dla miłośników elegancji i ponadczasowego stylu polecam shuttersy - okiennice wewnętrzne ROLBEST. To nie tylko efektowny detal, ale i praktyczne rozwiązanie, które pozwala zadbać o prywatność i komfort termiczny. Shuttersy świetnie prezentują się na tle głębokiej zieleni ścian, odbijają złote refleksy i wprowadzają do wnętrza artystyczny luz. Wybierając produkty ROLBEST, zyskujesz nie tylko piękne osłony okienne, ale też gwarancję trwałości, jakości i wygody na lata. Pamiętaj, że nasze żaluzje drewniane i shuttersy to nie tylko moda, ale realna inwestycja w codzienny komfort.

<strong>H2: Rolety pilsowane (plisy) i żaluzje - komfort i styl</strong>

<strong>PORADNIK PRAKTYCZNY</strong>
<strong>H3: Żaluzje drewniane - wybór odcienia</strong>
Wybierz żaluzje drewniane w ciepłych, naturalnych odcieniach (np. orzech, dąb, bielona sosna) - idealnie wydobędą charakter boho i podkreślą zieleń ścian.

<strong>H3: Shuttersy - personalizacja</strong>
Zamów shuttersy na wymiar, dopasowane do Twoich okien. Możesz wybrać wersję klasyczną białą lub model barwiony, który zgra się z resztą wystroju i podkreśli indywidualny styl sypialni.

<strong>H3: Rolety pilsowane (plisy) - kontrola światła</strong>
Zastosuj rolety pilsowane (plisy) jako dodatkową warstwę przy oknach - pozwalają na precyzyjną regulację światła w dzień i wieczorem, bez efektu całkowitego zaciemnienia. To sposób na dyskretne podkreślenie klimatu boho i zachowanie prywatności.

<strong>H3: Detal robi różnicę</strong>
Nie bój się miksować faktur: welurowe narzuty, złote poduszki, ażurowe lampy i naturalne drewno żaluzji czy shuttersów stworzą spójną, przytulną całość.

<strong>H3: Zadbaj o harmonię</strong>
Stawiaj na naturalne materiały także w dodatkach i tekstyliach - len, bawełna, drewno, wełna. Dzięki temu Twoja sypialnia będzie nie tylko piękna, ale też przyjazna dla zmysłów i zdrowia.

<strong>CTA</strong>
Chcesz odmienić swoją sypialnię tej jesieni i poczuć się naprawdę wyjątkowo? Postaw na żaluzje drewniane, shuttersy lub rolety pilsowane (plisy) ROLBEST. Skorzystaj z bezpłatnej wyceny już dziś - tel: 507 704 919 i stwórz oazę spokoju na własnych warunkach!","<h2>Żaluzje drewniane - serce stylu boho</h2><p>Marzysz o sypialni, która wita Cię kojącym światłem, otula miękkim welurem i pozwala odciąć się od zgiełku świata? Przełom jesieni i zimy to czas, kiedy dom staje się Twoją prywatną oazą. To właśnie wtedy doceniasz naturalne materiały, głębokie kolory i osłony okienne, które zapewniają komfort i intymność, a przy okazji wpisują się w najnowsze trendy.</p><p>Wielu właścicieli domów popełnia ten sam błąd: skupia się na dekoracjach i tekstyliach, zapominając o roli światła w sypialni. Często wybierane ""byle jakie"" rolety nie tylko zaburzają harmonię wnętrza, ale też nie pozwalają w pełni kontrolować prywatności i komfortu termicznego. Zbyt grube zasłony mogą przytłaczać, a cienkie - nie zapewnią intymności ani nie ochronią przed jesiennym chłodem. Źle dobrane osłony okienne zabierają też to, co w boho najważniejsze: naturalność, lekkość i subtelne przenikanie światła. Zamiast tworzyć oazę relaksu, uzyskujesz efekt przypadkowości, a wymarzony klimat... znika.</p>[IMG2]<h2>Shuttersy - okiennice wewnętrzne do Twojej oazy</h2><p>Czas na konkret! Jeśli chcesz, aby Twoja boho sypialnia była miejscem wyciszenia i stylowej harmonii, postaw na <strong>żaluzje drewniane</strong> ROLBEST. Wykonane z certyfikowanego drewna, podkreślają głębię zieleni i naturalnych tkanin. Ich ciepły, organiczny charakter idealnie współgra z ażurowymi lampami, makramami i złotymi dodatkami. Pozwalają precyzyjnie regulować ilość światła - od delikatnych poranków po intymne wieczory przy świecach.</p><p>Dla miłośników elegancji i ponadczasowego stylu polecam <strong>shuttersy</strong> - okiennice wewnętrzne ROLBEST. To nie tylko efektowny detal, ale i praktyczne rozwiązanie, które pozwala zadbać o prywatność i komfort termiczny. <strong>Shuttersy</strong> świetnie prezentują się na tle głębokiej zieleni ścian, odbijają złote refleksy i wprowadzają do wnętrza artystyczny luz. Wybierając produkty ROLBEST, zyskujesz nie tylko piękne osłony okienne, ale też gwarancję trwałości, jakości i wygody na lata. Pamiętaj, że nasze <strong>żaluzje drewniane</strong> i <strong>shuttersy</strong> to nie tylko moda, ale realna inwestycja w codzienny komfort.</p><h2>Rolety pilsowane (plisy) i żaluzje - komfort i styl</h2><p><strong>Żaluzje drewniane</strong> w ciepłych, naturalnych odcieniach (np. orzech, dąb, bielona sosna) - idealnie wydobędą charakter boho i podkreślą zieleń ścian.</p><h3>Shuttersy - personalizacja</h3><p>Zamów <strong>shuttersy</strong> na wymiar, dopasowane do Twoich okien. Możesz wybrać wersję klasyczną białą lub model barwiony, który zgra się z resztą wystroju i podkreśli indywidualny styl sypialni.</p><h3>Rolety pilsowane (plisy) - kontrola światła</h3><p>Zastosuj <strong>rolety pilsowane</strong> (plisy) jako dodatkową warstwę przy oknach - pozwalają na precyzyjną regulację światła w dzień i wieczorem, bez efektu całkowitego zaciemnienia. To sposób na dyskretne podkreślenie klimatu boho i zachowanie prywatności.</p><h3>Detal robi różnicę</h3><p>Nie bój się miksować faktur: welurowe narzuty, złote poduszki, ażurowe lampy i naturalne drewno <strong>żaluzji</strong> czy <strong>shuttersów</strong> stworzą spójną, przytulną całość.</p><h3>Zadbaj o harmonię</h3><p>Stawiaj na naturalne materiały także w dodatkach i tekstyliach - len, bawełna, drewno, wełna. Dzięki temu Twoja sypialnia będzie nie tylko piękna, ale też przyjazna dla zmysłów i zdrowia.</p>[IMG3]<p>Umów bezpłatną wycenę: <a href=""tel:507704919"">507 704 919</a></p>","Boho sypialnia 2025: głęboka zieleń, złoto i welur - jak stworzyć oazę spokoju według najnowszych trendów? Zamiast przypadkowych dekoracji, postaw na żaluzje drewniane lub shuttersy ROLBEST - regulujesz światło i tworzysz wymarzony klimat boho. Nasze 20-letnie doświadczenie pokazuje, że właściwe osłony to inwestycja w relaks na co dzień. Umów bezpłatną wycenę: 507 704 919 🏠✨💡","Poranna kawa w sypialni tonącej w głębokiej zieleni i miękkim welurze - to miejsce, gdzie czujesz się naprawdę u siebie. Drewniane żaluzje i eleganckie shuttersy ROLBEST pozwalają Ci sterować światłem, tworząc atmosferę spokoju i intymności. Jak wygląda Twoja wymarzona oaza? Po więcej inspiracji zajrzyj na blog - link w bio. #żaluzje #shutters #wnętrza #dom #rolbest #inspiracje #design",https://drive.google.com/file/d/15qhJnpApZmgCKQ-kOWwNou4t_up-bGCu/view?usp=drivesdk,15qhJnpApZmgCKQ-kOWwNou4t_up-bGCu,Opublikowano,Do akceptacji,https://drive.google.com/file/d/1VByvmwyfIK5iwBu7GUAjbJ4sX2n_ZTnK/view?usp=drivesdk,1VByvmwyfIK5iwBu7GUAjbJ4sX2n_ZTnK,https://drive.google.com/file/d/1kwEjOY-XgDBrzQQNuvUrJfpyoJ3IqZF7/view?usp=drivesdk,1kwEjOY-XgDBrzQQNuvUrJfpyoJ3IqZF7
02-10-2025,"Home office 2025 - produktywność i styl dzięki żaluzje drewniane, shuttersy i osłony okienne ROLBEST","<h1>Home office 2025 - produktywność i styl dzięki żaluzje drewniane, shuttersy i osłony okienne ROLBEST</h1>

<strong>Inspiracja -</strong> Marzysz o domowym biurze, które nie tylko dobrze wygląda na zdjęciach, ale naprawdę pomaga Ci lepiej pracować? Znasz to uczucie: siedzisz przy biurku, światło razi w monitor, a w tle chaos - kable, papiery, przypadkowe kolory. Czas na zmianę! Minimalizm, naturalne materiały i mądrze dobrane osłony okienne to sposób, by Twój home office w 2025 roku był nie tylko modny, ale i sprzyjał skupieniu.

<strong>Nowe trendy - dlaczego warto je znać?</strong>

<strong>Home office</strong> przestał być chwilowym trendem. Coraz więcej z nas na stałe urządza w domu wygodne miejsce do pracy. Co będzie modne w 2025 roku? Przede wszystkim jasne przestrzenie, dużo światła dziennego, połączenie bieli, czerni i ciepłego drewna. Minimalizm nie oznacza chłodu - wręcz przeciwnie, chodzi o stworzenie spokojnej, harmonijnej bazy, która pomaga się skupić. Dlatego <strong>osłony okienne</strong> jak żaluzje drewniane czy shuttersy stają się nie tylko praktycznym dodatkiem, ale też kluczowym elementem stylu.

Warto wiedzieć, że światło - to naturalne i to sztuczne - ma ogromny wpływ na produktywność i nastrój. Źle dobrane rolety czy brak kontroli nad ilością światła mogą sprawić, że nawet najpiękniejsze biurko nie pomoże Ci się skupić. Na szczęście, przy nowoczesnych rozwiązaniach ROLBEST, masz pełną kontrolę nad atmosferą w swoim home office.

<strong>Błędy w aranżacji żaluzje drewniane i shuttersy</strong>

Wielu właścicieli domowych biur popełnia te same błędy: myślą, że wystarczy postawić biurko pod oknem, powiesić pierwszą lepszą roletę i gotowe. Efekt? Albo siedzisz w półmroku, albo walczysz z oślepiającym słońcem. Często też wybieramy osłony okienne tylko pod kątem ceny, zupełnie ignorując estetykę i jakość. Sztuczne, zimne materiały, plastikowe rolety - to wszystko sprawia, że wnętrze jest nijakie, a Ty zamiast pracować efektywnie, rozpraszasz się.

Kolejny klasyk: brak spójności kolorystycznej. W nowoczesnych aranżacjach 2025 królują zestawienia bieli, czerni i drewna. Jeśli dorzucisz do tego rolety w „przypadkowym” kolorze, cała spójność znika. Warto też pamiętać o funkcji: osłony okienne mają nie tylko chronić przed słońcem, ale też dawać prywatność i pomagać utrzymać komfort termiczny - szczególnie, jeśli Twój home office to część salonu lub sypialni.

<strong>ROLBEST - żaluzje drewniane, shuttersy i rolety rzymskie w nowoczesnym biurze</strong>

Tu wchodzą produkty ROLBEST - sprawdzone i zaprojektowane z myślą o najbardziej wymagających wnętrzach. <strong>Żaluzje drewniane</strong> to absolutny must-have w nowoczesnym home office. Drewno pięknie ociepla białe i czarne wnętrza, dodaje przytulności i wprowadza balans do minimalistycznych aranżacji. Co ważne, możesz precyzyjnie regulować ilość światła, a przy tym zachować widok na ogród czy miasto.

<strong>Shuttersy</strong> - okiennice wewnętrzne - to kolejny hit. Wyglądają genialnie w jasnych, skandynawskich biurach i pozwalają na błyskawiczną zmianę nastroju: chcesz więcej światła? Otwierasz lamelki. Potrzebujesz prywatności na wideocall? Zamykasz i gotowe. Shuttersy świetnie łączą się z meblami z naturalnego drewna i matowymi czarnymi dodatkami.

Nie zapominajmy o innych osłonach - <strong>rolety rzymskie</strong> (w naturalnych tkaninach), <strong>rolety pilsowane (plisy)</strong> czy moskitiery na wymiar sprawią, że Twój home office będzie nie tylko modny, ale i funkcjonalny przez cały rok.

Rolbest od 2003 roku pomaga klientom tworzyć wnętrza, które naprawdę odpowiadają ich stylowi życia. Masz pewność jakości, fachowej porady i montażu na wymiar.

<strong>Porady - żaluzje drewniane i shuttersy w praktyce</strong>

<strong>1. Wybierz jasną bazę i naturalne dodatki.</strong> Białe ściany, czarne akcenty, biurko z litego drewna i żaluzje drewniane ROLBEST - to przepis na ponadczasowy styl i świetną atmosferę do pracy.

<strong>2. Dbaj o kontrolę światła.</strong> Zamontuj żaluzje drewniane lub shuttersy, które pozwolą Ci precyzyjnie regulować ilość światła w zależności od pory dnia - unikniesz efektu „ciemnej nory” lub oślepiającego słońca.

<strong>3. Zachowaj spójność kolorystyczną.</strong> Wybierz odcienie drewna i kolor osłon okiennych, które pasują do reszty wnętrza - to sprawi, że home office będzie wyglądał jak z katalogu, a nie jak przypadkowy kącik.

<strong>4. Postaw na jakość i łatwość obsługi.</strong> Produkty ROLBEST są trwałe, łatwe w utrzymaniu i wygodne w codziennym użytkowaniu - nie musisz martwić się o usterki czy trudny montaż.

<strong>5. Daj sobie odrobinę zieleni.</strong> Roślina doniczkowa na parapecie, z widokiem zza żaluzji drewnianych, to świetny sposób na mikroreset w trakcie pracy.

<strong>Twój nowy home office? Z ROLBEST to proste!</strong>

Zrób pierwszy krok do biura, w którym naprawdę chce się pracować. Zadzwoń po <strong>bezpłatną wycenę - tel: 507 704 919</strong> i zobacz, jak żaluzje drewniane, shuttersy oraz inne osłony okienne ROLBEST mogą odmienić Twój home office. Pracuj wygodniej - stylowo i po swojemu!","<h2>Stylowe biuro w 2025 roku</h2><p>Marzysz o domowym biurze, które nie tylko dobrze wygląda na zdjęciach, ale naprawdę pomaga Ci lepiej pracować? Znasz to uczucie: siedzisz przy biurku, światło razi w monitor, a w tle chaos - kable, papiery, przypadkowe kolory. Czas na zmianę! Minimalizm, naturalne materiały i mądrze dobrane <strong>osłony okienne</strong> to sposób, by Twój home office w 2025 roku był nie tylko modny, ale i sprzyjał skupieniu.</p><h2>Nowe trendy w home office</h2><p><strong>Home office</strong> przestał być chwilowym trendem. Coraz więcej z nas na stałe urządza w domu wygodne miejsce do pracy. Co będzie modne w 2025 roku? Przede wszystkim jasne przestrzenie, dużo światła dziennego, połączenie bieli, czerni i ciepłego drewna. Minimalizm nie oznacza chłodu - wręcz przeciwnie, chodzi o stworzenie spokojnej, harmonijnej bazy, która pomaga się skupić. Dlatego <strong>żaluzje drewniane</strong> czy <strong>shuttersy</strong> stają się nie tylko praktycznym dodatkiem, ale też kluczowym elementem stylu.</p><p>Warto wiedzieć, że światło - to naturalne i to sztuczne - ma ogromny wpływ na produktywność i nastrój. Źle dobrane <strong>rolety</strong> czy brak kontroli nad ilością światła mogą sprawić, że nawet najpiękniejsze biurko nie pomoże Ci się skupić. Na szczęście, przy nowoczesnych rozwiązaniach ROLBEST, masz pełną kontrolę nad atmosferą w swoim home office.</p><h2>Problemy w aranżacji</h2><p>Wielu właścicieli domowych biur popełnia te same błędy: myślą, że wystarczy postawić biurko pod oknem, powiesić pierwszą lepszą roletę i gotowe. Efekt? Albo siedzisz w półmroku, albo walczysz z oślepiającym słońcem. Często też wybieramy <strong>osłony okienne</strong> tylko pod kątem ceny, zupełnie ignorując estetykę i jakość. Sztuczne, zimne materiały, plastikowe rolety - to wszystko sprawia, że wnętrze jest nijakie, a Ty zamiast pracować efektywnie, rozpraszasz się.</p><p>Kolejny klasyk: brak spójności kolorystycznej. W nowoczesnych aranżacjach 2025 królują zestawienia bieli, czerni i drewna. Jeśli dorzucisz do tego <strong>rolety</strong> w „przypadkowym” kolorze, cała spójność znika. Warto też pamiętać o funkcji: <strong>osłony okienne</strong> mają nie tylko chronić przed słońcem, ale też dawać prywatność i pomagać utrzymać komfort termiczny - szczególnie, jeśli Twój home office to część salonu lub sypialni.</p>[IMG2]<h2>ROLBEST - idealne rozwiązania</h2><p>Tu wchodzą produkty ROLBEST - sprawdzone i zaprojektowane z myślą o najbardziej wymagających wnętrzach. <strong>Żaluzje drewniane</strong> to absolutny must-have w nowoczesnym home office. Drewno pięknie ociepla białe i czarne wnętrza, dodaje przytulności i wprowadza balans do minimalistycznych aranżacji. Co ważne, możesz precyzyjnie regulować ilość światła, a przy tym zachować widok na ogród czy miasto.</p><p><strong>Shuttersy</strong> - okiennice wewnętrzne - to kolejny hit. Wyglądają genialnie w jasnych, skandynawskich biurach i pozwalają na błyskawiczną zmianę nastroju: chcesz więcej światła? Otwierasz lamelki. Potrzebujesz prywatności na wideocall? Zamykasz i gotowe. Shuttersy świetnie łączą się z meblami z naturalnego drewna i matowymi czarnymi dodatkami.</p><p>Nie zapominajmy o innych osłonach - <strong>rolety rzymskie</strong> (w naturalnych tkaninach), <strong>rolety pilsowane</strong> (plisy) czy moskitiery na wymiar sprawią, że Twój home office będzie nie tylko modny, ale i funkcjonalny przez cały rok.</p><p>Rolbest od 2003 roku pomaga klientom tworzyć wnętrza, które naprawdę odpowiadają ich stylowi życia. Masz pewność jakości, fachowej porady i montażu na wymiar.</p><h2>Porady praktyczne</h2><h3>Wybierz jasną bazę</h3><p><strong>Wybierz jasną bazę i naturalne dodatki.</strong> Białe ściany, czarne akcenty, biurko z litego drewna i <strong>żaluzje drewniane</strong> ROLBEST - to przepis na ponadczasowy styl i świetną atmosferę do pracy.</p><h3>Kontrola światła</h3><p><strong>Dbaj o kontrolę światła.</strong> Zamontuj <strong>żaluzje</strong> drewniane lub <strong>shuttersy</strong>, które pozwolą Ci precyzyjnie regulować ilość światła w zależności od pory dnia - unikniesz efektu „ciemnej nory” lub oślepiającego słońca.</p><h3>Spójność kolorystyczna</h3><p><strong>Zachowaj spójność kolorystyczną.</strong> Wybierz odcienie drewna i kolor <strong>osłon okiennych</strong>, które pasują do reszty wnętrza - to sprawi, że home office będzie wyglądał jak z katalogu, a nie jak przypadkowy kącik.</p><h3>Jakość i łatwość obsługi</h3><p><strong>Postaw na jakość i łatwość obsługi.</strong> Produkty ROLBEST są trwałe, łatwe w utrzymaniu i wygodne w codziennym użytkowaniu - nie musisz martwić się o usterki czy trudny montaż.</p><h3>Odrobina zieleni</h3><p><strong>Daj sobie odrobinę zieleni.</strong> Roślina doniczkowa na parapecie, z widokiem zza <strong>żaluzji drewnianych</strong>, to świetny sposób na mikroreset w trakcie pracy.</p>[IMG3]<p>Umów bezpłatną wycenę: <a href=""tel:507704919"">507 704 919</a></p>","Nowoczesny home office 2025 - biel, czerń, drewno i światło mogą diametralnie zmienić Twoją produktywność! Prosty sposób? Żaluzje drewniane i shuttersy ROLBEST pozwolą Ci stworzyć harmonijną, jasną przestrzeń, która pomaga się skupić. Nasze 20-letnie doświadczenie pokazuje, że to ma znaczenie. Umów bezpłatną wycenę: 507 704 919 🏠 🌞 📞","Poranna kawa, promienie słońca tańczące po białej ścianie i ciepło drewna pod dłonią - oto home office, w którym praca staje się przyjemnością. Świadome sterowanie światłem żaluzjami i shuttersami ROLBEST wspiera koncentrację i dobre samopoczucie. Czy Twój domowy gabinet inspiruje do działania? Zajrzyj na bloga - link w bio! #rolbest #żaluzje #shutters #rolety #wnętrza #design #inspiracje",https://drive.google.com/file/d/1oO_anhMk-5cBiBsUMM7uPNnlvzzWH4Cq/view?usp=drivesdk,1oO_anhMk-5cBiBsUMM7uPNnlvzzWH4Cq,Opublikowano,Do akceptacji,https://drive.google.com/file/d/1yfTcv7C4HI7EmRvgYUEeKiuguWXxw_Ld/view?usp=drivesdk,1yfTcv7C4HI7EmRvgYUEeKiuguWXxw_Ld,https://drive.google.com/file/d/1IKI1LrtzW-nXXfiONz-1xBZpMtRpEvJg/view?usp=drivesdk,1IKI1LrtzW-nXXfiONz-1xBZpMtRpEvJg
03-10-2025,"Nowoczesna łazienka - domowe spa z marmurem, shuttersy i żaluzje drewniane ROLBEST","<h1>Nowoczesna łazienka - domowe spa z marmurem, shuttersy i żaluzje drewniane ROLBEST</h1>

<strong>HOOK</strong>

Wyobraź sobie, że po długim, chłodnym dniu wchodzisz do swojej łazienki. To nie tylko miejsce higieny - to Twoje prywatne spa, gdzie marmur spotyka złoto, a głęboka zieleń koi zmysły. Ale czy wiesz, że klimat tej przestrzeni zależy nie tylko od płytek czy armatury, ale też… od światła i osłon okiennych? Jeśli marzysz o domowym azylu w stylu 2025, czytaj dalej.

<strong>KONTEKST</strong>

W 2025 roku trendy wnętrzarskie skupiają się na naturze i komforcie, a jesień to idealny moment, by łazienka stała się miejscem codziennej regeneracji. Marmur, złote detale i butelkowa zieleń królują na Instagramie i w projektach architektów. Coraz częściej w aranżacjach domowego spa pojawiają się też shuttersy - okiennice wewnętrzne oraz żaluzje drewniane, bo to one nadają wnętrzu niepowtarzalny klimat i pozwalają sterować światłem jak w prawdziwym wellness. Dobrze zaprojektowana łazienka to dziś nie tylko piękne materiały, ale też funkcjonalność i atmosfera. To odpowiedź na rosnącą potrzebę relaksu w domowym zaciszu - szczególnie jesienią, gdy szukamy ciepła, przytulności i odrobiny luksusu.

<strong>PROBLEM</strong>

Wielu właścicieli domów popełnia te same błędy. Skupiają się wyłącznie na wyborze modnych płytek lub designerskiej armatury, ignorując rolę światła i prywatności. Efekt? Piękna łazienka w dzień zamienia się w nieprzytulną chłodnię wieczorem, a zbyt ostre światło odbiera intymność kąpieli. Często wybierane są przypadkowe rolety lub, co gorsza, gołe szyby, które ani nie chronią przed spojrzeniami sąsiadów, ani nie pozwalają stworzyć nastroju. Niektórzy inwestują w tanie żaluzje aluminiowe, które kompletnie nie pasują do ciepłych, naturalnych aranżacji i szybko niszczeją w wilgotnych warunkach. A przecież łazienka to miejsce, gdzie każdy detal powinien sprzyjać relaksowi - od miękkiego światła po luksusowy design i praktyczne rozwiązania, które wytrzymają codzienną eksploatację.

<strong>Żaluzje drewniane i shuttersy ROLBEST - sekret domowego spa</strong>

Tutaj wchodzą produkty ROLBEST - shuttersy (okiennice wewnętrzne) i żaluzje drewniane. To nie tylko funkcjonalne osłony okienne, ale też element aranżacji, który podbija estetykę łazienki na zupełnie nowy poziom. 

<strong>Shuttersy</strong> sprawdzą się idealnie, jeśli zależy Ci na pełnej prywatności i możliwości dowolnego sterowania światłem - od intymnego półmroku po rozświetlone wnętrze pełne energii. Wersje lakierowane są odporne na wilgoć, a paleta kolorów pozwala dopasować shuttersy do marmurowych akcentów, złotych dodatków czy głębokiej zieleni roślin. Efekt? Łazienka wygląda jak z luksusowego hotelu, a Ty czujesz się jak w prawdziwym spa.

<strong>Żaluzje drewniane</strong> ROLBEST to z kolei wybór dla tych, którzy kochają ciepło i naturalność. Drewno wprowadza do łazienki przytulność i doskonale komponuje się z marmurowymi fakturami oraz zielenią. Możesz wybrać odcień, który idealnie zgra się z resztą aranżacji - od chłodnych szarości po klasyczne dęby czy głęboki orzech.

W obu przypadkach zyskujesz nie tylko piękno, ale też wygodę obsługi i gwarancję, że Twoje osłony okienne przetrwają lata. Dodatkowo, żaluzje drewniane i shuttersy łatwo utrzymać w czystości, a ich konstrukcja pozwala regulować ilość światła, co jest bezcenne podczas wieczornych rytuałów odprężenia.

<strong>Praktyczny poradnik - jak wybrać osłony okienne do łazienki spa?</strong>

<strong>H3: Shuttersy - intymność i luksus w praktyce</strong>
- Postaw na shuttersy lakierowane - są odporne na wilgoć, nie wypaczają się i łatwo je czyścić.
- Wybierz kolor, który podkreśli charakter łazienki: klasyczna biel do marmuru, butelkowa zieleń do roślinnych akcentów lub złamana szarość do złotych dodatków.

<strong>H3: Żaluzje drewniane - ciepło i kontrola światła</strong>
- Dobierz szerokość lameli do wielkości okna - w większych łazienkach świetnie wyglądają szerokie lamele (np. 50 mm), w mniejszych - węższe.
- Jeśli boisz się drewna w łazience, wybierz modele z drewna egzotycznego lub specjalnie impregnowane.

<strong>H3: Osłony okienne - praktyczne detale</strong>
- Zamiast klasycznych rolet czy tanich żaluzji, postaw na produkty dedykowane do trudnych warunków, jak shuttersy i żaluzje drewniane ROLBEST.
- Pamiętaj o możliwości montażu na wymiar - wtedy masz pewność idealnego dopasowania i maksymalnej funkcjonalności.
- Zwróć uwagę na łatwość czyszczenia - gładkie powierzchnie shuttersów i żaluzji drewnianych ułatwią utrzymanie łazienki w nieskazitelnej czystości.

<strong>CTA</strong>

Chcesz zamienić swoją łazienkę w domowe spa, które zachwyca nie tylko designem, ale i funkcjonalnością? Postaw na shuttersy lub żaluzje drewniane ROLBEST - wybierz jakość, która robi różnicę! Umów się na bezpłatną wycenę - tel: 507 704 919 i sprawdź, jak łatwo możesz odmienić swoje wnętrze.","<h2>Nowoczesna łazienka jako domowe spa</h2><p>Wyobraź sobie, że po długim, chłodnym dniu wchodzisz do swojej łazienki. To nie tylko miejsce higieny - to Twoje prywatne spa, gdzie marmur spotyka złoto, a głęboka zieleń koi zmysły. Ale czy wiesz, że klimat tej przestrzeni zależy nie tylko od płytek czy armatury, ale też… od światła i osłon okiennych? Jeśli marzysz o domowym azylu w stylu 2025, czytaj dalej.</p><h2>Trendy w aranżacji łazienek</h2><p>W 2025 roku trendy wnętrzarskie skupiają się na naturze i komforcie, a jesień to idealny moment, by łazienka stała się miejscem codziennej regeneracji. Marmur, złote detale i butelkowa zieleń królują na Instagramie i w projektach architektów. Coraz częściej w aranżacjach domowego spa pojawiają się też <strong>shuttersy</strong> - okiennice wewnętrzne oraz <strong>żaluzje drewniane</strong>, bo to one nadają wnętrzu niepowtarzalny klimat i pozwalają sterować światłem jak w prawdziwym wellness. Dobrze zaprojektowana łazienka to dziś nie tylko piękne materiały, ale też funkcjonalność i atmosfera. To odpowiedź na rosnącą potrzebę relaksu w domowym zaciszu - szczególnie jesienią, gdy szukamy ciepła, przytulności i odrobiny luksusu.</p><h2>Typowe błędy w aranżacji</h2><p>Wielu właścicieli domów popełnia te same błędy. Skupiają się wyłącznie na wyborze modnych płytek lub designerskiej armatury, ignorując rolę światła i prywatności. Efekt? Piękna łazienka w dzień zamienia się w nieprzytulną chłodnię wieczorem, a zbyt ostre światło odbiera intymność kąpieli. Często wybierane są przypadkowe <strong>rolety</strong> lub, co gorsza, gołe szyby, które ani nie chronią przed spojrzeniami sąsiadów, ani nie pozwalają stworzyć nastroju. Niektórzy inwestują w tanie <strong>żaluzje</strong> aluminiowe, które kompletnie nie pasują do ciepłych, naturalnych aranżacji i szybko niszczeją w wilgotnych warunkach. A przecież łazienka to miejsce, gdzie każdy detal powinien sprzyjać relaksowi - od miękkiego światła po luksusowy design i praktyczne rozwiązania, które wytrzymają codzienną eksploatację.</p>[IMG2]<h2>Żaluzje drewniane i shuttersy ROLBEST</h2><p>Tutaj wchodzą produkty ROLBEST - <strong>shuttersy</strong> (okiennice wewnętrzne) i <strong>żaluzje drewniane</strong>. To nie tylko funkcjonalne osłony okienne, ale też element aranżacji, który podbija estetykę łazienki na zupełnie nowy poziom.</p><h3>Shuttersy - intymność i luksus w praktyce</h3><p><strong>Shuttersy</strong> sprawdzą się idealnie, jeśli zależy Ci na pełnej prywatności i możliwości dowolnego sterowania światłem - od intymnego półmroku po rozświetlone wnętrze pełne energii. Wersje lakierowane są odporne na wilgoć, a paleta kolorów pozwala dopasować shuttersy do marmurowych akcentów, złotych dodatków czy głębokiej zieleni roślin. Efekt? Łazienka wygląda jak z luksusowego hotelu, a Ty czujesz się jak w prawdziwym spa.</p><h3>Żaluzje drewniane - ciepło i kontrola światła</h3><p><strong>Żaluzje drewniane</strong> ROLBEST to z kolei wybór dla tych, którzy kochają ciepło i naturalność. Drewno wprowadza do łazienki przytulność i doskonale komponuje się z marmurowymi fakturami oraz zielenią. Możesz wybrać odcień, który idealnie zgra się z resztą aranżacji - od chłodnych szarości po klasyczne dęby czy głęboki orzech.</p><h2>Praktyczny poradnik - jak wybrać osłony okienne do łazienki spa?</h2><h3>Shuttersy - intymność i luksus w praktyce</h3><ul><li><strong>Postaw na shuttersy lakierowane</strong> - są odporne na wilgoć, nie wypaczają się i łatwo je czyścić.</li><li><strong>Wybierz kolor</strong>, który podkreśli charakter łazienki: klasyczna biel do marmuru, butelkowa zieleń do roślinnych akcentów lub złamana szarość do złotych dodatków.</li></ul><h3>Żaluzje drewniane - ciepło i kontrola światła</h3><ul><li><strong>Dobierz szerokość lameli</strong> do wielkości okna - w większych łazienkach świetnie wyglądają szerokie lamele (np. 50 mm), w mniejszych - węższe.</li><li><strong>Jeśli boisz się drewna</strong> w łazience, wybierz modele z drewna egzotycznego lub specjalnie impregnowane.</li></ul><h3>Osłony okienne - praktyczne detale</h3><ul><li><strong>Zamiast klasycznych rolet</strong> czy tanich żaluzji, postaw na produkty dedykowane do trudnych warunków, jak shuttersy i żaluzje drewniane ROLBEST.</li><li><strong>Pamiętaj o możliwości montażu</strong> na wymiar - wtedy masz pewność idealnego dopasowania i maksymalnej funkcjonalności.</li><li><strong>Zwróć uwagę na łatwość czyszczenia</strong> - gładkie powierzchnie shuttersów i żaluzji drewnianych ułatwią utrzymanie łazienki w nieskazitelnej czystości.</li></ul>[IMG3]<p>Chcesz zamienić swoją łazienkę w domowe spa, które zachwyca nie tylko designem, ale i funkcjonalnością? Postaw na <strong>shuttersy</strong> lub <strong>żaluzje drewniane</strong> ROLBEST - wybierz jakość, która robi różnicę! Umów się na bezpłatną wycenę - tel: <a href=""tel:507704919"">507 704 919</a> i sprawdź, jak łatwo możesz odmienić swoje wnętrze.</p>","Nowoczesna łazienka w stylu domowego spa - marmur, złoto i głęboka zieleń - jak łączyć trendy 2025 z jesiennym relaksem? Odpowiednio dobrane shuttersy i żaluzje drewniane ROLBEST zapewniają nie tylko przytulność i kontrolę światła, ale też luksusowy wygląd łazienki jak z katalogu. Nasze 20-letnie doświadczenie pokazuje, że to detal czyni różnicę. Umów bezpłatną wycenę: 507 704 919 🏠✨📞","Gorąca kąpiel, ciepłe światło i marmurowe akcenty - Twoja łazienka może być prawdziwym domowym spa. Shuttersy i żaluzje drewniane ROLBEST pozwalają sterować światłem i tworzą intymną atmosferę, w której każdy jesienny wieczór staje się szczególny. Jak dbasz o klimat swojej łazienki? Więcej inspiracji znajdziesz na blogu - link w bio. #shutters #żaluzje #wnętrza #rolbest #design #inspiracje #dom",https://drive.google.com/file/d/1ywfbPNPdcH77SIUnnL8SyXz8x6ntZGzg/view?usp=drivesdk,1ywfbPNPdcH77SIUnnL8SyXz8x6ntZGzg,Opublikowano,Do akceptacji,https://drive.google.com/file/d/191kcSNVdiCqsbWVQ4xIdt3KEcyKUygmK/view?usp=drivesdk,191kcSNVdiCqsbWVQ4xIdt3KEcyKUygmK,https://drive.google.com/file/d/1S75F_m1o5uNoYyCw77Ps0tLczDvL5aVl/view?usp=drivesdk,1S75F_m1o5uNoYyCw77Ps0tLczDvL5aVl
04-10-2025,Taras jako jesienne domowe retreat - komfort i styl dzięki shuttersy i żaluzje drewniane ROLBEST,"<h1><strong>Taras jako jesienne domowe retreat - komfort i styl dzięki shuttersy i żaluzje drewniane ROLBEST</strong></h1>

<p>Czy Twój taras jesienią zamienia się w opuszczoną przestrzeń, czy raczej w drugi salon - miejsce, gdzie łapiesz ostatnie ciepłe promienie słońca, relaksujesz się z kubkiem herbaty i chronisz przed wiatrem? Właściciele domów wiedzą, że jesienny taras to potencjał na domowy azyl - wystarczy kilka sprawdzonych trików, by stworzyć własne retreat tuż za progiem.</p>

<h2><strong>Shuttersy i żaluzje drewniane - nowy wymiar tarasu</strong></h2>

<p>Jesień to idealny moment, by na nowo odkryć swój taras - zwłaszcza teraz, gdy coraz więcej z nas szuka sposobów na odpoczynek w zgodzie z naturą i slow life. Trendy na 2024/2025 podkreślają rolę przytulnych przestrzeni outdoor, które płynnie łączą się z wnętrzem domu. Taras przestaje być jedynie miejscem na grilla - staje się strefą relaksu, pracy zdalnej czy spotkań z bliskimi. Tu liczy się nie tylko wygoda, ale też poczucie intymności i ochrona przed chłodem czy wzrokiem sąsiadów. Coraz częściej sięgamy po naturalne materiały, zieleń i miękkie tekstylia - a kluczowym elementem są nowoczesne osłony okienne, jak shuttersy czy żaluzje drewniane ROLBEST, które wprowadzają ciepły klimat i designerski sznyt.</p>

<h2><strong>Żaluzje drewniane i shuttersy - najczęstsze błędy</strong></h2>

<p>Wielu właścicieli domów podchodzi do aranżacji tarasu zbyt zachowawczo - stawiając tylko na meble ogrodowe i poduszki. Efekt? Przestrzeń szybko staje się nieprzyjazna w chłodniejsze dni, a brak intymności odstrasza przed wieczornym relaksem. Częsty błąd to ignorowanie roli osłon okiennych - zarówno funkcjonalnych, jak i dekoracyjnych. Zbyt ciężkie zasłony outdoor, źle dobrane rolety lub prowizoryczne parawany nie tylko nie chronią przed wiatrem, ale też zaburzają estetykę tarasu. W efekcie rezygnujemy z korzystania z tej przestrzeni, nie wykorzystując jej potencjału. Zdarza się też, że wybieramy osłony przypadkowe - bez myślenia o dopasowaniu do stylu domu czy trwałości materiałów. A przecież taras ma być nie tylko praktyczny, ale i piękny przez cały sezon!</p>

<h2><strong>Shuttersy ROLBEST - prywatność i styl na Twoim tarasie</strong></h2>

<h3><strong>Shuttersy - okiennice wewnętrzne jako ochrona i designerski detal</strong></h3>

<p>Jeśli zależy Ci na domowym azylu na tarasie, shuttersy od ROLBEST to strzał w dziesiątkę. Te stylowe okiennice wewnętrzne nie tylko wyglądają fenomenalnie w każdym otoczeniu (zarówno klasycznym, jak i nowoczesnym), ale przede wszystkim pozwalają precyzyjnie regulować ilość światła. Zyskujesz pełną kontrolę nad prywatnością, chronisz się przed wiatrem i chłodem, a przy okazji podbijasz styl całej aranżacji. Shuttersy ROLBEST to też gwarancja trwałości - wykonane z wysokiej jakości materiałów, świetnie znoszą zmienne warunki pogodowe. Montując je przy wyjściu na taras, możesz cieszyć się relaksem niezależnie od aury, a Twój dom zyska wyjątkowy, indywidualny charakter.</p>

<h3><strong>Żaluzje drewniane - ciepło i natura na wyciągnięcie ręki</strong></h3>

<p>Żaluzje drewniane ROLBEST to kolejna propozycja dla tych, którzy kochają naturalny klimat i chcą, by taras harmonijnie łączył się z wnętrzem. Wykonane z wyselekcjonowanego drewna, są nie tylko piękne, ale też funkcjonalne - pozwalają płynnie dostosować ilość światła i zapewniają przytulność nawet w chłodniejsze wieczory. Montując żaluzje drewniane w przeszkleniach przy tarasie, zyskujesz spójny, stylowy efekt, a także chronisz się przed ciekawskimi spojrzeniami. To świetna alternatywa dla klasycznych rolet czy zasłon outdoor - zyskujesz efekt „wow” i komfort na co dzień.</p>

<h2><strong>Praktyczne wskazówki - jak stworzyć jesienny retreat z shuttersy i żaluzje drewniane</strong></h2>

<h3><strong>Shuttersy i żaluzje drewniane w aranżacji tarasu - porady eksperta</strong></h3>

<ul>
<li><strong>Zaplanuj strefy odpoczynku:</strong> Podziel taras na funkcjonalne części - kącik do czytania, miejsce na kawę, przestrzeń do jogi. Shuttersy i żaluzje drewniane pomogą wydzielić intymne strefy i ochronią przed chłodem.</li>
<li><strong>Dobierz odpowiedni kolor:</strong> Postaw na naturalne odcienie drewna lub bielone shuttersy - będą pasować do zieleni, terakoty i miękkich tekstyliów, tworząc spójny, jesienny klimat.</li>
<li><strong>Łącz różne osłony okienne:</strong> Połącz żaluzje drewniane w przeszkleniach z shuttersami przy wejściu na taras. Zyskasz pełną kontrolę nad światłem i prywatnością.</li>
<li><strong>Dodaj tekstylia i rośliny:</strong> Uzupełnij aranżację pledami, dywanami outdoor i donicami z wrzosami czy trawami ozdobnymi. Stworzysz przytulny, ciepły klimat nawet w chłodniejsze dni.</li>
<li><strong>Zadbaj o detale:</strong> Lampiony, świece i designerskie meble idealnie komponują się z naturalnymi materiałami shuttersów i żaluzji drewnianych. To drobiazgi budują atmosferę domowego retreat.</li>
</ul>

<h2><strong>Shuttersy i żaluzje drewniane ROLBEST - czas na metamorfozę tarasu!</strong></h2>

<p>Chcesz, żeby Twój taras jesienią stał się Twoim ulubionym miejscem w domu? Postaw na shuttersy i żaluzje drewniane od ROLBEST - lidera osłon okiennych w Polsce. Skontaktuj się z nami po <strong>bezpłatną wycenę - tel: 507 704 919</strong> i sprawdź, jak łatwo możesz zamienić taras w prawdziwy domowy retreat. Komfort, styl i funkcjonalność masz na wyciągnięcie ręki!</p>","<h2>Shuttersy i żaluzje drewniane</h2><p>Czy Twój taras jesienią zamienia się w opuszczoną przestrzeń, czy raczej w drugi salon - miejsce, gdzie łapiesz ostatnie ciepłe promienie słońca, relaksujesz się z kubkiem herbaty i chronisz przed wiatrem? Właściciele domów wiedzą, że jesienny taras to potencjał na domowy azyl - wystarczy kilka sprawdzonych trików, by stworzyć własne retreat tuż za progiem.</p><h2>Problem</h2><p>Wielu właścicieli domów podchodzi do aranżacji tarasu zbyt zachowawczo - stawiając tylko na meble ogrodowe i poduszki. Efekt? Przestrzeń szybko staje się nieprzyjazna w chłodniejsze dni, a brak intymności odstrasza przed wieczornym relaksem. Częsty błąd to ignorowanie roli <strong>osłon okiennych</strong> - zarówno funkcjonalnych, jak i dekoracyjnych. Zbyt ciężkie zasłony outdoor, źle dobrane <strong>rolety</strong> lub prowizoryczne parawany nie tylko nie chronią przed wiatrem, ale też zaburzają estetykę tarasu. W efekcie rezygnujemy z korzystania z tej przestrzeni, nie wykorzystując jej potencjału. Zdarza się też, że wybieramy osłony przypadkowe - bez myślenia o dopasowaniu do stylu domu czy trwałości materiałów. A przecież taras ma być nie tylko praktyczny, ale i piękny przez cały sezon!</p>[IMG2]<h2>Shuttersy ROLBEST</h2><p><strong>Shuttersy</strong> od ROLBEST to strzał w dziesiątkę. Te stylowe <strong>okiennice wewnętrzne</strong> nie tylko wyglądają fenomenalnie w każdym otoczeniu (zarówno klasycznym, jak i nowoczesnym), ale przede wszystkim pozwalają precyzyjnie regulować ilość światła. Zyskujesz pełną kontrolę nad prywatnością, chronisz się przed wiatrem i chłodem, a przy okazji podbijasz styl całej aranżacji. <strong>Shuttersy</strong> ROLBEST to też gwarancja trwałości - wykonane z wysokiej jakości materiałów, świetnie znoszą zmienne warunki pogodowe. Montując je przy wyjściu na taras, możesz cieszyć się relaksem niezależnie od aury, a Twój dom zyska wyjątkowy, indywidualny charakter.</p><h3>Żaluzje drewniane</h3><p><strong>Żaluzje drewniane</strong> ROLBEST to kolejna propozycja dla tych, którzy kochają naturalny klimat i chcą, by taras harmonijnie łączył się z wnętrzem. Wykonane z wyselekcjonowanego drewna, są nie tylko piękne, ale też funkcjonalne - pozwalają płynnie dostosować ilość światła i zapewniają przytulność nawet w chłodniejsze wieczory. Montując <strong>żaluzje drewniane</strong> w przeszkleniach przy tarasie, zyskujesz spójny, stylowy efekt, a także chronisz się przed ciekawskimi spojrzeniami. To świetna alternatywa dla klasycznych rolet czy zasłon outdoor - zyskujesz efekt „wow” i komfort na co dzień.</p><h2>Praktyczne wskazówki</h2><h3>Zaplanuj strefy odpoczynku</h3><p><strong>Podziel taras</strong> na funkcjonalne części - kącik do czytania, miejsce na kawę, przestrzeń do jogi. <strong>Shuttersy</strong> i <strong>żaluzje drewniane</strong> pomogą wydzielić intymne strefy i ochronią przed chłodem.</p><h3>Dobierz odpowiedni kolor</h3><p><strong>Postaw na naturalne odcienie drewna</strong> lub bielone <strong>shuttersy</strong> - będą pasować do zieleni, terakoty i miękkich tekstyliów, tworząc spójny, jesienny klimat.</p><h3>Łącz różne osłony okienne</h3><p><strong>Połącz żaluzje drewniane</strong> w przeszkleniach z <strong>shuttersami</strong> przy wejściu na taras. Zyskasz pełną kontrolę nad światłem i prywatnością.</p><h3>Dodaj tekstylia i rośliny</h3><p><strong>Uzupełnij aranżację</strong> pledami, dywanami outdoor i donicami z wrzosami czy trawami ozdobnymi. Stworzysz przytulny, ciepły klimat nawet w chłodniejsze dni.</p><h3>Zadbaj o detale</h3><p><strong>Lampiony, świece</strong> i designerskie meble idealnie komponują się z naturalnymi materiałami <strong>shuttersów</strong> i <strong>żaluzji drewnianych</strong>. To drobiazgi budują atmosferę domowego retreat.</p>[IMG3]<p>Umów bezpłatną wycenę: <a href=""tel:507704919"">507 704 919</a></p>","Taras jako jesienne domowe retreat - komfort i styl dzięki shuttersy i żaluzje drewniane ROLBEST? Odpowiednie osłony okienne sprawią, że nawet chłodną porą zyskasz prywatność i przytulność na tarasie. Nasze 20-letnie doświadczenie pokazuje, że to rozwiązania, które odmieniają każdą przestrzeń. Umów bezpłatną wycenę: 507 704 919 🏠 ✨ 💡","Cisza jesiennego poranka, miękki koc i taras, który staje się Twoim azylem na chłodniejsze dni... Dzięki shuttersom i żaluzjom drewnianym ROLBEST kontrolujesz światło i prywatność, zyskując wyjątkowy klimat retreat bez wychodzenia z domu. Marzysz o miejscu, gdzie relaks i styl idą w parze? Zajrzyj na bloga - link w bio! #shutters #żaluzje #wnętrza #rolbest #design #inspiracje #dom",https://drive.google.com/file/d/1uK7l6P3KZrQcDOX5H7ptZOzaSLvwFX1e/view?usp=drivesdk,1uK7l6P3KZrQcDOX5H7ptZOzaSLvwFX1e,Opublikowano,Do akceptacji,https://drive.google.com/file/d/1i9fUfWhDp5aHadjxWcRwCbIjv0A2EnFt/view?usp=drivesdk,1i9fUfWhDp5aHadjxWcRwCbIjv0A2EnFt,https://drive.google.com/file/d/1jiqbucQqisf201v_-juX04_BmK6eU2v0/view?usp=drivesdk,1jiqbucQqisf201v_-juX04_BmK6eU2v0
05-10-2025,Jesienny gabinet - skupienie i styl dzięki żaluzjom drewnianym ROLBEST,"# Jesienny gabinet - skupienie i styl dzięki żaluzjom drewnianym ROLBEST

<strong>HOOK - Jesienna potrzeba ciszy i stylu</strong>
Czasem wystarczy krótki, szary dzień, by poczuć, że Twój domowy gabinet potrzebuje czegoś więcej niż tylko biurka i wygodnego fotela. Gdy za oknem coraz więcej złotych liści, a myślenie o pracy domaga się skupienia - klasyczne wnętrza z ciemnym drewnem, zielenią i dobrze dobranymi osłonami okiennymi mogą zamienić zwykły pokój w prawdziwy azyl. Jak połączyć styl, komfort i światło, by jesień sprzyjała Twojej produktywności?

<strong>KONTEKST - Klasyka wraca do łask</strong>
W ostatnich latach coraz więcej osób urządza domowe biura i gabinety, szukając równowagi między wygodą a estetyką. Jesień to czas, gdy chcemy otaczać się ciepłymi barwami i naturalnymi materiałami. Ciemne drewno, skórzane dodatki, głęboka zieleń roślin i odpowiednio dobrane żaluzje drewniane tworzą wnętrza nie tylko piękne, ale też sprzyjające koncentracji. Eksperci wnętrz podkreślają, że światło i faktura materiałów mają ogromny wpływ na nasze samopoczucie podczas pracy. Właśnie dlatego wybór odpowiednich osłon okiennych - takich jak żaluzje drewniane, shuttersy czy rolety pilsowane (plisy) - staje się kluczowy nie tylko dla estetyki, ale i funkcjonalności przestrzeni. 

<strong>PROBLEM - Typowe błędy w aranżacji gabinetu</strong>
Wielu z nas, urządzając gabinet, skupia się na meblach, zapominając o tym, jak ważną rolę odgrywają światło i osłony okienne. Efekt? Przestrzeń jest albo za ciemna, albo zbyt jasna - a refleksy na monitorze skutecznie utrudniają skupienie. Często wybieramy rolety lub żaluzje bez zastanowienia nad ich kolorem i fakturą, co prowadzi do dysonansu pomiędzy klasycznymi meblami a nowoczesnymi, niepasującymi osłonami. Kolejny błąd to rezygnacja z roślin, które w połączeniu z naturalnym drewnem i osłonami okiennymi mogą znacząco poprawić mikroklimat miejsca pracy. Nierzadko też montujemy osłony okienne, które nie pozwalają na precyzyjną regulację światła, przez co gabinet staje się miejscem mało przyjaznym do codziennej pracy, zwłaszcza w sezonie jesienno-zimowym. 

<strong>ROZWIĄZANIE ROLBEST - Żaluzje drewniane i klasyka w nowoczesnym wydaniu</strong>
Jak stworzyć gabinet, który będzie sprzyjał skupieniu, a jednocześnie zachwyci swoim wyglądem? Zacznij od okien - to one decydują o nastroju i komforcie. Żaluzje drewniane ROLBEST to więcej niż osłona - to element wystroju, który podkreśla charakter wnętrza. Drewno w głębokich, szlachetnych odcieniach nie tylko świetnie komponuje się z klasycznymi biurkami czy regałami, ale także pięknie gra z naturalnym światłem wpadającym do środka. Dzięki precyzyjnej regulacji lameli możesz z łatwością zmieniać nastrój pokoju: od ciepłego, przytulnego światła po pełne skupienia półcienie. Co więcej, żaluzje drewniane ROLBEST są dostępne w różnych kolorach i szerokościach, więc łatwo dopasujesz je do każdego stylu - od klasycznego po nowoczesny. Jeśli szukasz czegoś jeszcze bardziej wyrafinowanego, shuttersy - okiennice wewnętrzne ROLBEST - dodadzą wnętrzu prestiżu i zapewnią pełną kontrolę nad światłem i prywatnością. Warto też rozważyć rolety pilsowane (plisy), które doskonale sprawdzą się w mniejszych gabinetach lub tam, gdzie liczy się lekkość i subtelność formy. Wszystkie te osłony okienne łączą w sobie funkcjonalność i ponadczasową elegancję, dając Ci pełną swobodę aranżacyjną.

<strong>PORADNIK PRAKTYCZNY - 5 sposobów na idealny gabinet</strong>
<strong>Żaluzje drewniane jako punkt wyjścia:</strong> Wybierz żaluzje drewniane ROLBEST w odcieniu dopasowanym do mebli - ciemny orzech, heban lub dąb wprowadzą klasyczny klimat i pięknie zagrają z zielenią roślin.

<strong>Shuttersy dla wymagających:</strong> Jeśli cenisz sobie totalną kontrolę nad światłem i prywatnością, postaw na shuttersy - okiennice wewnętrzne ROLBEST. Idealne do gabinetów z dużymi oknami.

<strong>Zieleń jako naturalny filtr:</strong> Dodaj kilka roślin doniczkowych - nie tylko ożywią wnętrze, ale też poprawią jakość powietrza i samopoczucie podczas pracy.

<strong>Rolety pilsowane (plisy) do mniejszych przestrzeni:</strong> Jeśli Twój gabinet nie jest duży, rolety pilsowane (plisy) pozwolą Ci kontrolować światło bez obciążania wnętrza.

<strong>Akcenty z naturalnych materiałów:</strong> Postaw na skórzany fotel, drewniane akcesoria i stonowaną kolorystykę. Dzięki temu stworzysz spójną, sprzyjającą skupieniu przestrzeń.

<strong>CTA - Zmień swój gabinet z ROLBEST</strong>
Twój domowy gabinet może być miejscem, gdzie praca staje się przyjemnością - wystarczy dobrze dobrana osłona okienna. Skorzystaj z bezpłatnej wyceny i przekonaj się, jak żaluzje drewniane, shuttersy czy rolety pilsowane (plisy) ROLBEST mogą odmienić Twoją przestrzeń. Zadzwoń już dziś: 507 704 919.","<h2>Jesienny gabinet</h2><p>Czasem wystarczy krótki, szary dzień, by poczuć, że Twój domowy gabinet potrzebuje czegoś więcej niż tylko biurka i wygodnego fotela. Gdy za oknem coraz więcej złotych liści, a myślenie o pracy domaga się skupienia - klasyczne wnętrza z ciemnym drewnem, zielenią i dobrze dobranymi <strong>osłonami okiennymi</strong> mogą zamienić zwykły pokój w prawdziwy azyl. Jak połączyć styl, komfort i światło, by jesień sprzyjała Twojej produktywności?</p><h2>Klasyka wraca do łask</h2><p>W ostatnich latach coraz więcej osób urządza domowe biura i gabinety, szukając równowagi między wygodą a estetyką. Jesień to czas, gdy chcemy otaczać się ciepłymi barwami i naturalnymi materiałami. Ciemne drewno, skórzane dodatki, głęboka zieleń roślin i odpowiednio dobrane <strong>żaluzje drewniane</strong> tworzą wnętrza nie tylko piękne, ale też sprzyjające koncentracji. Eksperci wnętrz podkreślają, że światło i faktura materiałów mają ogromny wpływ na nasze samopoczucie podczas pracy. Właśnie dlatego wybór odpowiednich <strong>osłon okiennych</strong> - takich jak <strong>żaluzje drewniane</strong>, <strong>shuttersy</strong> czy <strong>rolety pilsowane</strong> (plisy) - staje się kluczowy nie tylko dla estetyki, ale i funkcjonalności przestrzeni.</p><h2>Typowe błędy w aranżacji gabinetu</h2><p>Wielu z nas, urządzając gabinet, skupia się na meblach, zapominając o tym, jak ważną rolę odgrywają światło i <strong>osłony okienne</strong>. Efekt? Przestrzeń jest albo za ciemna, albo zbyt jasna - a refleksy na monitorze skutecznie utrudniają skupienie. Często wybieramy <strong>rolety</strong> lub <strong>żaluzje</strong> bez zastanowienia nad ich kolorem i fakturą, co prowadzi do dysonansu pomiędzy klasycznymi meblami a nowoczesnymi, niepasującymi osłonami. Kolejny błąd to rezygnacja z roślin, które w połączeniu z naturalnym drewnem i <strong>osłonami okiennymi</strong> mogą znacząco poprawić mikroklimat miejsca pracy. Nierzadko też montujemy <strong>osłony okienne</strong>, które nie pozwalają na precyzyjną regulację światła, przez co gabinet staje się miejscem mało przyjaznym do codziennej pracy, zwłaszcza w sezonie jesienno-zimowym.</p>[IMG2]<h2>Żaluzje drewniane i klasyka w nowoczesnym wydaniu</h2><p>Jak stworzyć gabinet, który będzie sprzyjał skupieniu, a jednocześnie zachwyci swoim wyglądem? Zacznij od okien - to one decydują o nastroju i komforcie. <strong>Żaluzje drewniane</strong> ROLBEST to więcej niż osłona - to element wystroju, który podkreśla charakter wnętrza. Drewno w głębokich, szlachetnych odcieniach nie tylko świetnie komponuje się z klasycznymi biurkami czy regałami, ale także pięknie gra z naturalnym światłem wpadającym do środka. Dzięki precyzyjnej regulacji lameli możesz z łatwością zmieniać nastrój pokoju: od ciepłego, przytulnego światła po pełne skupienia półcienie. Co więcej, <strong>żaluzje drewniane</strong> ROLBEST są dostępne w różnych kolorach i szerokościach, więc łatwo dopasujesz je do każdego stylu - od klasycznego po nowoczesny. Jeśli szukasz czegoś jeszcze bardziej wyrafinowanego, <strong>shuttersy</strong> - <strong>okiennice wewnętrzne</strong> ROLBEST - dodadzą wnętrzu prestiżu i zapewnią pełną kontrolę nad światłem i prywatnością. Warto też rozważyć <strong>rolety pilsowane</strong> (plisy), które doskonale sprawdzą się w mniejszych gabinetach lub tam, gdzie liczy się lekkość i subtelność formy. Wszystkie te <strong>osłony okienne</strong> łączą w sobie funkcjonalność i ponadczasową elegancję, dając Ci pełną swobodę aranżacyjną.</p><h2>5 sposobów na idealny gabinet</h2><h3>Żaluzje drewniane jako punkt wyjścia:</h3><p>Wybierz <strong>żaluzje drewniane</strong> ROLBEST w odcieniu dopasowanym do mebli - ciemny orzech, heban lub dąb wprowadzą klasyczny klimat i pięknie zagrają z zielenią roślin.</p><h3>Shuttersy dla wymagających:</h3><p>Jeśli cenisz sobie totalną kontrolę nad światłem i prywatnością, postaw na <strong>shuttersy</strong> - <strong>okiennice wewnętrzne</strong> ROLBEST. Idealne do gabinetów z dużymi oknami.</p><h3>Zieleń jako naturalny filtr:</h3><p>Dodaj kilka roślin doniczkowych - nie tylko ożywią wnętrze, ale też poprawią jakość powietrza i samopoczucie podczas pracy.</p><h3>Rolety pilsowane (plisy) do mniejszych przestrzeni:</h3><p>Jeśli Twój gabinet nie jest duży, <strong>rolety pilsowane</strong> (plisy) pozwolą Ci kontrolować światło bez obciążania wnętrza.</p><h3>Akcenty z naturalnych materiałów:</h3><p>Postaw na skórzany fotel, drewniane akcesoria i stonowaną kolorystykę. Dzięki temu stworzysz spójną, sprzyjającą skupieniu przestrzeń.</p>[IMG3]<p>Umów bezpłatną wycenę: <a href=""tel:507704919"">507 704 919</a></p>","Ciemne drewno i zieleń - czy wiesz, jak stworzyć gabinet, który sprzyja skupieniu jesienią? Odpowiednio dobrane żaluzje drewniane ROLBEST wprowadzają do wnętrza ciepło, styl i optymalne światło - dokładnie to, czego potrzebujesz, by pracować efektywnie. Nasze 20-letnie doświadczenie pokazuje, że nawet mała zmiana potrafi odmienić Twoją przestrzeń. Umów bezpłatną wycenę: 507 704 919 🏠✨📞","Poranna kawa w otoczeniu ciemnego drewna i zieleni - to chwila, gdy praca staje się prawdziwą przyjemnością, a jesień sprzyja skupieniu. Odpowiednio dobrane żaluzje drewniane pozwalają kontrolować światło, tworząc idealne warunki do koncentracji. A jak Ty aranżujesz swój azyl pracy? Po więcej inspiracji zajrzyj na bloga - link w bio. #żaluzje #rolety #shutters #wnętrza #rolbest #dom #design",https://drive.google.com/file/d/1GV_BGHnzPT94Fw77ms3FLfA76NlTgwe9/view?usp=drivesdk,1GV_BGHnzPT94Fw77ms3FLfA76NlTgwe9,Opublikowano,Do akceptacji,https://drive.google.com/file/d/13uJ33y8t-G--La3L-8WjAUnV5GmFtmbv/view?usp=drivesdk,13uJ33y8t-G--La3L-8WjAUnV5GmFtmbv,https://drive.google.com/file/d/1fw4c0oPpjbo5Ds8pcoLOleV88uxrXLDz/view?usp=drivesdk,1fw4c0oPpjbo5Ds8pcoLOleV88uxrXLDz
06-10-2025,Światło i natura - skandynawski salon z shuttersy i żaluzje drewniane ROLBEST,"# Światło i natura - skandynawski salon z shuttersy i żaluzje drewniane ROLBEST

<strong>HOOK</strong>

Wyobraź sobie jesienny wieczór - za oknem szaro, wiatr targa liśćmi, a Ty wracasz do domu i od razu czujesz, że tu odpoczniesz. Salon wypełniony światłem, jasnymi barwami, miękkim pledem i… spokojem. Masz ochotę usiąść na chwilę z herbatą, zamknąć oczy i po prostu być. Brzmi znajomo? Właśnie tak powinien działać na nas dom - szczególnie jesienią.

<strong>KONTEKST</strong>

Jesień to czas, gdy dom znów staje się centrum życia. Styl skandynawski, z bielą, beżem i jasnym drewnem, to nie tylko moda na Instagramie - to sposób na realną poprawę samopoczucia. Wnętrza inspirowane naturą, otwarte na światło dzienne i zorganizowane z myślą o komforcie, wzmacniają poczucie bezpieczeństwa i wyciszenia. Rok 2025 przyniesie jeszcze więcej trendów w stronę minimalizmu, ekologii i przytulności, a odpowiednie osłony okienne - jak shuttersy czy żaluzje drewniane ROLBEST - stają się nie tylko praktycznym, ale też stylowym elementem każdego salonu. Teraz, gdy za oknem coraz szybciej robi się ciemno, to właśnie światło i naturalne materiały tworzą naszą domową oazę.

<strong>PROBLEM</strong>

Wielu właścicieli domów i mieszkań chce stworzyć przytulne, jasne miejsce do życia, ale łatwo popełnić błędy. Najczęstszy? Przeładowanie pomieszczenia dekoracjami i brakiem konsekwencji w doborze materiałów. Zimą i jesienią szczególnie odczuwamy brak światła - ciężkie zasłony, ciemne rolety czy byle jakie żaluzje mogą sprawić, że salon staje się smutny, przytłaczający i po prostu… niefunkcjonalny. Inny grzech główny: pomijanie roli osłon okiennych przy planowaniu nastroju - a to one pozwalają kontrolować ilość światła, dają prywatność, a jednocześnie mogą być piękną ozdobą. Często wybieramy produkty przypadkowe, niedopasowane do stylu wnętrza, które zamiast wzmacniać klimat, zaburzają spójność aranżacji. Efekt? Zamiast relaksu - chaos i niewygoda. Masz wrażenie, że światło nie pracuje dla Ciebie? Czas na zmianę!

<strong>Żaluzje drewniane i shuttersy - sekret przytulności</strong>

<strong>Rozwiązanie ROLBEST</strong>

Czas oddać światło w ręce ekspertów! Shuttersy - okiennice wewnętrzne ROLBEST oraz żaluzje drewniane ROLBEST to duet, który rozwiązuje niemal wszystkie opisane wyżej bolączki. Po pierwsze - pozwalają perfekcyjnie regulować ilość wpadającego światła. Chcesz mieć złote promienie poranka w całym salonie? Ustaw shuttersy pod odpowiednim kątem. Potrzebujesz intymności wieczorem? Żaluzje drewniane subtelnie osłonią wnętrze, nie odbierając mu lekkości.

Co ważne, obie te osłony okienne są nie tylko funkcjonalne, ale i stylowe. Shuttersy ROLBEST wykonane są z wysokiej jakości drewna i lakierowane na modne, ponadczasowe kolory (biel, ciepły beż, jasny dąb). Wprowadzają do wnętrza harmonię i naturalny rytm, pięknie komponują się z beżowymi tekstyliami, jasnym parkietem i zielonymi roślinami. Żaluzje drewniane ROLBEST z kolei to ukłon w stronę skandynawskiego minimalizmu - są lekkie wizualnie, ponadczasowe i niezwykle trwałe. Ich obecność to gwarancja, że Twój salon nie stanie się ciemny ani przytłoczony, nawet w najbardziej pochmurny dzień. 

ROLBEST od 20 lat udowadnia, że osłony okienne mogą być nie tylko praktyczne, ale też piękne i trwałe. Korzystając z shuttersów i żaluzji drewnianych, możesz bawić się światłem - modelować klimat pomieszczenia w zależności od pory dnia i nastroju. To właśnie one sprawiają, że salon staje się prawdziwą jesienną oazą relaksu!

<strong>Błędy w aranżacji okien</strong>

<strong>Poradnik praktyczny - skandynawski styl z żaluzje drewniane i shuttersy</strong>

<strong>1. Wybierz jasną bazę</strong>
Postaw na biel i ciepłe beże na ścianach oraz w tekstyliach. Dzięki temu światło odbija się i rozprasza po całym wnętrzu, a żaluzje drewniane czy shuttersy w tych samych tonacjach będą wyglądać lekko i harmonijnie.

<strong>2. Reguluj światło z głową</strong>
Pamiętaj, że shuttersy pozwalają łatwo sterować natężeniem światła nawet w pochmurne dni. Ustaw lamele tak, by wpuszczać maksimum promieni rano, a wieczorem zapewnić sobie intymność.

<strong>3. Dobierz naturalne dodatki</strong>
Rośliny doniczkowe, lniane zasłony, wełniane pledy i drewniane dodatki współgrają z osłonami okiennymi ROLBEST, podkreślając skandynawski charakter i przytulność.

<strong>4. Zadbaj o spójność</strong>
Unikaj chaosu - nie mieszaj zbyt wielu kolorów i faktur. Shuttersy i żaluzje drewniane ROLBEST to produkty, które najlepiej prezentują się w uporządkowanych, minimalistycznych wnętrzach.

<strong>5. Nie zapominaj o funkcji</strong>
Oprócz wyglądu liczy się codzienna wygoda. Shuttersy i żaluzje drewniane są łatwe w obsłudze i czyszczeniu - to szczególnie ważne przy dużych przeszkleniach salonowych.

<strong>Shuttersy - domowa oaza relaksu</strong>

<strong>CTA</strong>

Chcesz mieć prawdziwą jesienną oazę w swoim salonie? Zaufaj doświadczeniu lidera! Skontaktuj się z nami po bezpłatną wycenę shuttersów lub żaluzji drewnianych ROLBEST - tel: 507 704 919. Przekonaj się, jak światło i natura mogą zmienić Twój dom!","<h2>Światło i natura w salonie</h2><p>Wyobraź sobie jesienny wieczór - za oknem szaro, wiatr targa liśćmi, a Ty wracasz do domu i od razu czujesz, że tu odpoczniesz. Salon wypełniony światłem, jasnymi barwami, miękkim pledem i… spokojem. Masz ochotę usiąść na chwilę z herbatą, zamknąć oczy i po prostu być. Brzmi znajomo? Właśnie tak powinien działać na nas dom - szczególnie jesienią.</p><h2>Kontekst skandynawskiego stylu</h2><p>Jesień to czas, gdy dom znów staje się centrum życia. Styl skandynawski, z bielą, beżem i jasnym drewnem, to nie tylko moda na Instagramie - to sposób na realną poprawę samopoczucia. Wnętrza inspirowane naturą, otwarte na światło dzienne i zorganizowane z myślą o komforcie, wzmacniają poczucie bezpieczeństwa i wyciszenia. Rok 2025 przyniesie jeszcze więcej trendów w stronę minimalizmu, ekologii i przytulności, a odpowiednie osłony okienne - jak <strong>shuttersy</strong> czy <strong>żaluzje drewniane</strong> ROLBEST - stają się nie tylko praktycznym, ale też stylowym elementem każdego salonu. Teraz, gdy za oknem coraz szybciej robi się ciemno, to właśnie światło i naturalne materiały tworzą naszą domową oazę.</p><h2>Problem z aranżacją</h2><p>Wielu właścicieli domów i mieszkań chce stworzyć przytulne, jasne miejsce do życia, ale łatwo popełnić błędy. Najczęstszy? Przeładowanie pomieszczenia dekoracjami i brakiem konsekwencji w doborze materiałów. Zimą i jesienią szczególnie odczuwamy brak światła - ciężkie zasłony, ciemne rolety czy byle jakie <strong>żaluzje</strong> mogą sprawić, że salon staje się smutny, przytłaczający i po prostu… niefunkcjonalny. Inny grzech główny: pomijanie roli <strong>osłon okiennych</strong> przy planowaniu nastroju - a to one pozwalają kontrolować ilość światła, dają prywatność, a jednocześnie mogą być piękną ozdobą. Często wybieramy produkty przypadkowe, niedopasowane do stylu wnętrza, które zamiast wzmacniać klimat, zaburzają spójność aranżacji. Efekt? Zamiast relaksu - chaos i niewygoda. Masz wrażenie, że światło nie pracuje dla Ciebie? Czas na zmianę!</p>[IMG2]<h2>Żaluzje drewniane i shuttersy - sekret przytulności</h2><h3>Rozwiązanie ROLBEST</h3><p>Czas oddać światło w ręce ekspertów! <strong>Shuttersy</strong> - okiennice wewnętrzne ROLBEST oraz <strong>żaluzje drewniane</strong> ROLBEST to duet, który rozwiązuje niemal wszystkie opisane wyżej bolączki. Po pierwsze - pozwalają perfekcyjnie regulować ilość wpadającego światła. Chcesz mieć złote promienie poranka w całym salonie? Ustaw <strong>shuttersy</strong> pod odpowiednim kątem. Potrzebujesz intymności wieczorem? <strong>Żaluzje drewniane</strong> subtelnie osłonią wnętrze, nie odbierając mu lekkości.</p><p>Co ważne, obie te <strong>osłony okienne</strong> są nie tylko funkcjonalne, ale i stylowe. <strong>Shuttersy</strong> ROLBEST wykonane są z wysokiej jakości drewna i lakierowane na modne, ponadczasowe kolory (biel, ciepły beż, jasny dąb). Wprowadzają do wnętrza harmonię i naturalny rytm, pięknie komponują się z beżowymi tekstyliami, jasnym parkietem i zielonymi roślinami. <strong>Żaluzje drewniane</strong> ROLBEST z kolei to ukłon w stronę skandynawskiego minimalizmu - są lekkie wizualnie, ponadczasowe i niezwykle trwałe. Ich obecność to gwarancja, że Twój salon nie stanie się ciemny ani przytłoczony, nawet w najbardziej pochmurny dzień.</p><p>ROLBEST od 20 lat udowadnia, że <strong>osłony okienne</strong> mogą być nie tylko praktyczne, ale też piękne i trwałe. Korzystając z <strong>shuttersów</strong> i <strong>żaluzji drewnianych</strong>, możesz bawić się światłem - modelować klimat pomieszczenia w zależności od pory dnia i nastroju. To właśnie one sprawiają, że salon staje się prawdziwą jesienną oazą relaksu!</p><h2>Błędy w aranżacji okien</h2><h3>Poradnik praktyczny</h3><h4>1. Wybierz jasną bazę</h4><p>Postaw na biel i ciepłe beże na ścianach oraz w tekstyliach. Dzięki temu światło odbija się i rozprasza po całym wnętrzu, a <strong>żaluzje drewniane</strong> czy <strong>shuttersy</strong> w tych samych tonacjach będą wyglądać lekko i harmonijnie.</p><h4>2. Reguluj światło z głową</h4><p>Pamiętaj, że <strong>shuttersy</strong> pozwalają łatwo sterować natężeniem światła nawet w pochmurne dni. Ustaw lamele tak, by wpuszczać maksimum promieni rano, a wieczorem zapewnić sobie intymność.</p><h4>3. Dobierz naturalne dodatki</h4><p>Rośliny doniczkowe, lniane zasłony, wełniane pledy i drewniane dodatki współgrają z <strong>osłonami okiennymi</strong> ROLBEST, podkreślając skandynawski charakter i przytulność.</p><h4>4. Zadbaj o spójność</h4><p>Unikaj chaosu - nie mieszaj zbyt wielu kolorów i faktur. <strong>Shuttersy</strong> i <strong>żaluzje drewniane</strong> ROLBEST to produkty, które najlepiej prezentują się w uporządkowanych, minimalistycznych wnętrzach.</p><h4>5. Nie zapominaj o funkcji</h4><p>Oprócz wyglądu liczy się codzienna wygoda. <strong>Shuttersy</strong> i <strong>żaluzje drewniane</strong> są łatwe w obsłudze i czyszczeniu - to szczególnie ważne przy dużych przeszkleniach salonowych.</p><h2>Shuttersy - domowa oaza relaksu</h2><p>Chcesz mieć prawdziwą jesienną oazę w swoim salonie? Zaufaj doświadczeniu lidera! Skontaktuj się z nami po bezpłatną wycenę <strong>shuttersów</strong> lub <strong>żaluzji drewnianych</strong> ROLBEST - tel: <a href=""tel:507704919"">507 704 919</a>. Przekonaj się, jak światło i natura mogą zmienić Twój dom!</p>[IMG3]<p>Umów bezpłatną wycenę: <a href=""tel:507704919"">507 704 919</a></p>","Światło i natura - jak skandynawski salon staje się jesienną oazą relaksu? Dzięki shuttersom i żaluzjom drewnianym ROLBEST wpuszczasz do wnętrza ciepło i harmonię przy każdym zachmurzonym dniu. Nasze 20-letnie doświadczenie pokazuje, że dobrze dobrane osłony odmieniają każdy salon. Umów bezpłatną wycenę: 507 704 919 🏠 ✨ 💡","Poranna herbata w salonie pełnym naturalnego światła i harmonii - czy nie o tym marzysz, gdy jesień zagląda przez okno? Dobrze dobrane shuttersy i żaluzje drewniane pozwolą Ci bawić się światłem, tworząc przytulną atmosferę o każdej porze dnia. Jak Twoje wnętrze łapie promienie? Sprawdź więcej inspiracji na blogu - link w bio! #shutters #żaluzje #rolbest #wnętrza #design #inspiracje #dom",https://drive.google.com/file/d/1qWTsOV7nYTgeGxxMyIR96INp2REvyF6j/view?usp=drivesdk,1qWTsOV7nYTgeGxxMyIR96INp2REvyF6j,Opublikowano,Do akceptacji,https://drive.google.com/file/d/1a83mG3b4GaZK5kppZZRojBU-oiSfJnIw/view?usp=drivesdk,1a83mG3b4GaZK5kppZZRojBU-oiSfJnIw,https://drive.google.com/file/d/1VpgFa4b95A0yw7_mNGD8nqRLWGJyskn-/view?usp=drivesdk,1VpgFa4b95A0yw7_mNGD8nqRLWGJyskn-
07-10-2025,"Jesienna kuchnia w stylu rustykalnym - światło i klimat dzięki rolety pilsowane (plisy), shuttersy i żaluzje drewniane","<h1>Jesienna kuchnia w stylu rustykalnym - światło i klimat dzięki rolety pilsowane (plisy), shuttersy i żaluzje drewniane</h1>

<strong>HOOK</strong><br>
Wyobraź sobie: jesienny poranek, kawa w rustykalnej kuchni, ciepłe światło przenika przez okno, a Ty czujesz, że dom naprawdę żyje. Ale… ile razy w sezonie czujesz, że światło w kuchni jest zbyt ostre, zbyt blade albo – najzwyczajniej – nie takie, jak chcesz? Jeśli irytuje Cię złe doświetlenie lub nijakie okna, czytaj dalej - mam dla Ciebie inspiracje prosto od architektów!

<strong>KONTEKST</strong><br>
Dlaczego światło w kuchni, szczególnie jesienią, jest tak ważne? To nie tylko kwestia klimatu - naturalne oświetlenie wpływa na nasz nastrój, komfort gotowania i rodzinnych spotkań. Jesienne dni są krótsze, a promienie słońca bardziej kapryśne. Architekci wnętrz coraz częściej podkreślają, że przemyślana aranżacja okien i dobór odpowiednich osłon okiennych, takich jak rolety pilsowane (plisy), żaluzje drewniane czy shuttersy (okiennice wewnętrzne), potrafi odmienić przestrzeń o 180 stopni. Chodzi nie tylko o wygląd, ale i o praktyczną kontrolę światła, ciepła i prywatności. Nadszedł czas, by kuchnia stała się Twoją oazą światła - także jesienią.

<strong>H2>Najczęstsze błędy z osłonami okien</h2>
<strong>H3>Co robić, a czego unikać?</h3>
Wiele osób podczas urządzania kuchni skupia się wyłącznie na kolorze ścian, blatach czy meblach, a pomija temat okien i ich osłon. Efekt? Kuchnia jest albo prześwietlona, albo pogrążona w mroku (szczególnie, gdy za oknem szaruga). Częsty błąd to montaż tanich, uniwersalnych rolet lub żaluzji, które nie pasują do stylu rustykalnego – psują klimat, zbierają kurz i… nie dają efektu, na który liczysz. Inny problem to złe dopasowanie osłon do ekspozycji okien - na południe przyda się coś, co chroni przed nadmiarem światła, a na północ warto postawić na rozwiązania, które wpuszczą maksimum promieni. Wielu właścicieli domów zapomina też, że kuchnia to miejsce wilgotne i podatne na zabrudzenia - tu zwykłe rolety szybko tracą urok. Zamiast funkcjonalności i stylu - pojawia się frustracja.

<strong>H2>Shuttersy, żaluzje drewniane i rolety pilsowane (plisy) - siła eksperckich rozwiązań</h2>
<strong>H3>Architekci o produktach ROLBEST</h3>
Jak temu zaradzić? Architekci wnętrz polecają kompletne podejście: wybierz osłony okienne, które łączą design i praktyczność. Shuttersy (okiennice wewnętrzne) od ROLBEST to synonim stylu rustykalnego - drewniane lamelki pozwalają perfekcyjnie kontrolować ilość światła i nadają kuchni ciepły, przytulny klimat. Eksperci podkreślają też żaluzje drewniane - naturalne, łatwe w czyszczeniu i genialnie komponujące się z drewnianymi blatami czy podłogą. Z kolei rolety pilsowane (plisy) to idealne rozwiązanie na jesień: możesz precyzyjnie regulować, ile promieni wpada do środka, a ich tkaniny zmiękczają światło, tworząc wrażenie przytulnej mgiełki. Co ważne, produkty ROLBEST są projektowane na wymiar - zero kompromisów i zero przypadkowości. Dzięki temu Twoja kuchnia zyskuje nie tylko na wyglądzie, ale i ergonomii. Masz kontrolę nad światłem, prywatnością i… klimatem wnętrza.

<strong>H2>Rolety pilsowane, shuttersy i żaluzje drewniane - praktyczny poradnik</h2>
<strong>H3>Jak wybrać idealne osłony okienne?</h3>
1. Zwróć uwagę na ekspozycję okien: 
- południowe okna? Shuttersy lub żaluzje drewniane ROLBEST pomogą Ci uniknąć prześwietlenia i nadmiaru ciepła.
- północne? Postaw na rolety pilsowane (plisy) w jasnych odcieniach, które rozproszą światło, ale nie zabiorą go całkiem.

2. Wybierz materiały odporne na wilgoć i łatwe w czyszczeniu - kuchnia to miejsce pełne pary i zapachów. Żaluzje drewniane ROLBEST oraz shuttersy są nie tylko piękne, ale i praktyczne w codziennym użytkowaniu.

3. Dopasuj styl do wnętrza - rustykalna kuchnia aż prosi się o naturalne drewno, stonowane tkaniny i subtelne rolety pilsowane (plisy). Unikaj plastikowych, masowych rozwiązań, które zepsują efekt.

4. Pamiętaj o detalach: listwy wykończeniowe, uchwyty, kolory lameli czy rodzaj tkaniny mają znaczenie. U ROLBEST każdy szczegół możesz skonfigurować pod siebie.

5. Zainspiruj się realizacjami architektów - sprawdź na stronie ROLBEST, jak wyglądają kuchnie z żaluzjami drewnianymi lub shuttersami i wybierz rozwiązanie, które pokochasz na lata.

<strong>H2>Postaw na światło z ROLBEST - bezpłatna wycena</h2>
Nie trać czasu na kompromisy i przypadkowe rolety! Zamów bezpłatną wycenę w ROLBEST - tel: 507 704 919 i daj swojej kuchni światło, na które zasługuje. Zainwestuj w shuttersy, żaluzje drewniane lub rolety pilsowane (plisy) i poczuj różnicę każdego jesiennego dnia!","<h2>Najczęstsze błędy z osłonami okien</h2><p>Wiele osób podczas urządzania kuchni skupia się wyłącznie na kolorze ścian, blatach czy meblach, a pomija temat okien i ich osłon. Efekt? Kuchnia jest albo prześwietlona, albo pogrążona w mroku (szczególnie, gdy za oknem szaruga). Częsty błąd to montaż tanich, uniwersalnych <strong>rolet</strong> lub <strong>żaluzji</strong>, które nie pasują do stylu rustykalnego – psują klimat, zbierają kurz i… nie dają efektu, na który liczysz. Inny problem to złe dopasowanie osłon do ekspozycji okien - na południe przyda się coś, co chroni przed nadmiarem światła, a na północ warto postawić na rozwiązania, które wpuszczą maksimum promieni. Wielu właścicieli domów zapomina też, że kuchnia to miejsce wilgotne i podatne na zabrudzenia - tu zwykłe <strong>rolety</strong> szybko tracą urok. Zamiast funkcjonalności i stylu - pojawia się frustracja.</p>[IMG2]<h2>Shuttersy, żaluzje drewniane i rolety pilsowane (plisy) - siła eksperckich rozwiązań</h2><p>Jak temu zaradzić? Architekci wnętrz polecają kompletne podejście: wybierz osłony okienne, które łączą design i praktyczność. <strong>Shuttersy</strong> (okiennice wewnętrzne) od ROLBEST to synonim stylu rustykalnego - drewniane lamelki pozwalają perfekcyjnie kontrolować ilość światła i nadają kuchni ciepły, przytulny klimat. Eksperci podkreślają też <strong>żaluzje drewniane</strong> - naturalne, łatwe w czyszczeniu i genialnie komponujące się z drewnianymi blatami czy podłogą. Z kolei <strong>rolety pilsowane</strong> (plisy) to idealne rozwiązanie na jesień: możesz precyzyjnie regulować, ile promieni wpada do środka, a ich tkaniny zmiękczają światło, tworząc wrażenie przytulnej mgiełki. Co ważne, produkty ROLBEST są projektowane na wymiar - zero kompromisów i zero przypadkowości. Dzięki temu Twoja kuchnia zyskuje nie tylko na wyglądzie, ale i ergonomii. Masz kontrolę nad światłem, prywatnością i… klimatem wnętrza.</p><h2>Rolety pilsowane, shuttersy i żaluzje drewniane - praktyczny poradnik</h2><h3>Jak wybrać idealne osłony okienne?</h3><ul><li><h3>Ekspozycja okien</h3><p><strong>Południowe okna</strong>? <strong>Shuttersy</strong> lub <strong>żaluzje drewniane</strong> ROLBEST pomogą Ci uniknąć prześwietlenia i nadmiaru ciepła.</p><p><strong>Północne</strong>? Postaw na <strong>rolety pilsowane</strong> (plisy) w jasnych odcieniach, które rozproszą światło, ale nie zabiorą go całkiem.</p></li><li><h3>Materiały odporne na wilgoć</h3><p>Wybierz materiały odporne na wilgoć i łatwe w czyszczeniu - kuchnia to miejsce pełne pary i zapachów. <strong>Żaluzje drewniane</strong> ROLBEST oraz <strong>shuttersy</strong> są nie tylko piękne, ale i praktyczne w codziennym użytkowaniu.</p></li><li><h3>Dopasowanie stylu</h3><p>Dopasuj styl do wnętrza - rustykalna kuchnia aż prosi się o naturalne drewno, stonowane tkaniny i subtelne <strong>rolety pilsowane</strong> (plisy). Unikaj plastikowych, masowych rozwiązań, które zepsują efekt.</p></li><li><h3>Detale</h3><p>Pamiętaj o detalach: listwy wykończeniowe, uchwyty, kolory lameli czy rodzaj tkaniny mają znaczenie. U ROLBEST każdy szczegół możesz skonfigurować pod siebie.</p></li><li><h3>Inspiracje</h3><p>Zainspiruj się realizacjami architektów - sprawdź na stronie ROLBEST, jak wyglądają kuchnie z <strong>żaluzjami drewnianymi</strong> lub <strong>shuttersami</strong> i wybierz rozwiązanie, które pokochasz na lata.</p></li></ul>[IMG3]<p>Umów bezpłatną wycenę: <a href=""tel:507704919"">507 704 919</a></p>","Jak architekci projektują światło w rustykalnej kuchni na jesień? Eksperckie spojrzenie na rolę okien i osłon - Nie musisz wybierać między przytulnym światłem a praktyczną kontrolą - plisy, shuttersy i żaluzje drewniane ROLBEST pozwalają dopasować kuchnię do Twoich potrzeb i nastroju. Nasze 20-letnie doświadczenie pokazuje, że dobrze dobrane osłony naprawdę zmieniają klimat wnętrza. Umów bezpłatną wycenę: 507 704 919 🏠🌞✨","Jesienne poranki w rustykalnej kuchni mają swój niezwykły urok - ciepłe światło sączy się przez okno, otulając wnętrze przytulnością. To właśnie kontrola światła sprawia, że każda chwila staje się bardziej wyjątkowa, a przestrzeń żyje zgodnie z Twoim nastrojem. Jak Ty dbasz o klimat swojej kuchni o tej porze roku? Po więcej inspiracji zajrzyj na blog - link w bio. #rolety #żaluzje #shutters #wnętrza #dom #rolbest #inspiracje",https://drive.google.com/file/d/1Pe20k2HLYmAmOO5vB894jBnOcvJ3yx5-/view?usp=drivesdk,1Pe20k2HLYmAmOO5vB894jBnOcvJ3yx5-,Opublikowano,Do akceptacji,https://drive.google.com/file/d/1qhDCJzvE5HtxJpGQ1WKzwKs0mUBztyu9/view?usp=drivesdk,1qhDCJzvE5HtxJpGQ1WKzwKs0mUBztyu9,https://drive.google.com/file/d/1FO4iCdUY_JEDk7KEZ8eMtlm5vSoXuQYn/view?usp=drivesdk,1FO4iCdUY_JEDk7KEZ8eMtlm5vSoXuQYn
08-10-2025,"Jak światło i osłony okienne ROLBEST wpływają na zdrowy sen? Nowoczesne żaluzje drewniane, shuttersy i żaluzje fasadowe w praktyce","<h1>Jak światło i osłony okienne ROLBEST wpływają na zdrowy sen? Nowoczesne żaluzje drewniane, shuttersy i żaluzje fasadowe w praktyce</h1>

<strong>HOOK</strong>

Wyobraź sobie - po ciężkim dniu kładziesz się do łóżka i... nie możesz zasnąć. Przez szczeliny w zasłonie sączy się światło z ulicy, rano budzi Cię wschód słońca, a Ty zamiast wypoczywać, przewracasz się z boku na bok. Brzmi znajomo? Dobra wiadomość: możesz to zmienić, nie robiąc rewolucji w całej sypialni.

<strong>KONTEKST</strong>

W ostatnich latach coraz więcej mówi się o wpływie światła na zdrowie i jakość snu. Eksperci podkreślają, że dobrze zaprojektowana sypialnia, z odpowiednią kontrolą światła dziennego i sztucznego, to podstawa regeneracji. Co ciekawe, coraz więcej architektów i inwestorów sięga po nowoczesne żaluzje drewniane, shuttersy i żaluzje fasadowe, które pozwalają nie tylko stylowo wykończyć wnętrze, ale przede wszystkim precyzyjnie sterować ilością światła wpadającego do środka. Jesień i zima to moment, gdy szczególnie doceniamy możliwość stworzenia przytulnego, bezpiecznego azylu - a dobrze dobrane osłony okienne mogą mieć tu kluczowe znaczenie.

<strong>PROBLEM</strong>

Wielu właścicieli domów popełnia dwa klasyczne błędy: albo wybiera przypadkowe rolety lub zasłony, które nie zatrzymują światła i nie izolują od hałasu, albo kompletnie ignoruje temat osłon okiennych, licząc na to, że ""jakoś to będzie"". Efekt? Przerywany sen, problemy z zasypianiem, a rano - zmęczenie zamiast energii. Często zapominamy też, jak duże znaczenie ma światło dla naszego zegara biologicznego. Światło z ulicznych latarni czy ekranu sąsiada może zakłócać wydzielanie melatoniny - hormonu snu. Z drugiej strony, zbyt szczelne zasłonięcie okien może sprawić, że wstanie rano będzie prawdziwą walką z własnym organizmem. Klucz to mądre sterowanie światłem, dostosowane do Twojego rytmu dnia i potrzeb całej rodziny.

<strong>ROZWIĄZANIE ROLBEST</strong>

Tu wkracza ROLBEST - z ponad 20-letnim doświadczeniem w projektowaniu i montażu topowych osłon okiennych w Polsce. Nowoczesne żaluzje drewniane to idealny wybór do sypialni, jeśli cenisz naturalne materiały i chcesz tworzyć przytulną atmosferę. Pozwalają precyzyjnie ustawić kąt padania światła - rano wpuszczasz promienie słońca, wieczorem odcinasz się od świata. Shuttersy, czyli okiennice wewnętrzne, to nie tylko elegancja rodem z europejskich rezydencji, ale też doskonała ochrona przed nadmiarem światła i ciekawskimi spojrzeniami. Są łatwe w utrzymaniu, odporne na wilgoć i sprawdzają się także w pokojach dziecięcych. Jeśli Twoja sypialnia ma duże przeszklenia lub wyjście na taras, żaluzje fasadowe pozwolą zapanować nad ilością światła i temperaturą - a przy okazji wyciszają wnętrze i zwiększają poczucie prywatności. Każde z tych rozwiązań możesz dopasować do swojego stylu - od minimalistycznego po ciepłe boho. ROLBEST oferuje bezpłatną wycenę i fachowe doradztwo - nie musisz znać się na wszystkim, wystarczy, że określisz swoje potrzeby.

<strong>PORADNIK PRAKTYCZNY</strong>

<strong>1. Wybierz żaluzje drewniane do sypialni</strong> - Drewno reguluje wilgotność i ociepla klimat wnętrza. Ustaw lamele tak, by rano wpuszczały światło, a wieczorem odcinały Cię od zgiełku. 

<strong>2. Postaw na shuttersy dla pełnej kontroli</strong> - Okiennice wewnętrzne świetnie sprawdzają się tam, gdzie zależy Ci na prywatności i chcesz całkowicie odciąć światło (np. w pokoju dziecka czy głównej sypialni). Możesz rozdzielać otwieranie górnych i dolnych lameli - to Ty decydujesz, ile światła wpada do środka.

<strong>3. Duże przeszklenia? Żaluzje fasadowe</strong> - Idealne do nowoczesnych domów z dużymi oknami. Chronią przed nadmiarem słońca, wyciszają pomieszczenie i dają pełną kontrolę nad światłem także w ciągu dnia.

<strong>4. Nie zapomnij o roletach pilsowanych (plisy) lub roletach rzymskich</strong> - To świetne uzupełnienie dla okien o niestandardowych kształtach lub tam, gdzie chcesz dodatkowo dekoracyjnie wykończyć wnętrze.

<strong>5. Dopasuj kolor i fakturę do stylu sypialni</strong> - Naturalne drewno, biel, a może grafit? Wybierz taką osłonę okienną, która wpisze się w klimat Twojej sypialni i będzie cieszyć oko na co dzień.

<strong>CTA</strong>

Chcesz spać spokojnie i mieć pełną kontrolę nad światłem w sypialni? Zaufaj doświadczeniu ROLBEST i wybierz żaluzje drewniane, shuttersy lub żaluzje fasadowe dopasowane do Twoich potrzeb. Zadzwoń po <strong>bezpłatną wycenę - tel: 507 704 919</strong> i przekonaj się, jak szybko możesz odmienić swoją codzienność!","<h2>Jak światło wpływa na sen</h2><p>Wyobraź sobie - po ciężkim dniu kładziesz się do łóżka i... nie możesz zasnąć. Przez szczeliny w zasłonie sączy się światło z ulicy, rano budzi Cię wschód słońca, a Ty zamiast wypoczywać, przewracasz się z boku na bok. Brzmi znajomo? Dobra wiadomość: możesz to zmienić, nie robiąc rewolucji w całej sypialni.</p><h2>Kontekst</h2><p>W ostatnich latach coraz więcej mówi się o wpływie światła na zdrowie i jakość snu. Eksperci podkreślają, że dobrze zaprojektowana sypialnia, z odpowiednią kontrolą światła dziennego i sztucznego, to podstawa regeneracji. Co ciekawe, coraz więcej architektów i inwestorów sięga po nowoczesne <strong>żaluzje drewniane</strong>, <strong>shuttersy</strong> i <strong>żaluzje fasadowe</strong>, które pozwalają nie tylko stylowo wykończyć wnętrze, ale przede wszystkim precyzyjnie sterować ilością światła wpadającego do środka. Jesień i zima to moment, gdy szczególnie doceniamy możliwość stworzenia przytulnego, bezpiecznego azylu - a dobrze dobrane <strong>osłony okienne</strong> mogą mieć tu kluczowe znaczenie.</p><h2>Problem</h2><p>Wielu właścicieli domów popełnia dwa klasyczne błędy: albo wybiera przypadkowe <strong>rolety</strong> lub zasłony, które nie zatrzymują światła i nie izolują od hałasu, albo kompletnie ignoruje temat osłon okiennych, licząc na to, że ""jakoś to będzie"". Efekt? Przerywany sen, problemy z zasypianiem, a rano - zmęczenie zamiast energii. Często zapominamy też, jak duże znaczenie ma światło dla naszego zegara biologicznego. Światło z ulicznych latarni czy ekranu sąsiada może zakłócać wydzielanie melatoniny - hormonu snu. Z drugiej strony, zbyt szczelne zasłonięcie okien może sprawić, że wstanie rano będzie prawdziwą walką z własnym organizmem. Klucz to mądre sterowanie światłem, dostosowane do Twojego rytmu dnia i potrzeb całej rodziny.</p>[IMG2]<h2>Rozwiązanie ROLBEST</h2><p>Tu wkracza <strong>ROLBEST</strong> - z ponad 20-letnim doświadczeniem w projektowaniu i montażu topowych osłon okiennych w Polsce. Nowoczesne <strong>żaluzje drewniane</strong> to idealny wybór do sypialni, jeśli cenisz naturalne materiały i chcesz tworzyć przytulną atmosferę. Pozwalają precyzyjnie ustawić kąt padania światła - rano wpuszczasz promienie słońca, wieczorem odcinasz się od świata. <strong>Shuttersy</strong>, czyli <strong>okiennice wewnętrzne</strong>, to nie tylko elegancja rodem z europejskich rezydencji, ale też doskonała ochrona przed nadmiarem światła i ciekawskimi spojrzeniami. Są łatwe w utrzymaniu, odporne na wilgoć i sprawdzają się także w pokojach dziecięcych. Jeśli Twoja sypialnia ma duże przeszklenia lub wyjście na taras, <strong>żaluzje fasadowe</strong> pozwolą zapanować nad ilością światła i temperaturą - a przy okazji wyciszają wnętrze i zwiększają poczucie prywatności. Każde z tych rozwiązań możesz dopasować do swojego stylu - od minimalistycznego po ciepłe boho. <strong>ROLBEST</strong> oferuje bezpłatną wycenę i fachowe doradztwo - nie musisz znać się na wszystkim, wystarczy, że określisz swoje potrzeby.</p><h2>Poradnik praktyczny</h2><h3>1. Wybierz żaluzje drewniane do sypialni</h3><p><strong>Drewno</strong> reguluje wilgotność i ociepla klimat wnętrza. Ustaw lamele tak, by rano wpuszczały światło, a wieczorem odcinały Cię od zgiełku.</p><h3>2. Postaw na shuttersy dla pełnej kontroli</h3><p><strong>Okiennice wewnętrzne</strong> świetnie sprawdzają się tam, gdzie zależy Ci na prywatności i chcesz całkowicie odciąć światło (np. w pokoju dziecka czy głównej sypialni). Możesz rozdzielać otwieranie górnych i dolnych lameli - to Ty decydujesz, ile światła wpada do środka.</p><h3>3. Duże przeszklenia? Żaluzje fasadowe</h3><p>Idealne do nowoczesnych domów z dużymi oknami. Chronią przed nadmiarem słońca, wyciszają pomieszczenie i dają pełną kontrolę nad światłem także w ciągu dnia.</p><h3>4. Nie zapomnij o roletach pilsowanych (plisy) lub roletach rzymskich</h3><p>To świetne uzupełnienie dla okien o niestandardowych kształtach lub tam, gdzie chcesz dodatkowo dekoracyjnie wykończyć wnętrze.</p><h3>5. Dopasuj kolor i fakturę do stylu sypialni</h3><p><strong>Naturalne drewno</strong>, biel, a może grafit? Wybierz taką osłonę okienną, która wpisze się w klimat Twojej sypialni i będzie cieszyć oko na co dzień.</p>[IMG3]<p>Umów bezpłatną wycenę: <a href=""tel:507704919"">507 704 919</a></p>","Jak światło i osłony okienne ROLBEST wpływają na zdrowy sen? Jeśli chcesz cieszyć się spokojnym snem, wystarczy dobrać żaluzje drewniane, shuttersy lub żaluzje fasadowe - to prosty sposób na kontrolę światła i komfortową sypialnię. Nasze 20-letnie doświadczenie pokazuje, że drobna zmiana potrafi odmienić codzienność. Umów bezpłatną wycenę: 507 704 919 🏠🌞📞","Głęboki sen i spokojny poranek zaczynają się w przytulnej sypialni, gdzie światło podąża za Twoim rytmem. Precyzyjna kontrola światła dzięki żaluzjom i shuttersom ROLBEST zmienia każdy wieczór w relaksujący rytuał. Jak Twoje wnętrze wpływa na Twój odpoczynek? Zajrzyj na bloga - link w bio! #żaluzje #shutters #wnętrza #dom #rolbest #inspiracje #design",https://drive.google.com/file/d/1sST1RBjRSwmRT54EEsBsYEXwW33cKg6O/view?usp=drivesdk,1sST1RBjRSwmRT54EEsBsYEXwW33cKg6O,Opublikowano,Do akceptacji,https://drive.google.com/file/d/16m4r-cCXhN1EE5h72V3-IpzEEwhm1Qsc/view?usp=drivesdk,16m4r-cCXhN1EE5h72V3-IpzEEwhm1Qsc,https://drive.google.com/file/d/1oo_dZlYz9HoC898KBcT79eFnxRagRT5_/view?usp=drivesdk,1oo_dZlYz9HoC898KBcT79eFnxRagRT5_
09-10-2025,Eklektyczny home office 2025 - styl i komfort dzięki rolety pilsowane (plisy) i żaluzje drewniane,"H1: Eklektyczny home office 2025 - styl i komfort dzięki rolety pilsowane (plisy) i żaluzje drewniane

<strong>Inspiracja - jak stworzyć domowe biuro</strong>
Znasz to uczucie, gdy patrzysz na swój home office i masz wrażenie, że coś tu nie gra? Niby wszystko jest - biurko, krzesło, lampa - a jednak brakuje tej energii, która sprawia, że chce się pracować. Jesień 2025 to idealny moment, by wpuścić do domowego biura trochę świeżości. Eklektyczne wnętrza, miks faktur, światła i osobistych akcentów - to wszystko sprawia, że miejsce pracy staje się nie tylko praktyczne, ale i inspirujące.

<strong>Dlaczego eklektyzm i osłony okienne teraz?</strong>
W 2025 roku eklektyzm i personalizacja rządzą w świecie wnętrz. Przestajemy kopiować katalogowe aranżacje, a coraz chętniej tworzymy przestrzeń tylko dla siebie. Home office przejmuje rolę centrum domowego życia - to tutaj spędzamy najwięcej czasu w sezonie jesiennym. W tym trendzie nie chodzi tylko o połączenie bieli z czernią czy drewna z metalem, ale o autentyczny miks tego, co lubisz i co inspiruje. Kluczem jest światło dzienne - odpowiednio kontrolowane przez osłony okienne, jak rolety pilsowane (plisy) czy żaluzje drewniane, które podbijają przytulność i sprzyjają skupieniu. To właśnie tu detale robią różnicę - od galerii na ścianie po faktury materiałów i sposób, w jaki światło gra na powierzchniach.

<strong>Błędy w aranżacji home office</strong>
Najczęstszy problem? Zbyt dużo kompromisów. Home office często powstaje na końcu listy domowych priorytetów - trafiają tu meble „z odzysku”, przypadkowe dekoracje i byle jakie rolety. W efekcie przestrzeń jest nijaka, źle doświetlona, a Ty czujesz się bardziej jak na zapleczu niż w centrum kreatywności. Częsty błąd to ignorowanie roli światła dziennego. Zbyt ciemno - łapie Cię senność, zbyt jasno - męczy wzrok i odbija się od monitora. Brakuje też harmonii między stylami: jedno biurko w stylu industrial, drugi regał skandynawski, a na oknach zasłony z innej bajki. Efekt? Chaos, który zamiast pobudzać, rozprasza. Zapominamy też, że osłony okienne to nie tylko ochrona przed słońcem, ale też kluczowy element wystroju, który może dodać wnętrzu klasy i indywidualności.

<strong>Rolety pilsowane (plisy) i żaluzje drewniane - rozwiązanie od ROLBEST</strong>
Co, jeśli powiem Ci, że komfort pracy i dobry styl można połączyć w jednym prostym kroku? Produkty ROLBEST to nie tylko praktyczne osłony okienne, ale też designerskie dodatki do Twojego home office. Rolety pilsowane (plisy) to prawdziwy kameleon wśród rolet - świetnie wyglądają na tle białych ścian, filtrują światło, pozwalają na precyzyjną regulację i pasują do każdego stylu. Możesz je ustawić na dowolnej wysokości, dzięki czemu światło wpada dokładnie tam, gdzie chcesz - bez efektu oślepienia monitora.

Żaluzje drewniane z kolei to synonim przytulności i klasy. Drewno ociepla wnętrze, a naturalne lamele pozwalają na zabawę światłem i cieniem. Idealne, jeśli chcesz dodać biuru charakteru, jednocześnie zyskując kontrolę nad światłem. Oba rozwiązania to nie tylko kwestia funkcjonalności, ale i stylu - eklektyczne wnętrza kochają kontrasty, a połączenie nowoczesnych mebli z ponadczasowymi żaluzjami drewnianymi czy subtelnymi roletami pilsowanymi (plisy) daje efekt WOW. ROLBEST stawia na jakość i indywidualne podejście - produkty szyjemy na wymiar, więc idealnie dopasujesz je do swojego projektu. 

<strong>Jak budować eklektyczny home office? 3 praktyczne wskazówki</strong>
<strong>1. Łącz faktury i kolory -</strong> nie bój się zestawiać drewna z metalem, aksamitu z lnem, bieli z czernią i akcentami w kolorze. Wybierz żaluzje drewniane do ocieplenia przestrzeni lub rolety pilsowane (plisy) jako nowoczesny akcent.
<strong>2. Stwórz galerię inspiracji -</strong> powieś na ścianie ulubione grafiki, plakaty lub zdjęcia. To szybki sposób na personalizację i podkreślenie eklektycznego stylu.
<strong>3. Postaw na światło warstwowe -</strong> połącz światło naturalne z lampą biurkową i kinkietami. Rolety pilsowane (plisy) pozwolą Ci kontrolować ilość światła w zależności od pory dnia.
<strong>4. Wybieraj praktyczne dekoracje -</strong> rośliny, geometryczne dywany czy designerskie organizery nie tylko zdobią, ale też pomagają utrzymać porządek i dobrą energię. 
<strong>5. Zadbaj o wygodę pracy -</strong> ustaw biurko blisko okna i wykorzystaj rolety pilsowane (plisy) do regulacji światła - nie tylko ochronisz wzrok, ale też zadbasz o komfort cieplny.

<strong>Bezpłatna wycena - Twój styl, Twój komfort!</strong>
Chcesz, żeby Twoje home office było naprawdę Twoje? Zamów bezpłatną wycenę - tel: 507 704 919. Zespół ROLBEST pomoże Ci dobrać idealne rolety pilsowane (plisy) lub żaluzje drewniane na wymiar. Wpuść do swojego biura światło, styl i energię - to prostsze niż myślisz!","<h2>Inspiracja - jak stworzyć domowe biuro</h2><p>Znasz to uczucie, gdy patrzysz na swój home office i masz wrażenie, że coś tu nie gra? Niby wszystko jest - biurko, krzesło, lampa - a jednak brakuje tej energii, która sprawia, że chce się pracować. Jesień 2025 to idealny moment, by wpuścić do domowego biura trochę świeżości. Eklektyczne wnętrza, miks faktur, światła i osobistych akcentów - to wszystko sprawia, że miejsce pracy staje się nie tylko praktyczne, ale i inspirujące.</p><h2>Dlaczego eklektyzm i osłony okienne teraz?</h2><p>W 2025 roku eklektyzm i personalizacja rządzą w świecie wnętrz. Przestajemy kopiować katalogowe aranżacje, a coraz chętniej tworzymy przestrzeń tylko dla siebie. Home office przejmuje rolę centrum domowego życia - to tutaj spędzamy najwięcej czasu w sezonie jesiennym. W tym trendzie nie chodzi tylko o połączenie bieli z czernią czy drewna z metalem, ale o autentyczny miks tego, co lubisz i co inspiruje. Kluczem jest światło dzienne - odpowiednio kontrolowane przez osłony okienne, jak <strong>rolety pilsowane</strong> (plisy) czy <strong>żaluzje drewniane</strong>, które podbijają przytulność i sprzyjają skupieniu. To właśnie tu detale robią różnicę - od galerii na ścianie po faktury materiałów i sposób, w jaki światło gra na powierzchniach.</p><h2>Błędy w aranżacji home office</h2><p>Najczęstszy problem? Zbyt dużo kompromisów. Home office często powstaje na końcu listy domowych priorytetów - trafiają tu meble „z odzysku”, przypadkowe dekoracje i byle jakie <strong>rolety</strong>. W efekcie przestrzeń jest nijaka, źle doświetlona, a Ty czujesz się bardziej jak na zapleczu niż w centrum kreatywności. Częsty błąd to ignorowanie roli światła dziennego. Zbyt ciemno - łapie Cię senność, zbyt jasno - męczy wzrok i odbija się od monitora. Brakuje też harmonii między stylami: jedno biurko w stylu industrial, drugi regał skandynawski, a na oknach zasłony z innej bajki. Efekt? Chaos, który zamiast pobudzać, rozprasza. Zapominamy też, że osłony okienne to nie tylko ochrona przed słońcem, ale też kluczowy element wystroju, który może dodać wnętrzu klasy i indywidualności.</p>[IMG2]<h2>Rolety pilsowane (plisy) i żaluzje drewniane - rozwiązanie od ROLBEST</h2><p>Co, jeśli powiem Ci, że komfort pracy i dobry styl można połączyć w jednym prostym kroku? Produkty ROLBEST to nie tylko praktyczne osłony okienne, ale też designerskie dodatki do Twojego home office. <strong>Rolety pilsowane</strong> (plisy) to prawdziwy kameleon wśród rolet - świetnie wyglądają na tle białych ścian, filtrują światło, pozwalają na precyzyjną regulację i pasują do każdego stylu. Możesz je ustawić na dowolnej wysokości, dzięki czemu światło wpada dokładnie tam, gdzie chcesz - bez efektu oślepienia monitora.</p><p><strong>Żaluzje drewniane</strong> z kolei to synonim przytulności i klasy. Drewno ociepla wnętrze, a naturalne lamele pozwalają na zabawę światłem i cieniem. Idealne, jeśli chcesz dodać biuru charakteru, jednocześnie zyskując kontrolę nad światłem. Oba rozwiązania to nie tylko kwestia funkcjonalności, ale i stylu - eklektyczne wnętrza kochają kontrasty, a połączenie nowoczesnych mebli z ponadczasowymi <strong>żaluzjami drewnianymi</strong> czy subtelnymi <strong>roletami pilsowanymi</strong> (plisy) daje efekt WOW. ROLBEST stawia na jakość i indywidualne podejście - produkty szyjemy na wymiar, więc idealnie dopasujesz je do swojego projektu.</p><h2>Jak budować eklektyczny home office? 3 praktyczne wskazówki</h2><h3>1. Łącz faktury i kolory</h3><p><strong>Nie bój się</strong> zestawiać drewna z metalem, aksamitu z lnem, bieli z czernią i akcentami w kolorze. Wybierz <strong>żaluzje drewniane</strong> do ocieplenia przestrzeni lub <strong>rolety pilsowane</strong> (plisy) jako nowoczesny akcent.</p><h3>2. Stwórz galerię inspiracji</h3><p><strong>Powieś na ścianie</strong> ulubione grafiki, plakaty lub zdjęcia. To szybki sposób na personalizację i podkreślenie eklektycznego stylu.</p><h3>3. Postaw na światło warstwowe</h3><p><strong>Połącz światło naturalne</strong> z lampą biurkową i kinkietami. <strong>Rolety pilsowane</strong> (plisy) pozwolą Ci kontrolować ilość światła w zależności od pory dnia.</p><h3>4. Wybieraj praktyczne dekoracje</h3><p><strong>Rośliny, geometryczne dywany</strong> czy designerskie organizery nie tylko zdobią, ale też pomagają utrzymać porządek i dobrą energię.</p><h3>5. Zadbaj o wygodę pracy</h3><p><strong>Ustaw biurko blisko okna</strong> i wykorzystaj <strong>rolety pilsowane</strong> (plisy) do regulacji światła - nie tylko ochronisz wzrok, ale też zadbasz o komfort cieplny.</p><h2>Bezpłatna wycena - Twój styl, Twój komfort!</h2><p>Chcesz, żeby Twoje home office było naprawdę Twoje? Zamów bezpłatną wycenę - tel: <a href=""tel:507704919"">507 704 919</a>. Zespół ROLBEST pomoże Ci dobrać idealne <strong>rolety pilsowane</strong> (plisy) lub <strong>żaluzje drewniane</strong> na wymiar. Wpuść do swojego biura światło, styl i energię - to prostsze niż myślisz!</p>[IMG3]<p>Umów bezpłatną wycenę: <a href=""tel:507704919"">507 704 919</a></p>","Eklektyczne home office 2025 - twórczy miks stylów, światła i funkcjonalności. Odpowiednia roleta pilsowana (plisa) lub żaluzje drewniane to prosty sposób, by nadać biuru indywidualny charakter i zapewnić komfort pracy każdego dnia. Nasze 20-letnie doświadczenie pokazuje, że liczy się każdy detal. Umów bezpłatną wycenę: 507 704 919. 🏠 💡 🌞","Poranna kawa, kreatywny chaos i światło, które wpada dokładnie tam, gdzie chcesz - to nowy wymiar pracy w eklektycznym home office. Personalizowane rolety plisowane i żaluzje drewniane od ROLBEST sprawiają, że styl i funkcjonalność wchodzą na wyższy poziom. Czy Twój gabinet odzwierciedla Twój charakter? Po więcej inspiracji zajrzyj na blog - link w bio! #rolety #żaluzje #wnętrza #dom #design #rolbest #inspiracje",https://drive.google.com/file/d/1ncGThlkKgOgtLs2zv_NkTW-pyFOy_uP0/view?usp=drivesdk,1ncGThlkKgOgtLs2zv_NkTW-pyFOy_uP0,Opublikowano,Do akceptacji,https://drive.google.com/file/d/1nEg3tszhONdJ-R7SvpcNwRt71Vz_0TMC/view?usp=drivesdk,1nEg3tszhONdJ-R7SvpcNwRt71Vz_0TMC,https://drive.google.com/file/d/1uz8vE7yUe9FduyReeqtgH-Vq1ZIqbiZx/view?usp=drivesdk,1uz8vE7yUe9FduyReeqtgH-Vq1ZIqbiZx
10-10-2025,Jesienne domowe spa - komfort i światło dzięki żaluzje drewniane i shuttersy ROLBEST,"<h1>Jesienne domowe spa - komfort i światło dzięki żaluzje drewniane i shuttersy ROLBEST</h1>

<strong>HOOK - Czy łazienka to Twoje miejsce na reset?</strong>
Wyobraź sobie wieczór, gdy za oknem plucha, a Ty zamykasz się w swojej łazience, otulony ciepłem i miękkim światłem. Ten moment tylko dla Ciebie, z kubkiem herbaty i ulubioną muzyką, to Twój domowy azyl. Ale czy na pewno Twoja łazienka sprzyja regeneracji? Czy światło i klimat wnętrza naprawdę pomagają się wyciszyć?

<strong>KONTEKST - Dlaczego warto zadbać o łazienkę jesienią?</strong>
Jesień to czas, gdy coraz chętniej zamykamy się w czterech ścianach, szukając ciepła i spokoju. Właśnie teraz łazienka może stać się domowym spa, miejscem codziennej regeneracji i oddechu od zgiełku. Coraz więcej osób inwestuje w komfortowe rozwiązania, które pozwalają zatrzymać przytulność na dłużej - zarówno poprzez wybór odpowiednich materiałów, jak i nowoczesnych osłon okiennych. Światło dzienne, kontrola prywatności i ciepła, funkcjonalność oraz design - te elementy zaczynają grać pierwsze skrzypce. Żaluzje drewniane i shuttersy ROLBEST to odpowiedź na rosnące oczekiwania dotyczące domowego wellbeing. W końcu łazienka nie musi być tylko praktyczna - może być Twoim codziennym luksusem.

<strong>PROBLEM - Typowe błędy w aranżacji okien w łazience</strong>
Wielu właścicieli domów i mieszkań popełnia ten sam błąd - traktuje okna w łazience po macoszemu. Często wybierane są przypadkowe rolety, które nie radzą sobie z wilgocią, lub zwykłe żaluzje, które ani nie chronią przed wzrokiem sąsiadów, ani nie pomagają utrzymać ciepła. Skutek? Wnętrze jest chłodne, nieprzytulne, a relaks w wannie traci sens, gdy czujesz się ""na widoku"" lub w półmroku. Popularne błędy to też wybór zbyt ciężkich, tekstylnych osłon, które szybko chłoną wilgoć, pleśnieją i trudno je utrzymać w czystości. Z drugiej strony, brak jakichkolwiek osłon to ryzyko utraty prywatności i komfortu termicznego. Odpowiednie rozwiązania muszą być nie tylko estetyczne, ale też praktyczne, odporne na wilgoć i łatwe w codziennej obsłudze. 

<strong>ROZWIĄZANIE ROLBEST - Żaluzje drewniane i shuttersy do łazienki</strong>
ROLBEST od 20 lat pomaga tworzyć przestrzenie, które są nie tylko piękne, ale i funkcjonalne. Jeśli marzysz o domowym spa na jesień, postaw na żaluzje drewniane ROLBEST - naturalny materiał i ciepły kolor drewna natychmiast nadają wnętrzu przytulności, a szerokie lamele pozwalają precyzyjnie regulować ilość światła. Dzięki temu możesz kąpać się w półmroku lub wpuścić do środka promienie jesiennego słońca - dokładnie tak, jak lubisz. Żaluzje drewniane są odporne na wilgoć, łatwe do czyszczenia i pasują zarówno do nowoczesnych, jak i klasycznych łazienek.

Drugą propozycją są shuttersy - okiennice wewnętrzne ROLBEST. To hit ostatnich sezonów, który daje maksimum prywatności i stylu. Shuttersy możesz otwierać i zamykać w dowolnych konfiguracjach, a ich konstrukcja doskonale chroni przed wzrokiem sąsiadów, jednocześnie wpuszczając do wnętrza naturalne światło. Są trwałe, nie odkształcają się pod wpływem wilgoci i podkreślają luksusowy charakter łazienki. Oba rozwiązania - żaluzje drewniane i shuttersy - to osłony okienne, które łączą design z praktycznością, budując atmosferę domowego spa na lata.

<strong>PORADNIK PRAKTYCZNY - Jak dobrać osłony okienne do łazienki?</strong>
1. <strong>Wybierz materiały odporne na wilgoć</strong> - Drewno stosowane w żaluzje drewniane ROLBEST jest zabezpieczone przed działaniem pary wodnej. Shuttersy wykonane są z trwałych komponentów, które nie odkształcą się nawet przy częstych kąpielach.
2. <strong>Zwróć uwagę na kolor i fakturę</strong> - Jasne żaluzje drewniane optycznie powiększą małą łazienkę, a ciepłe odcienie dodadzą przytulności. Shuttersy w białym lub pastelowym wydaniu podkreślą styl spa.
3. <strong>Postaw na regulację światła</strong> - Oba produkty pozwalają precyzyjnie sterować ilością światła wpadającego do wnętrza - to kluczowe dla komfortu podczas wieczornych kąpieli i porannej toalety.
4. <strong>Zadbaj o łatwość czyszczenia</strong> - Rolety i okiennice wewnętrzne ROLBEST są proste w konserwacji - wystarczy przetrzeć je wilgotną ściereczką.
5. <strong>Nie bój się połączeń</strong> - Możesz śmiało łączyć żaluzje drewniane z roletami rzymskimi lub postawić na duet shuttersy + moskitiery na wymiar, jeśli chcesz otwierać okno na oścież bez wpuszczania owadów.

<strong>CTA - Zmień swoją łazienkę w domowe spa</strong>
Myślisz o jesiennej metamorfozie łazienki? Sprawdź, jak żaluzje drewniane i shuttersy ROLBEST odmienią Twoją przestrzeń! Zadzwoń po bezpłatną wycenę: tel: 507 704 919 i stwórz łazienkę, do której będziesz wracać z przyjemnością każdego dnia!","<h2>Jesienne domowe spa</h2><p>Wyobraź sobie wieczór, gdy za oknem plucha, a Ty zamykasz się w swojej łazience, otulony ciepłem i miękkim światłem. Ten moment tylko dla Ciebie, z kubkiem herbaty i ulubioną muzyką, to Twój domowy azyl. Ale czy na pewno Twoja łazienka sprzyja regeneracji? Czy światło i klimat wnętrza naprawdę pomagają się wyciszyć?</p><h2>Dlaczego warto zadbać o łazienkę jesienią?</h2><p>Jesień to czas, gdy coraz chętniej zamykamy się w czterech ścianach, szukając ciepła i spokoju. Właśnie teraz łazienka może stać się domowym spa, miejscem codziennej regeneracji i oddechu od zgiełku. Coraz więcej osób inwestuje w komfortowe rozwiązania, które pozwalają zatrzymać przytulność na dłużej - zarówno poprzez wybór odpowiednich materiałów, jak i nowoczesnych <strong>osłon okiennych</strong>. Światło dzienne, kontrola prywatności i ciepła, funkcjonalność oraz design - te elementy zaczynają grać pierwsze skrzypce. <strong>Żaluzje drewniane</strong> i <strong>shuttersy</strong> ROLBEST to odpowiedź na rosnące oczekiwania dotyczące domowego wellbeing. W końcu łazienka nie musi być tylko praktyczna - może być Twoim codziennym luksusem.</p><h2>Typowe błędy w aranżacji okien w łazience</h2><p>Wielu właścicieli domów i mieszkań popełnia ten sam błąd - traktuje okna w łazience po macoszemu. Często wybierane są przypadkowe <strong>rolety</strong>, które nie radzą sobie z wilgocią, lub zwykłe <strong>żaluzje</strong>, które ani nie chronią przed wzrokiem sąsiadów, ani nie pomagają utrzymać ciepła. Skutek? Wnętrze jest chłodne, nieprzytulne, a relaks w wannie traci sens, gdy czujesz się ""na widoku"" lub w półmroku. Popularne błędy to też wybór zbyt ciężkich, tekstylnych osłon, które szybko chłoną wilgoć, pleśnieją i trudno je utrzymać w czystości. Z drugiej strony, brak jakichkolwiek osłon to ryzyko utraty prywatności i komfortu termicznego. Odpowiednie rozwiązania muszą być nie tylko estetyczne, ale też praktyczne, odporne na wilgoć i łatwe w codziennej obsłudze.</p>[IMG2]<h2>Rozwiązanie ROLBEST</h2><p><strong>ROLBEST</strong> od 20 lat pomaga tworzyć przestrzenie, które są nie tylko piękne, ale i funkcjonalne. Jeśli marzysz o domowym spa na jesień, postaw na <strong>żaluzje drewniane</strong> ROLBEST - naturalny materiał i ciepły kolor drewna natychmiast nadają wnętrzu przytulności, a szerokie lamele pozwalają precyzyjnie regulować ilość światła. Dzięki temu możesz kąpać się w półmroku lub wpuścić do środka promienie jesiennego słońca - dokładnie tak, jak lubisz. <strong>Żaluzje drewniane</strong> są odporne na wilgoć, łatwe do czyszczenia i pasują zarówno do nowoczesnych, jak i klasycznych łazienek.</p><p>Drugą propozycją są <strong>shuttersy</strong> - <strong>okiennice wewnętrzne</strong> ROLBEST. To hit ostatnich sezonów, który daje maksimum prywatności i stylu. <strong>Shuttersy</strong> możesz otwierać i zamykać w dowolnych konfiguracjach, a ich konstrukcja doskonale chroni przed wzrokiem sąsiadów, jednocześnie wpuszczając do wnętrza naturalne światło. Są trwałe, nie odkształcają się pod wpływem wilgoci i podkreślają luksusowy charakter łazienki. Oba rozwiązania - <strong>żaluzje drewniane</strong> i <strong>shuttersy</strong> - to <strong>osłony okienne</strong>, które łączą design z praktycznością, budując atmosferę domowego spa na lata.</p><h2>Jak dobrać osłony okienne do łazienki?</h2><h3>Wybierz materiały odporne na wilgoć</h3><p><strong>Drewno</strong> stosowane w <strong>żaluzje drewniane</strong> ROLBEST jest zabezpieczone przed działaniem pary wodnej. <strong>Shuttersy</strong> wykonane są z trwałych komponentów, które nie odkształcą się nawet przy częstych kąpielach.</p><h3>Zwróć uwagę na kolor i fakturę</h3><p>Jasne <strong>żaluzje drewniane</strong> optycznie powiększą małą łazienkę, a ciepłe odcienie dodadzą przytulności. <strong>Shuttersy</strong> w białym lub pastelowym wydaniu podkreślą styl spa.</p><h3>Postaw na regulację światła</h3><p>Oba produkty pozwalają precyzyjnie sterować ilością światła wpadającego do wnętrza - to kluczowe dla komfortu podczas wieczornych kąpieli i porannej toalety.</p><h3>Zadbaj o łatwość czyszczenia</h3><p><strong>Rolety</strong> i <strong>okiennice wewnętrzne</strong> ROLBEST są proste w konserwacji - wystarczy przetrzeć je wilgotną ściereczką.</p><h3>Nie bój się połączeń</h3><p>Możesz śmiało łączyć <strong>żaluzje drewniane</strong> z <strong>roletami rzymskimi</strong> lub postawić na duet <strong>shuttersy</strong> + <strong>moskitiery</strong> na wymiar, jeśli chcesz otwierać okno na oścież bez wpuszczania owadów.</p>[IMG3]<p>Umów bezpłatną wycenę: <a href=""tel:507704919"">507 704 919</a></p>","Jesienne domowe spa - komfort i światło dzięki żaluzjom drewnianym i shuttersom ROLBEST. Prosty sposób, by Twoja łazienka stała się miejscem relaksu - naturalne materiały, regulacja światła oraz pełna prywatność. Nasze 20-letnie doświadczenie pokazuje, że te rozwiązania kreują prawdziwy klimat domowego spa. Umów bezpłatną wycenę: 507 704 919 🏠 ✨ 📞","Jesienny wieczór, ciepło kąpieli i światło, które łagodnie otula Twoje domowe spa - to więcej niż codzienność, to chwila prawdziwego odprężenia. Idealnie dobrane żaluzje drewniane lub shuttersy ROLBEST sprawiają, że relaks staje się jeszcze bardziej intymny i luksusowy. Jak wyglądałby Twój azyl, gdybyś zapanował nad światłem? Po więcej inspiracji zajrzyj na bloga - link w bio. #żaluzje #shutters #dom #wnętrza #rolbest #inspiracje #design",https://drive.google.com/file/d/13qrAQi7mOQwVDfPBawaNrLMsEgctQ4Yl/view?usp=drivesdk,13qrAQi7mOQwVDfPBawaNrLMsEgctQ4Yl,Opublikowano,Do akceptacji,https://drive.google.com/file/d/1kzdPUHjpbNfLtv2UVVwjjdyS3NupleCR/view?usp=drivesdk,1kzdPUHjpbNfLtv2UVVwjjdyS3NupleCR,https://drive.google.com/file/d/17uf5k1vGeRA4J2tE-0bBU1uU5FVimb_1/view?usp=drivesdk,17uf5k1vGeRA4J2tE-0bBU1uU5FVimb_1
11-10-2025,"Jesienny taras z żaluzjami fasadowymi i żaluzjami drewnianymi ROLBEST - minimalizm, światło, drewno","<h1>Jesienny taras z żaluzjami fasadowymi i żaluzjami drewnianymi ROLBEST - minimalizm, światło, drewno</h1>

<strong>HOOK - Nowoczesny taras, Twoje miejsce na jesień</strong>

Wyobraź sobie chłodny, ale słoneczny jesienny poranek. Wchodzisz na taras, otulasz się miękkim pledem i rozkoszujesz się ciepłym światłem. Jednak coś nie gra - za dużo światła razi w oczy? Brakuje Ci prywatności albo ciepłej, przytulnej atmosfery? Te drobiazgi potrafią zepsuć nawet najlepszy tarasowy klimat. Ale spokojnie, mam na to sposób!

<strong>KONTEKST - Minimalizm i drewno w trendach tarasowych</strong>

Jesień to idealny moment, by spojrzeć świeżym okiem na swój taras. Coraz więcej osób inwestuje w całoroczne, nowoczesne przestrzenie outdoorowe - takie, które zachwycają prostą formą, naturalnymi materiałami i przemyślanym światłem. W 2025 króluje minimalizm, antracytowe dodatki, biel oraz drewno. Taras nie musi być tylko letnią strefą grillowania - staje się przedłużeniem salonu, miejscem relaksu, a nawet pracy. To właśnie światło i odpowiednio dobrane osłony okienne decydują o tym, czy Twój taras będzie naprawdę funkcjonalny i przytulny nawet w chłodniejsze dni. Nowoczesne żaluzje fasadowe i żaluzje drewniane ROLBEST to rozwiązania, które łączą architekturę z lifestyle'em.

<strong>PROBLEM - Błędy w aranżacji jesiennego tarasu</strong>

Wielu właścicieli domów, nawet tych z designerskimi tarasami, popełnia kilka typowych błędów. Po pierwsze - zbyt szczelne zamknięcie przestrzeni. Zasłonięcie tarasu ciężkimi roletami blokuje naturalne światło, przez co traci on swój klimat. Drugi błąd to brak możliwości regulacji światła - klasyczne rolety czy zasłony nie pozwalają precyzyjnie sterować ilością promieni wpadających na taras. Taki efekt daje tylko nowoczesna technologia żaluzji fasadowych lub subtelność żaluzji drewnianych. Kolejne wyzwanie to brak spójności stylistycznej - przypadkowe kolory i materiały rozbijają harmonię. W efekcie taras staje się chłodny, nieprzyjazny i nie zachęca do korzystania z niego poza sezonem letnim. Warto też pamiętać o ochronie prywatności i odpowiednim zabezpieczeniu mebli przed warunkami atmosferycznymi - osłony okienne są tu kluczowe.

<strong>ROZWIĄZANIE ROLBEST - Żaluzje fasadowe i żaluzje drewniane na tarasie</strong>

W ROLBEST od 20 lat pomagamy właścicielom domów i architektom tworzyć tarasy, które zachwycają nie tylko latem, ale i jesienią. Jak to robimy? Stawiamy na sprawdzone produkty, które łączą design z funkcjonalnością. <strong>Żaluzje fasadowe ROLBEST</strong> to must-have każdego nowoczesnego tarasu - pozwalają regulować ilość światła i cienia dosłownie jednym ruchem. Dzięki nim możesz zyskać intymność bez zamykania się na naturę, a minimalistyczny design żaluzji fasadowych idealnie wpisuje się w trendy antracytu i szkła. Jeśli zależy Ci na cieplejszym, naturalnym klimacie - wybierz <strong>żaluzje drewniane ROLBEST</strong>. Drewno ociepla przestrzeń i sprawia, że nawet w pochmurny dzień taras prezentuje się przytulnie. Oba rozwiązania są trwałe, odporne na warunki atmosferyczne i dopasujesz je na wymiar. Dodatkowo, nasze żaluzje łatwo skomponujesz z innymi osłonami - np. rolety rzymskie do wnętrza lub markizy tarasowe na zadaszeniu. Dzięki ROLBEST Twój taras zyskuje nie tylko styl, ale i funkcjonalność na całą jesień.

<strong>PORADNIK PRAKTYCZNY - Jak urządzić jesienny taras z ROLBEST</strong>

<strong>H3 - Żaluzje fasadowe: Reguluj światło jak chcesz</strong>

Zaplanuj montaż żaluzji fasadowych ROLBEST od strony największego nasłonecznienia. Możesz płynnie regulować ilość promieni słonecznych, unikając efektu „szklarni” i chroniąc meble przed blaknięciem.

<strong>H3 - Żaluzje drewniane: Ciepło i przytulność</strong>

Postaw na żaluzje drewniane ROLBEST, jeśli lubisz naturalne materiały i chcesz ocieplić aranżację. Wybierz modele w odcieniu dopasowanym do podłogi tarasu - drewno doskonale komponuje się z bielą i zielenią roślin.

<strong>H3 - Osłony okienne i dodatki: Spójność stylu</strong>

Połącz żaluzje fasadowe lub żaluzje drewniane z lekkimi pledami, dużymi donicami i nastrojowym oświetleniem LED. Nie zapomnij też o moskitierach na wymiar - jesień to ostatni moment na ochronę przed owadami!

<strong>H3 - Markizy tarasowe: Ochrona przed deszczem</strong>

Dodaj markizy tarasowe ROLBEST, by korzystać z tarasu nawet podczas przelotnego deszczu. Automatyczna obsługa sprawia, że w każdej chwili rozwiniesz lub schowasz markizę.

<strong>H3 - Rolety rzymskie i rolety pilsowane (plisy): Przedłuż sezon</strong>

Zamontuj rolety rzymskie albo rolety pilsowane (plisy) na przeszkleniach wychodzących na taras - poprawią izolację i sprawią, że wieczory będą jeszcze bardziej klimatyczne.

<strong>CTA - Stwórz taras marzeń z ROLBEST!</strong>

Nie czekaj, aż pogoda zmieni Twoje plany! Postaw na sprawdzone rozwiązania ROLBEST - żaluzje fasadowe, żaluzje drewniane, markizy tarasowe i inne osłony okienne na wymiar. Zadzwoń po bezpłatną wycenę: 507 704 919 i przekonaj się, jak łatwo można stworzyć jesienny taras, w którym naprawdę chce się być!","<h2>Nowoczesny taras na jesień</h2><p>Wyobraź sobie chłodny, ale słoneczny jesienny poranek. Wchodzisz na taras, otulasz się miękkim pledem i rozkoszujesz się ciepłym światłem. Jednak coś nie gra - za dużo światła razi w oczy? Brakuje Ci prywatności albo ciepłej, przytulnej atmosfery? Te drobiazgi potrafią zepsuć nawet najlepszy tarasowy klimat. Ale spokojnie, mam na to sposób!</p><h2>Minimalizm i drewno w trendach tarasowych</h2><p>Jesień to idealny moment, by spojrzeć świeżym okiem na swój taras. Coraz więcej osób inwestuje w całoroczne, nowoczesne przestrzenie outdoorowe - takie, które zachwycają prostą formą, naturalnymi materiałami i przemyślanym światłem. W 2025 króluje minimalizm, antracytowe dodatki, biel oraz drewno. Taras nie musi być tylko letnią strefą grillowania - staje się przedłużeniem salonu, miejscem relaksu, a nawet pracy. To właśnie światło i odpowiednio dobrane <strong>osłony okienne</strong> decydują o tym, czy Twój taras będzie naprawdę funkcjonalny i przytulny nawet w chłodniejsze dni. Nowoczesne <strong>żaluzje fasadowe</strong> i <strong>żaluzje drewniane</strong> ROLBEST to rozwiązania, które łączą architekturę z lifestyle'em.</p><h2>Błędy w aranżacji jesiennego tarasu</h2><p>Wielu właścicieli domów, nawet tych z designerskimi tarasami, popełnia kilka typowych błędów. Po pierwsze - zbyt szczelne zamknięcie przestrzeni. Zasłonięcie tarasu ciężkimi <strong>roletami</strong> blokuje naturalne światło, przez co traci on swój klimat. Drugi błąd to brak możliwości regulacji światła - klasyczne <strong>rolety</strong> czy zasłony nie pozwalają precyzyjnie sterować ilością promieni wpadających na taras. Taki efekt daje tylko nowoczesna technologia <strong>żaluzji fasadowych</strong> lub subtelność <strong>żaluzji drewnianych</strong>. Kolejne wyzwanie to brak spójności stylistycznej - przypadkowe kolory i materiały rozbijają harmonię. W efekcie taras staje się chłodny, nieprzyjazny i nie zachęca do korzystania z niego poza sezonem letnim. Warto też pamiętać o ochronie prywatności i odpowiednim zabezpieczeniu mebli przed warunkami atmosferycznymi - <strong>osłony okienne</strong> są tu kluczowe.</p>[IMG2]<h2>Rozwiązanie ROLBEST</h2><p>W ROLBEST od 20 lat pomagamy właścicielom domów i architektom tworzyć tarasy, które zachwycają nie tylko latem, ale i jesienią. Jak to robimy? Stawiamy na sprawdzone produkty, które łączą design z funkcjonalnością. <strong>Żaluzje fasadowe ROLBEST</strong> to must-have każdego nowoczesnego tarasu - pozwalają regulować ilość światła i cienia dosłownie jednym ruchem. Dzięki nim możesz zyskać intymność bez zamykania się na naturę, a minimalistyczny design <strong>żaluzji fasadowych</strong> idealnie wpisuje się w trendy antracytu i szkła. Jeśli zależy Ci na cieplejszym, naturalnym klimacie - wybierz <strong>żaluzje drewniane ROLBEST</strong>. Drewno ociepla przestrzeń i sprawia, że nawet w pochmurny dzień taras prezentuje się przytulnie. Oba rozwiązania są trwałe, odporne na warunki atmosferyczne i dopasujesz je na wymiar. Dodatkowo, nasze <strong>żaluzje</strong> łatwo skomponujesz z innymi <strong>osłonami okiennymi</strong> - np. <strong>roletami rzymskimi</strong> do wnętrza lub <strong>markizami</strong> tarasowymi na zadaszeniu. Dzięki ROLBEST Twój taras zyskuje nie tylko styl, ale i funkcjonalność na całą jesień.</p><h2>Poradnik praktyczny</h2><h3>Żaluzje fasadowe: Reguluj światło</h3><p>Zaplanuj montaż <strong>żaluzji fasadowych</strong> ROLBEST od strony największego nasłonecznienia. Możesz płynnie regulować ilość promieni słonecznych, unikając efektu „szklarni” i chroniąc meble przed blaknięciem.</p><h3>Żaluzje drewniane: Ciepło i przytulność</h3><p>Postaw na <strong>żaluzje drewniane</strong> ROLBEST, jeśli lubisz naturalne materiały i chcesz ocieplić aranżację. Wybierz modele w odcieniu dopasowanym do podłogi tarasu - drewno doskonale komponuje się z bielą i zielenią roślin.</p><h3>Osłony okienne i dodatki: Spójność stylu</h3><p>Połącz <strong>żaluzje fasadowe</strong> lub <strong>żaluzje drewniane</strong> z lekkimi pledami, dużymi donicami i nastrojowym oświetleniem LED. Nie zapomnij też o <strong>moskitierach</strong> na wymiar - jesień to ostatni moment na ochronę przed owadami!</p><h3>Markizy tarasowe: Ochrona przed deszczem</h3><p>Dodaj <strong>markizy</strong> tarasowe ROLBEST, by korzystać z tarasu nawet podczas przelotnego deszczu. Automatyczna obsługa sprawia, że w każdej chwili rozwiniesz lub schowasz markizę.</p><h3>Rolety rzymskie i rolety pilsowane: Przedłuż sezon</h3><p>Zamontuj <strong>rolety rzymskie</strong> albo <strong>rolety pilsowane</strong> (plisy) na przeszkleniach wychodzących na taras - poprawią izolację i sprawią, że wieczory będą jeszcze bardziej klimatyczne.</p>[IMG3]<p>Umów bezpłatną wycenę: <a href=""tel:507704919"">507 704 919</a></p>","Jesienny taras z żaluzjami fasadowymi i żaluzjami drewnianymi ROLBEST - minimalizm, światło, drewno: Marzysz o przytulnym tarasie nawet jesienią? Dzięki żaluzjom ROLBEST stworzysz funkcjonalną, stylową przestrzeń pełną światła i prywatności. Nasze 20-letnie doświadczenie pokazuje, jak ważne są odpowiednie osłony okienne. Umów bezpłatną wycenę: 507 704 919 🏠🌞📞","Jesienne poranki na tarasie otulonym miękkim pledem, gdy światło przenika przez stylowe żaluzje... Minimalizm i ciepło drewna wprowadzają harmonię i pozwalają delektować się chwilą o każdej porze roku. Jak Twoja przestrzeń outdoorowa wpływa na Twój nastrój? Odkryj więcej pomysłów - link w bio! #rolbest #żaluzje #markizy #dom #design #wnętrza #inspiracje",https://drive.google.com/file/d/11osxmx83zFIyKlB8GWpfrzscBEgVftPL/view?usp=drivesdk,11osxmx83zFIyKlB8GWpfrzscBEgVftPL,Opublikowano,Do akceptacji,https://drive.google.com/file/d/1v1xBwbXOPGBuNIXC0Wl0-eUrKdisjaDl/view?usp=drivesdk,1v1xBwbXOPGBuNIXC0Wl0-eUrKdisjaDl,https://drive.google.com/file/d/1xcm9pW8VSI5EafTyL6Zh0uSlvu-Ym6ht/view?usp=drivesdk,1xcm9pW8VSI5EafTyL6Zh0uSlvu-Ym6ht
12-10-2025,Gabinet vintage - styl i skupienie dzięki shuttersy i żaluzje drewniane ROLBEST,"<h1>Gabinet vintage - styl i skupienie dzięki shuttersy i żaluzje drewniane ROLBEST</h1>

<strong>HOOK - Jesienne wyzwanie dla domowego gabinetu</strong>

Znasz to uczucie, kiedy jesienne popołudnia zamieniają Twój dom w prawdziwą oazę spokoju? Chciałbyś, żeby Twój gabinet nie tylko pięknie wyglądał, ale też sprzyjał skupieniu i kreatywności? Dobrze dobrane światło, kolory i osłony okienne mogą tu zdziałać cuda - szczególnie, jeśli lubisz styl vintage i retro. Zobacz, jak łatwo możesz odmienić swoją przestrzeń do pracy, korzystając z siły jesieni i… kilku klasycznych trików.

<strong>KONTEKST - Retro wraca do łask, a światło gra główną rolę</strong>

W 2025 roku wnętrza w klimacie vintage i retro podbijają serca właścicieli domów. Coraz więcej osób wybiera ciemne, głębokie barwy - burgund, granat, stare złoto - i naturalne materiały, które nadają pomieszczeniom wyjątkowy charakter. Jesień to idealny czas, by urządzić domowy gabinet lub bibliotekę, bo gra światła i cieni tworzy tu magiczną atmosferę. Ale uwaga - nieodpowiednie osłony okienne mogą zniszczyć cały efekt! Shuttersy i żaluzje drewniane pozwalają wyczarować klimat starej, angielskiej biblioteki, a jednocześnie zapewniają komfort pracy. To też najlepszy sposób, by strefa skupienia i relaksu była wyraźnie oddzielona od reszty domu.

<strong>PROBLEM - Typowe błędy w oknach gabinetu</strong>

Wielu właścicieli domów urządza domowe biuro na szybko - stawia biurko pod oknem i… na tym koniec. Efekt? Zbyt ostre światło, rozpraszające refleksy na monitorze albo przeciwnie: ponura, przytłaczająca aura. Rolety z marketu często nie pasują do stylu vintage i po prostu psują efekt. Inny błąd to zostawianie gołych okien - w teorii daje to więcej światła, w praktyce odbiera prywatność i sprawia, że trudno skupić się na pracy. Zbyt nowoczesne żaluzje aluminiowe lub tanie rolety również potrafią zburzyć klimat retro, na który tak bardzo liczysz. I jeszcze jedno: zapominasz o tym, że światło w gabinecie powinno być regulowane - nie zawsze chcesz mieć „pełne słońce” na ekranie laptopa czy w czasie wideokonferencji. Wniosek? Bez dobrze dobranych osłon okiennych nie ma mowy o stylowej i funkcjonalnej przestrzeni do pracy.

<strong>ROZWIĄZANIE ROLBEST - Shuttersy i żaluzje drewniane na pierwszym planie</strong>

ROLBEST od 20 lat pomaga właścicielom domów urządzać gabinety, które są nie tylko piękne, ale i praktyczne. Jeśli myślisz o stylu retro, postaw na shuttersy (okiennice wewnętrzne) lub żaluzje drewniane. Shuttersy ROLBEST to absolutna klasyka - dodają wnętrzu wyrafinowanej elegancji, pozwalają precyzyjnie sterować światłem i zapewniają 100% prywatności. Możesz regulować ilość wpadającego światła w zależności od pory dnia i nastroju - od nastrojowego półmroku po jasny, pobudzający blask. Żaluzje drewniane ROLBEST, wykonane z naturalnych materiałów, idealnie wpisują się w klimat gabinetu vintage. Ich ciepły odcień i naturalna faktura podkreślają urok ciemnych mebli, aksamitnych foteli i regałów z książkami. Oba rozwiązania są trwałe, łatwe w utrzymaniu i dostępne w wielu wariantach kolorystycznych - od ciemnego mahoniu po głęboki orzech. Niezależnie, czy wybierzesz shuttersy, czy żaluzje drewniane, możesz być pewien, że Twój gabinet zyska niepowtarzalny klimat i stanie się Twoją ulubioną strefą skupienia.

<strong>PORADNIK PRAKTYCZNY - 5 trików na stylowy gabinet z osłonami ROLBEST</strong>

<strong>1. Wybierz odpowiednią barwę drewna:</strong> Ciemny mahoń, orzech lub głęboki dąb - to kolory, które najlepiej podkreślają klimat vintage. Idealnie komponują się z burgundem, granatem i złotymi dodatkami.

<strong>2. Zainwestuj w shuttersy lub żaluzje drewniane:</strong> Shuttersy ROLBEST nadają się zwłaszcza do dużych okien. Żaluzje drewniane to z kolei świetny wybór do mniejszych przestrzeni lub jeśli wolisz subtelniejsze rozwiązania.

<strong>3. Dbaj o światło dzienne:</strong> Ustaw biurko bokiem do okna, a nie bezpośrednio pod nim. Dzięki temu światło rozłoży się równomiernie i nie będzie razić Cię w ekran komputera.

<strong>4. Wydziel strefę relaksu:</strong> Wstaw obok regału wygodny fotel i lampę stojącą. Dzięki regulacji światła shuttersami lub żaluzjami stworzysz idealny kącik do czytania.

<strong>5. Dodaj vintage’owe akcenty:</strong> Aksamitny fotel, mosiężna lampka, kilka starych książek i klasyczny zegar na ścianie. Całość dopełnią osłony okienne, które grają rolę tła dla Twojej stylowej aranżacji.

<strong>CTA - Bezpłatna wycena i doradztwo</strong>

Chcesz zobaczyć, jak shuttersy lub żaluzje drewniane ROLBEST mogą odmienić Twój gabinet? Zadzwoń po bezpłatną wycenę i doradztwo: 507 704 919. Poczuj klimat vintage na własnych warunkach - Twój gabinet może być nie tylko piękny, ale i naprawdę funkcjonalny!","<h2>Jesienne wyzwanie dla gabinetu</h2><p>Znasz to uczucie, kiedy jesienne popołudnia zamieniają Twój dom w prawdziwą oazę spokoju? Chciałbyś, żeby Twój gabinet nie tylko pięknie wyglądał, ale też sprzyjał skupieniu i kreatywności? Dobrze dobrane światło, kolory i <strong>osłony okienne</strong> mogą tu zdziałać cuda - szczególnie, jeśli lubisz styl vintage i retro. Zobacz, jak łatwo możesz odmienić swoją przestrzeń do pracy, korzystając z siły jesieni i… kilku klasycznych trików.</p><h2>Retro wraca do łask</h2><p>W 2025 roku wnętrza w klimacie vintage i retro podbijają serca właścicieli domów. Coraz więcej osób wybiera ciemne, głębokie barwy - burgund, granat, stare złoto - i naturalne materiały, które nadają pomieszczeniom wyjątkowy charakter. Jesień to idealny czas, by urządzić domowy gabinet lub bibliotekę, bo gra światła i cieni tworzy tu magiczną atmosferę. Ale uwaga - nieodpowiednie <strong>osłony okienne</strong> mogą zniszczyć cały efekt! <strong>Shuttersy</strong> i <strong>żaluzje drewniane</strong> pozwalają wyczarować klimat starej, angielskiej biblioteki, a jednocześnie zapewniają komfort pracy. To też najlepszy sposób, by strefa skupienia i relaksu była wyraźnie oddzielona od reszty domu.</p><h2>Typowe błędy w oknach gabinetu</h2><p>Wielu właścicieli domów urządza domowe biuro na szybko - stawia biurko pod oknem i… na tym koniec. Efekt? Zbyt ostre światło, rozpraszające refleksy na monitorze albo przeciwnie: ponura, przytłaczająca aura. <strong>Rolety</strong> z marketu często nie pasują do stylu vintage i po prostu psują efekt. Inny błąd to zostawianie gołych okien - w teorii daje to więcej światła, w praktyce odbiera prywatność i sprawia, że trudno skupić się na pracy. Zbyt nowoczesne <strong>żaluzje</strong> aluminiowe lub tanie <strong>rolety</strong> również potrafią zburzyć klimat retro, na który tak bardzo liczysz. I jeszcze jedno: zapominasz o tym, że światło w gabinecie powinno być regulowane - nie zawsze chcesz mieć „pełne słońce” na ekranie laptopa czy w czasie wideokonferencji. Wniosek? Bez dobrze dobranych <strong>osłon okiennych</strong> nie ma mowy o stylowej i funkcjonalnej przestrzeni do pracy.</p>[IMG2]<h2>Rozwiązanie ROLBEST</h2><p><strong>ROLBEST</strong> od 20 lat pomaga właścicielom domów urządzać gabinety, które są nie tylko piękne, ale i praktyczne. Jeśli myślisz o stylu retro, postaw na <strong>shuttersy</strong> (okiennice wewnętrzne) lub <strong>żaluzje drewniane</strong>. <strong>Shuttersy</strong> ROLBEST to absolutna klasyka - dodają wnętrzu wyrafinowanej elegancji, pozwalają precyzyjnie sterować światłem i zapewniają 100% prywatności. Możesz regulować ilość wpadającego światła w zależności od pory dnia i nastroju - od nastrojowego półmroku po jasny, pobudzający blask. <strong>Żaluzje drewniane</strong> ROLBEST, wykonane z naturalnych materiałów, idealnie wpisują się w klimat gabinetu vintage. Ich ciepły odcień i naturalna faktura podkreślają urok ciemnych mebli, aksamitnych foteli i regałów z książkami. Oba rozwiązania są trwałe, łatwe w utrzymaniu i dostępne w wielu wariantach kolorystycznych - od ciemnego mahoniu po głęboki orzech. Niezależnie, czy wybierzesz <strong>shuttersy</strong>, czy <strong>żaluzje drewniane</strong>, możesz być pewien, że Twój gabinet zyska niepowtarzalny klimat i stanie się Twoją ulubioną strefą skupienia.</p><h2>Poradnik praktyczny</h2><h3>1. Wybierz odpowiednią barwę drewna</h3><p><strong>Ciemny mahoń</strong>, orzech lub głęboki dąb - to kolory, które najlepiej podkreślają klimat vintage. Idealnie komponują się z burgundem, granatem i złotymi dodatkami.</p><h3>2. Zainwestuj w shuttersy lub żaluzje drewniane</h3><p><strong>Shuttersy</strong> ROLBEST nadają się zwłaszcza do dużych okien. <strong>Żaluzje drewniane</strong> to z kolei świetny wybór do mniejszych przestrzeni lub jeśli wolisz subtelniejsze rozwiązania.</p><h3>3. Dbaj o światło dzienne</h3><p>Ustaw biurko bokiem do okna, a nie bezpośrednio pod nim. Dzięki temu światło rozłoży się równomiernie i nie będzie razić Cię w ekran komputera.</p><h3>4. Wydziel strefę relaksu</h3><p>Wstaw obok regału wygodny fotel i lampę stojącą. Dzięki regulacji światła <strong>shuttersami</strong> lub <strong>żaluzjami</strong> stworzysz idealny kącik do czytania.</p><h3>5. Dodaj vintage’owe akcenty</h3><p>Aksamitny fotel, mosiężna lampka, kilka starych książek i klasyczny zegar na ścianie. Całość dopełnią <strong>osłony okienne</strong>, które grają rolę tła dla Twojej stylowej aranżacji.</p>[IMG3]<p>Umów bezpłatną wycenę: <a href=""tel:507704919"">507 704 919</a></p>","Gabinet vintage w stylu retro - jak jesienne światło i kolory budują nastrój skupienia? Dzięki shuttersom i żaluzjom drewnianym ROLBEST łatwo wykreujesz przytulną, funkcjonalną przestrzeń do pracy i relaksu. Nasze 20-letnie doświadczenie pokazuje, że detale naprawdę mają znaczenie. Umów bezpłatną wycenę: 507 704 919. 🏠 ✨ 📞",Jesienne popołudnie w domowym gabinecie zamienia się w chwilę pełną skupienia i ciepła. To właśnie dzięki idealnej grze światła i głębokim kolorom vintage łatwiej znaleźć spokój i wenę. Czy Twoja strefa pracy sprzyja kreatywności? Więcej inspiracji na blogu - link w bio! #rolbest #shutters #żaluzje #wnętrza #inspiracje #dom #design,https://drive.google.com/file/d/1XP0abKSKugk7Ist7QqAApy2YI-rL78H8/view?usp=drivesdk,1XP0abKSKugk7Ist7QqAApy2YI-rL78H8,Opublikowano,Do akceptacji,https://drive.google.com/file/d/1XlLrIdEWdYlDNpF7cuxS_9cQcYB45bJY/view?usp=drivesdk,1XlLrIdEWdYlDNpF7cuxS_9cQcYB45bJY,https://drive.google.com/file/d/1qYY7DoBVrBc0XCrsavFhrabbQD8QDcmJ/view?usp=drivesdk,1qYY7DoBVrBc0XCrsavFhrabbQD8QDcmJ
13-10-2025,Salon skandynawski 2025 - ciepło i rodzinna atmosfera dzięki żaluzje fasadowe oraz żaluzje drewniane ROLBEST,"<h1>Salon skandynawski 2025 - ciepło i rodzinna atmosfera dzięki żaluzje fasadowe oraz żaluzje drewniane ROLBEST</h1>

<strong>HOOK</strong>

Wyobraź sobie jesienny wieczór: za oknem szaro, deszcz stuka w szybę, a Ty z rodziną siedzisz w przytulnym salonie. Ciepłe światło, miękkie tekstylia, kubek kakao pod ręką. W tle - okna, przez które wpada dokładnie tyle światła, ile chcesz. Marzysz o wnętrzu, które sprzyja odpoczynkowi i wspólnym chwilom? Oto jak stworzyć taki klimat w swoim salonie w stylu skandynawskim na sezon 2025.

<strong>KONTEKST - Trendy i potrzeby na jesień 2025</strong>

Jesień 2025 to czas powrotu do domowego ciepła i rodzinnych rytuałów. Nowoczesne wnętrza coraz częściej łączą funkcjonalność z przytulnością. Skandynawski styl - pełen jasnego drewna, bieli, beżu i naturalnych tkanin - znowu króluje w polskich domach. To właśnie w salonie cała rodzina zbiera się po dniu pełnym wyzwań, a odpowiednio dobrane osłony okienne odgrywają tu kluczową rolę. Żaluzje fasadowe oraz żaluzje drewniane ROLBEST nie tylko podkreślają charakter aranżacji, ale też pozwalają kontrolować światło, dbać o prywatność i chronić przed jesiennym chłodem. W 2025 roku projektanci stawiają na rozwiązania, które są zarówno piękne, jak i praktyczne - dokładnie tak, jak produkty ROLBEST.

<strong>PROBLEM - Typowe błędy w aranżacji salonu i okien</strong>

Wiele osób urządzając salon w stylu skandynawskim, skupia się głównie na meblach i dodatkach, zapominając o tym, jak ważne są osłony okienne. Często wybierane są przypadkowe rolety lub zasłony, które nijak mają się do reszty aranżacji. Efekt? Zbyt ciemno w pochmurne dni, zbyt jasno - gdy trzeba wyciszyć przestrzeń. Brakuje kontroli nad światłem, a przez duże okna ucieka ciepło - co jesienią mocno czuć w rachunkach za ogrzewanie. Do tego nieprzemyślane żaluzje czy rolety mogą „zagracić” przestrzeń albo wręcz przeciwnie - sprawić, że salon traci na przytulności i rodzinny klimat gdzieś się rozmywa. Jeszcze jednym częstym błędem jest wybór produktów niskiej jakości, które szybko się psują lub źle znoszą codzienne użytkowanie.

<strong>ROZWIĄZANIE ROLBEST - Żaluzje fasadowe i żaluzje drewniane do salonu</strong>

W ROLBEST dobrze wiemy, jak ważny jest klimat domowego salonu i jak ogromną rolę odgrywają w nim właściwe osłony okienne. Dlatego na jesień 2025 polecamy żaluzje fasadowe oraz żaluzje drewniane ROLBEST - rozwiązania, które są nie tylko modne, ale i praktyczne.

Żaluzje fasadowe to hit ostatnich lat. Montowane na zewnątrz, świetnie chronią przed utratą ciepła i pozwalają precyzyjnie dozować ilość światła, jakie wpada do wnętrza. Twoja rodzina może cieszyć się jasnym salonem w dzień i pełną prywatnością wieczorem. Do tego minimalistyczny design żaluzji fasadowych idealnie wpisuje się w skandynawską stylistykę - podkreślając nowoczesność, a jednocześnie nie przytłaczając wnętrza.

Z kolei żaluzje drewniane ROLBEST to naturalne piękno i ciepło w jednym. Drewno wprowadza do salonu przytulność i domowy charakter, a szeroka gama kolorów pozwala dobrać odcień idealnie komponujący się z resztą aranżacji. Żaluzje drewniane są wytrzymałe, łatwe w utrzymaniu i pozwalają na szybkie regulowanie światła - bez kompromisów między stylem a funkcjonalnością.

Oba produkty można połączyć z innymi rozwiązaniami, jak rolety pilsowane (plisy) czy shuttersy - okiennice wewnętrzne, by stworzyć przestrzeń dokładnie taką, jaką chcesz.

<strong>PORADNIK PRAKTYCZNY - Jak urządzić skandynawski salon z żaluzjami?</strong>

<strong>H2: Żaluzje drewniane - serce przytulnego salonu</strong>
<strong>H3: Dobierz kolor żaluzji drewnianych do podłogi</strong> - Postaw na jasne odcienie drewna, jeśli Twój salon jest utrzymany w bieli i beżach, albo wybierz ciemniejsze lamele, by podkreślić charakter nowoczesnej przestrzeni.

<strong>H2: Żaluzje fasadowe - komfort i energooszczędność</strong>
<strong>H3: Reguluj światło według potrzeb domowników</strong> - W pochmurne dni ustaw lamele tak, by wpuścić maksymalnie dużo światła. Wieczorem zamknij je, by stworzyć intymną, rodzinną atmosferę i ograniczyć ucieczkę ciepła.

<strong>H2: Rolety pilsowane (plisy) - funkcjonalność i lekkość</strong>
<strong>H3: Wykorzystaj rolety pilsowane (plisy) na mniejszych oknach</strong> - Dzięki nim łatwo zadbasz o półcień lub pełne zaciemnienie tam, gdzie tego potrzebujesz, nie tracąc lekkości aranżacji.

<strong>H2: Shuttersy - okiennice wewnętrzne dla miłośników stylu</strong>
<strong>H3: Zainspiruj się shuttersami w strefie relaksu</strong> - Montując shuttersy w oknach przy kanapie, zyskasz nie tylko stylowy akcent, ale i dodatkową ochronę przed jesiennym chłodem.

<strong>H2: Osłony okienne - detale robią różnicę</strong>
<strong>H3: Pamiętaj o spójności dodatków</strong> - Dobierz poduszki, pledy i dywany w tych samych odcieniach, co Twoje żaluzje drewniane lub żaluzje fasadowe. Stworzysz harmonijną, skandynawską całość.

<strong>CTA</strong>

Chcesz, by Twój salon był modny, przytulny i gotowy na jesień 2025? Postaw na żaluzje fasadowe lub żaluzje drewniane ROLBEST - to prosta droga do klimatu, który pokochasz Ty i Twoja rodzina. Zadzwoń po bezpłatną wycenę: 507 704 919 i przekonaj się, jak łatwo odmienić swoje wnętrze z ROLBEST!","<h2>Trendy na jesień 2025</h2><p>Jesień 2025 to czas powrotu do domowego ciepła i rodzinnych rytuałów. Nowoczesne wnętrza coraz częściej łączą funkcjonalność z przytulnością. Skandynawski styl - pełen jasnego drewna, bieli, beżu i naturalnych tkanin - znowu króluje w polskich domach. To właśnie w salonie cała rodzina zbiera się po dniu pełnym wyzwań, a odpowiednio dobrane <strong>osłony okienne</strong> odgrywają tu kluczową rolę. <strong>Żaluzje fasadowe</strong> oraz <strong>żaluzje drewniane</strong> ROLBEST nie tylko podkreślają charakter aranżacji, ale też pozwalają kontrolować światło, dbać o prywatność i chronić przed jesiennym chłodem. W 2025 roku projektanci stawiają na rozwiązania, które są zarówno piękne, jak i praktyczne - dokładnie tak, jak produkty ROLBEST.</p><h2>Typowe błędy w aranżacji</h2><p>Wiele osób urządzając salon w stylu skandynawskim, skupia się głównie na meblach i dodatkach, zapominając o tym, jak ważne są <strong>osłony okienne</strong>. Często wybierane są przypadkowe <strong>rolety</strong> lub zasłony, które nijak mają się do reszty aranżacji. Efekt? Zbyt ciemno w pochmurne dni, zbyt jasno - gdy trzeba wyciszyć przestrzeń. Brakuje kontroli nad światłem, a przez duże okna ucieka ciepło - co jesienią mocno czuć w rachunkach za ogrzewanie. Do tego nieprzemyślane <strong>żaluzje</strong> czy <strong>rolety</strong> mogą „zagracić” przestrzeń albo wręcz przeciwnie - sprawić, że salon traci na przytulności i rodzinny klimat gdzieś się rozmywa. Jeszcze jednym częstym błędem jest wybór produktów niskiej jakości, które szybko się psują lub źle znoszą codzienne użytkowanie.</p>[IMG2]<h2>Rozwiązanie ROLBEST</h2><p>W ROLBEST dobrze wiemy, jak ważny jest klimat domowego salonu i jak ogromną rolę odgrywają w nim właściwe <strong>osłony okienne</strong>. Dlatego na jesień 2025 polecamy <strong>żaluzje fasadowe</strong> oraz <strong>żaluzje drewniane</strong> ROLBEST - rozwiązania, które są nie tylko modne, ale i praktyczne.</p><p><strong>Żaluzje fasadowe</strong> to hit ostatnich lat. Montowane na zewnątrz, świetnie chronią przed utratą ciepła i pozwalają precyzyjnie dozować ilość światła, jakie wpada do wnętrza. Twoja rodzina może cieszyć się jasnym salonem w dzień i pełną prywatnością wieczorem. Do tego minimalistyczny design <strong>żaluzji fasadowych</strong> idealnie wpisuje się w skandynawską stylistykę - podkreślając nowoczesność, a jednocześnie nie przytłaczając wnętrza.</p><p>Z kolei <strong>żaluzje drewniane</strong> ROLBEST to naturalne piękno i ciepło w jednym. Drewno wprowadza do salonu przytulność i domowy charakter, a szeroka gama kolorów pozwala dobrać odcień idealnie komponujący się z resztą aranżacji. <strong>Żaluzje drewniane</strong> są wytrzymałe, łatwe w utrzymaniu i pozwalają na szybkie regulowanie światła - bez kompromisów między stylem a funkcjonalnością.</p><p>Oba produkty można połączyć z innymi rozwiązaniami, jak <strong>rolety pilsowane</strong> (plisy) czy <strong>shuttersy</strong> - <strong>okiennice wewnętrzne</strong>, by stworzyć przestrzeń dokładnie taką, jaką chcesz.</p><h2>Poradnik praktyczny</h2><h3>Żaluzje drewniane - serce przytulnego salonu</h3><p><strong>Dobierz kolor żaluzji drewnianych do podłogi</strong> - Postaw na jasne odcienie drewna, jeśli Twój salon jest utrzymany w bieli i beżach, albo wybierz ciemniejsze lamele, by podkreślić charakter nowoczesnej przestrzeni.</p><h3>Żaluzje fasadowe - komfort i energooszczędność</h3><p><strong>Reguluj światło według potrzeb domowników</strong> - W pochmurne dni ustaw lamele tak, by wpuścić maksymalnie dużo światła. Wieczorem zamknij je, by stworzyć intymną, rodzinną atmosferę i ograniczyć ucieczkę ciepła.</p><h3>Rolety pilsowane (plisy) - funkcjonalność i lekkość</h3><p><strong>Wykorzystaj rolety pilsowane (plisy) na mniejszych oknach</strong> - Dzięki nim łatwo zadbasz o półcień lub pełne zaciemnienie tam, gdzie tego potrzebujesz, nie tracąc lekkości aranżacji.</p><h3>Shuttersy - okiennice wewnętrzne dla miłośników stylu</h3><p><strong>Zainspiruj się shuttersami w strefie relaksu</strong> - Montując shuttersy w oknach przy kanapie, zyskasz nie tylko stylowy akcent, ale i dodatkową ochronę przed jesiennym chłodem.</p><h3>Osłony okienne - detale robią różnicę</h3><p><strong>Pamiętaj o spójności dodatków</strong> - Dobierz poduszki, pledy i dywany w tych samych odcieniach, co Twoje <strong>żaluzje drewniane</strong> lub <strong>żaluzje fasadowe</strong>. Stworzysz harmonijną, skandynawską całość.</p>[IMG3]<p>Chcesz, by Twój salon był modny, przytulny i gotowy na jesień 2025? Postaw na <strong>żaluzje fasadowe</strong> lub <strong>żaluzje drewniane</strong> ROLBEST - to prosta droga do klimatu, który pokochasz Ty i Twoja rodzina. Zadzwoń po bezpłatną wycenę: <a href=""tel:507704919"">507 704 919</a> i przekonaj się, jak łatwo odmienić swoje wnętrze z ROLBEST!</p>","Salon skandynawski 2025 - marzysz o cieple i rodzinnej atmosferze, którą podkreślą idealne żaluzje? Dzięki naszym żaluzjom fasadowym i drewnianym możesz łatwo kontrolować światło, zadbać o przytulność i oszczędzać energię. Nasze 20-letnie doświadczenie pokazuje, jak bardzo liczą się detale. Umów bezpłatną wycenę: 507 704 919 🏠 ✨ 📞","Poranna kawa w salonie pełnym ciepłego światła, rodzinne wieczory w przytulnym wnętrzu - marzenie, które możesz mieć na co dzień. Żaluzje drewniane i fasadowe ROLBEST nadają przestrzeni skandynawski klimat i zapewniają komfort każdej pory dnia. Jakie światło wybierzesz dziś dla swojego domu? Zainspiruj się na blogu, link w bio. #żaluzje #wnętrza #rolbest #dom #design #okna #inspiracje",https://drive.google.com/file/d/1W-wA4t72w-MN5P28gGgSFjKIeQuiYa69/view?usp=drivesdk,1W-wA4t72w-MN5P28gGgSFjKIeQuiYa69,Opublikowano,Do akceptacji,https://drive.google.com/file/d/1VLPYoI3rFJbvbx_VfDppDJPE5dCaPIIa/view?usp=drivesdk,1VLPYoI3rFJbvbx_VfDppDJPE5dCaPIIa,https://drive.google.com/file/d/1D5IJj4aThU4Fu7jBS7g_YSulLgDlYuKm/view?usp=drivesdk,1D5IJj4aThU4Fu7jBS7g_YSulLgDlYuKm
14-10-2025,Rustykalna kuchnia z jadalnią - jak stworzyć przytulny klimat,"<strong>HOOK</strong>

Wyobraź sobie chłodny, jesienny poranek. Z kuchni pachnie świeżym chlebem, a przez okna wpada miękkie światło. Marzysz o miejscu, które nie tylko pięknie wygląda, ale naprawdę przyciąga rodzinę do stołu? Rustykalna kuchnia z jadalnią to nie tylko moda - to sposób na życie, który w 2025 roku wraca na salony w zupełnie nowym stylu.

<strong>KONTEKST</strong>

Dlaczego właśnie teraz wszyscy mówią o rustykalnych kuchniach? Po szalonych latach minimalistycznych trendów i chłodnych, „laboratoryjnych” wnętrzach, znów tęsknimy za tym, co bliskie naturze. Jesień to czas, gdy dom nabiera szczególnego znaczenia - kuchnia i jadalnia stają się centrum spotkań, rozmów, śniadań i długich kolacji przy świecach. Trendy 2025 podkreślają rolę naturalności - dominuje biel, surowe drewno i czarne akcenty. Ale kluczem do tej przytulności jest światło. To ono buduje atmosferę i sprawia, że wnętrze żyje. I tu zaczyna się rola dobrze dobranych osłon okiennych - bo to od nich często zależy, czy stworzysz klimat prawdziwego domowego azylu.

<strong>Błędy w aranżacji okien - czego unikać?</strong>

Widziałem już dziesiątki kuchni, które miały być „rustykalne”, ale coś poszło nie tak. Najczęstszy problem? Nieprzemyślane rozwiązania na oknach! Zbyt ciężkie zasłony, które blokują światło i przytłaczają przestrzeń. Albo odwrotnie - zupełny brak jakiejkolwiek osłony, przez co wnętrze traci na funkcjonalności i przytulności. Wiele osób wybiera też rolety lub żaluzje, które zupełnie nie pasują do klimatu naturalnego drewna i bieli. Często zapomina się, że okno w kuchni to nie tylko źródło światła - to także rama dla widoku na ogród, miejsce na zioła, a nawet pretekst do rodzinnych rozmów. Zbyt mała dbałość o detale okienne sprawia, że dom traci swój unikalny charakter. A przecież wystarczy kilka dobrze dobranych rozwiązań, by kuchnia z jadalnią stała się prawdziwym sercem domu!

<strong>Żaluzje fasadowe, shuttersy i żaluzje drewniane ROLBEST - naturalny wybór dla rustykalnych kuchni</strong>

Jeśli myślisz o kuchni, która naprawdę zachwyca klimatem, nie możesz pominąć roli nowoczesnych osłon okiennych. W ROLBEST od 20 lat pomagamy właścicielom domów tworzyć nie tylko piękne, ale i funkcjonalne wnętrza. Zacznijmy od żaluzji fasadowych - to absolutny hit w nowoczesnych, otwartych kuchniach z dużymi przeszkleniami. Pozwalają precyzyjnie regulować ilość światła wpadającego do wnętrza, a przy tym wyglądają niezwykle designersko. Jeśli wolisz bardziej klasyczne rozwiązania, postaw na shuttersy, czyli okiennice wewnętrzne. To świetny sposób na połączenie stylu rustykalnego z pełną kontrolą światła i prywatności. Shuttersy ROLBEST są wykonywane na wymiar, z drewna najwyższej jakości, więc doskonale wpisują się w naturalny klimat.
Nie zapomnij o żaluzjach drewnianych - to prawdziwa kropka nad „i” w rustykalnej kuchni. Pięknie współgrają zarówno z bielą ścian, jak i z surowym drewnem mebli. Umożliwiają płynną regulację światła, a do tego są łatwe w utrzymaniu czystości - co w kuchni jest nie bez znaczenia. Każde z tych rozwiązań doda Twojej kuchni niepowtarzalnego charakteru i sprawi, że domownicy będą chętniej wracać do wspólnego stołu.

<strong>Praktyczne wskazówki - żaluzje i shuttersy w kuchni</strong>

<strong>1. Dopasuj osłony okienne do wielkości okien</strong>
W przypadku dużych przeszkleń postaw na żaluzje fasadowe - pozwolą Ci kontrolować światło przez cały dzień i podkreślą nowoczesny charakter rustykalnej aranżacji.

<strong>2. Postaw na naturalne materiały</strong>
Wybieraj żaluzje drewniane lub shuttersy z prawdziwego drewna. To nie tylko ukłon w stronę tradycyjnego rzemiosła, ale też gwarancja ciepła i przytulności na lata.

<strong>3. Nie bój się łączyć rozwiązań</strong>
W jednej kuchni możesz połączyć żaluzje drewniane na oknach nad blatem oraz shuttersy na większych przeszkleniach. To praktyczne i bardzo stylowe!

<strong>4. Zadbaj o funkcjonalność</strong>
W kuchni liczy się łatwość czyszczenia i odporność na wilgoć. Rozważ żaluzje drewniane z powłoką zabezpieczającą lub shuttersy wykonane z materiałów odpornych na zmiany temperatury.

<strong>5. Skonsultuj się z ekspertem</strong>
Każde okno jest inne. Skorzystaj z darmowej wyceny i doradztwa - dzięki temu zyskasz pewność, że wybierasz idealne żaluzje, shuttersy lub żaluzje fasadowe do swojej kuchni.

<strong>Zmień kuchnię na dobre - bezpłatna wycena</strong>

Chcesz, by Twoja rustykalna kuchnia i jadalnia naprawdę zachwycały domowników? Zainwestuj w osłony okienne, które podkreślą jej wyjątkowy klimat - żaluzje fasadowe, shuttersy lub żaluzje drewniane ROLBEST. Zadzwoń po bezpłatną wycenę i przekonaj się, jak mały detal może zmienić całą przestrzeń! Bezpłatna wycena - tel: 507 704 919","<h2>Rustykalna kuchnia z jadalnią</h2><p>Wyobraź sobie chłodny, jesienny poranek. Z kuchni pachnie świeżym chlebem, a przez okna wpada miękkie światło. Marzysz o miejscu, które nie tylko pięknie wygląda, ale naprawdę przyciąga rodzinę do stołu? <strong>Rustykalna kuchnia</strong> z jadalnią to nie tylko moda - to sposób na życie, który w 2025 roku wraca na salony w zupełnie nowym stylu.</p><h2>Kontekst</h2><p>Dlaczego właśnie teraz wszyscy mówią o rustykalnych kuchniach? Po szalonych latach minimalistycznych trendów i chłodnych, „laboratoryjnych” wnętrzach, znów tęsknimy za tym, co bliskie naturze. Jesień to czas, gdy dom nabiera szczególnego znaczenia - kuchnia i jadalnia stają się centrum spotkań, rozmów, śniadań i długich kolacji przy świecach. Trendy 2025 podkreślają rolę naturalności - dominuje biel, surowe drewno i czarne akcenty. Ale kluczem do tej przytulności jest światło. To ono buduje atmosferę i sprawia, że wnętrze żyje. I tu zaczyna się rola dobrze dobranych <strong>osłon okiennych</strong> - bo to od nich często zależy, czy stworzysz klimat prawdziwego domowego azylu.</p><h2>Błędy w aranżacji okien</h2><p>Widziałem już dziesiątki kuchni, które miały być „rustykalne”, ale coś poszło nie tak. Najczęstszy problem? Nieprzemyślane rozwiązania na oknach! Zbyt ciężkie zasłony, które blokują światło i przytłaczają przestrzeń. Albo odwrotnie - zupełny brak jakiejkolwiek osłony, przez co wnętrze traci na funkcjonalności i przytulności. Wiele osób wybiera też <strong>rolety</strong> lub <strong>żaluzje</strong>, które zupełnie nie pasują do klimatu naturalnego drewna i bieli. Często zapomina się, że okno w kuchni to nie tylko źródło światła - to także rama dla widoku na ogród, miejsce na zioła, a nawet pretekst do rodzinnych rozmów. Zbyt mała dbałość o detale okienne sprawia, że dom traci swój unikalny charakter. A przecież wystarczy kilka dobrze dobranych rozwiązań, by kuchnia z jadalnią stała się prawdziwym sercem domu!</p>[IMG2]<h2>Żaluzje fasadowe i shuttersy</h2><p>Jeśli myślisz o kuchni, która naprawdę zachwyca klimatem, nie możesz pominąć roli nowoczesnych osłon okiennych. W ROLBEST od 20 lat pomagamy właścicielom domów tworzyć nie tylko piękne, ale i funkcjonalne wnętrza. Zacznijmy od <strong>żaluzji fasadowych</strong> - to absolutny hit w nowoczesnych, otwartych kuchniach z dużymi przeszkleniami. Pozwalają precyzyjnie regulować ilość światła wpadającego do wnętrza, a przy tym wyglądają niezwykle designersko. Jeśli wolisz bardziej klasyczne rozwiązania, postaw na <strong>shuttersy</strong>, czyli <strong>okiennice wewnętrzne</strong>. To świetny sposób na połączenie stylu rustykalnego z pełną kontrolą światła i prywatności. Shuttersy ROLBEST są wykonywane na wymiar, z drewna najwyższej jakości, więc doskonale wpisują się w naturalny klimat. Nie zapomnij o <strong>żaluzjach drewnianych</strong> - to prawdziwa kropka nad „i” w rustykalnej kuchni. Pięknie współgrają zarówno z bielą ścian, jak i z surowym drewnem mebli. Umożliwiają płynną regulację światła, a do tego są łatwe w utrzymaniu czystości - co w kuchni jest nie bez znaczenia. Każde z tych rozwiązań doda Twojej kuchni niepowtarzalnego charakteru i sprawi, że domownicy będą chętniej wracać do wspólnego stołu.</p><h2>Praktyczne wskazówki</h2><h3>Dopasuj osłony okienne</h3><p><strong>Do wielkości okien</strong> - w przypadku dużych przeszkleń postaw na żaluzje fasadowe - pozwolą Ci kontrolować światło przez cały dzień i podkreślą nowoczesny charakter rustykalnej aranżacji.</p><h3>Postaw na naturalne materiały</h3><p><strong>Wybieraj żaluzje drewniane</strong> lub shuttersy z prawdziwego drewna. To nie tylko ukłon w stronę tradycyjnego rzemiosła, ale też gwarancja ciepła i przytulności na lata.</p><h3>Nie bój się łączyć rozwiązań</h3><p>W jednej kuchni możesz połączyć <strong>żaluzje drewniane</strong> na oknach nad blatem oraz shuttersy na większych przeszkleniach. To praktyczne i bardzo stylowe!</p><h3>Zadbaj o funkcjonalność</h3><p>W kuchni liczy się łatwość czyszczenia i odporność na wilgoć. Rozważ <strong>żaluzje drewniane</strong> z powłoką zabezpieczającą lub shuttersy wykonane z materiałów odpornych na zmiany temperatury.</p><h3>Skonsultuj się z ekspertem</h3><p>Każde okno jest inne. Skorzystaj z darmowej wyceny i doradztwa - dzięki temu zyskasz pewność, że wybierasz idealne <strong>żaluzje</strong>, <strong>shuttersy</strong> lub <strong>żaluzje fasadowe</strong> do swojej kuchni.</p>[IMG3]<p>Umów bezpłatną wycenę: <a href=""tel:507704919"">507 704 919</a></p>","Rustykalna kuchnia z jadalnią - czy wiesz, jak dużą rolę odgrywają osłony okienne w nadaniu jej ciepła i klimatu? Shuttersy i żaluzje drewniane ROLBEST nie tylko podkreślą naturalny styl, ale też zapewnią idealną ilość światła każdego dnia. Nasze 20-letnie doświadczenie pokazuje, że małe detale robią ogromną różnicę. Umów bezpłatną wycenę: 507 704 919. 🏠✨📞","Poranna kawa w rustykalnej kuchni, z miękkim światłem sączącym się przez drewniane żaluzje - tu każda chwila nabiera wyjątkowego smaku. Detale okienne wpływają na klimat wnętrza, kreując miejsce, do którego chce się wracać. Jak wygląda Twoja wymarzona jadalnia? Po więcej inspiracji zajrzyj na blog - link w bio! #rolbest #wnętrza #żaluzje #shutters #dom #inspiracje #design",https://drive.google.com/file/d/1z9zUzogg-DApquKq0cHHEWk3S0oPYFqJ/view?usp=drivesdk,1z9zUzogg-DApquKq0cHHEWk3S0oPYFqJ,Opublikowano,Do akceptacji,https://drive.google.com/file/d/1LHxhrKbUJAmuevTdm4kQmvFr9-1Ru0Z-/view?usp=drivesdk,1LHxhrKbUJAmuevTdm4kQmvFr9-1Ru0Z-,https://drive.google.com/file/d/1uYI3llgRaDXeKU5VfRED52XAqXiSYXkv/view?usp=drivesdk,1uYI3llgRaDXeKU5VfRED52XAqXiSYXkv
15-10-2025,Jak stworzyć luksusową sypialnię na jesień?,"<strong>HOOK</strong>

Wyobraź sobie jesienny wieczór - w domu czekają na Ciebie ciepłe światło, miękkie tkaniny i sypialnia, która naprawdę koi zmysły. Brzmi jak marzenie? Wielu z nas wciąż szuka tego balansu - luksusu, funkcjonalności i zdrowego snu. Kluczem jest światło, kolor i faktura. Sprawdź, jak zbudować własną oazę spokoju na jesień!

<strong>KONTEKST</strong>

Jesień to idealny moment, by przearanżować sypialnię i zadbać o styl oraz komfort. Krótsze dni, dłuższe wieczory i coraz większa potrzeba regeneracji sprawiają, że to właśnie sypialnia staje się Twoją prywatną przystanią. Trendy na rok 2025 nie pozostawiają złudzeń - minimalizm z domieszką miękkości, naturalne materiały, pastelowe kolory oraz subtelne światło to podstawa zdrowego, luksusowego wnętrza. Dobre rolety, żaluzje i shuttersy tworzą nie tylko piękny klimat, ale realnie wpływają na jakość snu. Świadome projektowanie okien to coś więcej niż tylko dekoracja - to inwestycja w Twój codzienny dobrostan i zdrowie.

<strong>PROBLEM</strong>

Wielu właścicieli domów popełnia klasyczne błędy: wybiera przypadkowe osłony okienne, nie zwracając uwagi na jakość światła ani kolory. Często montują rolety lub żaluzje, które są zbyt ciemne, sztuczne lub po prostu nie pasują do stylu wnętrza. Efekt? Sypialnia staje się ponura, a Ty masz problem z zasypianiem i budzeniem się wypoczętym. Kolejną pułapką jest ignorowanie materiałów - syntetyki zamiast naturalnych tkanin, plastikowe żaluzje zamiast żaluzji drewnianych, ciężkie zasłony blokujące świeże powietrze. Do tego brak kontroli nad światłem - albo za jasno, albo za ciemno. W rezultacie sypialnia nie sprzyja relaksowi, nie daje poczucia przytulności, a Ty coraz częściej czujesz, że coś jest nie tak, mimo pięknych inspiracji z Instagrama czy Pinteresta.

<strong>ROZWIĄZANIE ROLBEST</strong>

Na szczęście jest prosty sposób, by to zmienić - świadomy, przemyślany wybór osłon okiennych ROLBEST. Zacznij od <strong>rolety rzymskie</strong>, które wprowadzą do wnętrza miękkie światło i elegancką lekkość. Dzięki naturalnym tkaninom (np. len, bawełna), rolety rzymskie „oddychają” z wnętrzem i perfekcyjnie wpisują się w pastelowe, jesienne aranżacje. Kolejnym hitem są <strong>żaluzje drewniane</strong> - nadają przytulności, ocieplają optycznie sypialnię i pozwalają na precyzyjną regulację światła. Drewno działa kojąco na zmysły i jest ponadczasowe. Jeśli chcesz poczuć się jak w butikowym hotelu, postaw na <strong>shuttersy - okiennice wewnętrzne</strong>. To nie tylko ukłon w stronę luksusu, ale też gwarancja prywatności, idealna ochrona przed światłem ulicznym i niepowtarzalny akcent designu. Wszystkie te produkty zapewnią Ci dokładnie tyle światła, ile potrzebujesz do relaksu i zdrowego snu. Dodatkowo, naturalne materiały i subtelne kolory wprowadzają spokój, którego szukasz jesienią. Wybierając ROLBEST, masz pewność jakości, stylu i dopasowania do Twojego wnętrza.

<strong>PORADNIK PRAKTYCZNY</strong>

<strong>Rolety rzymskie w sypialni - jak dobrać?</strong>
Wybierz jasne, pastelowe kolory i naturalne tkaniny, np. len lub bawełnę. Rolety rzymskie z takiego materiału rozpraszają światło, tworząc miękką, przyjazną aurę.

<strong>Żaluzje drewniane - ciepło i kontrola światła</strong>
Postaw na szerokie lamele w kolorze jasnego drewna. Dzięki temu optycznie powiększysz przestrzeń i łatwo dostosujesz ilość światła do pory dnia lub nastroju.

<strong>Shuttersy - luksus i prywatność</strong>
Zainwestuj w białe shuttersy - okiennice wewnętrzne. Są ponadczasowe, eleganckie i pozwalają na precyzyjną regulację światła nawet przy otwartym oknie.

<strong>Naturalne tekstylia - podstawa komfortu</strong>
Połącz rolety lub żaluzje z lnianą pościelą, bawełnianymi pledami i miękkimi dywanami. Tak zbudujesz harmonijną, luksusową warstwę komfortu.

<strong>Dbaj o minimalizm z miękkim twistem</strong>
Unikaj przeładowanych wzorów i ciężkich kolorów. Im prościej, tym lepiej - wtedy każdy detal (np. żaluzje drewniane lub shuttersy) wybrzmi w pełni.

<strong>CTA</strong>

Chcesz stworzyć własną, luksusową sypialnię na jesień i zadbać o zdrowy sen? Skorzystaj z doświadczenia ROLBEST - lidera osłon okiennych od 2003 roku. Zadzwoń po bezpłatną wycenę: 507 704 919 i przekonaj się, jak rolety rzymskie, żaluzje drewniane i shuttersy mogą odmienić Twoje wnętrze!","<h2>Wyobraź sobie jesienny wieczór</h2><p>Wyobraź sobie jesienny wieczór - w domu czekają na Ciebie ciepłe światło, miękkie tkaniny i sypialnia, która naprawdę koi zmysły. Brzmi jak marzenie? Wielu z nas wciąż szuka tego balansu - luksusu, funkcjonalności i zdrowego snu. Kluczem jest światło, kolor i faktura. Sprawdź, jak zbudować własną oazę spokoju na jesień!</p><h2>Kontekst</h2><p>Jesień to idealny moment, by przearanżować sypialnię i zadbać o styl oraz komfort. Krótsze dni, dłuższe wieczory i coraz większa potrzeba regeneracji sprawiają, że to właśnie sypialnia staje się Twoją prywatną przystanią. Trendy na rok 2025 nie pozostawiają złudzeń - minimalizm z domieszką miękkości, naturalne materiały, pastelowe kolory oraz subtelne światło to podstawa zdrowego, luksusowego wnętrza. Dobre <strong>rolety</strong>, <strong>żaluzje</strong> i <strong>shuttersy</strong> tworzą nie tylko piękny klimat, ale realnie wpływają na jakość snu. Świadome projektowanie okien to coś więcej niż tylko dekoracja - to inwestycja w Twój codzienny dobrostan i zdrowie.</p><h2>Problem</h2><p>Wielu właścicieli domów popełnia klasyczne błędy: wybiera przypadkowe osłony okienne, nie zwracając uwagi na jakość światła ani kolory. Często montują <strong>rolety</strong> lub <strong>żaluzje</strong>, które są zbyt ciemne, sztuczne lub po prostu nie pasują do stylu wnętrza. Efekt? Sypialnia staje się ponura, a Ty masz problem z zasypianiem i budzeniem się wypoczętym. Kolejną pułapką jest ignorowanie materiałów - syntetyki zamiast naturalnych tkanin, plastikowe <strong>żaluzje</strong> zamiast <strong>żaluzji drewnianych</strong>, ciężkie zasłony blokujące świeże powietrze. Do tego brak kontroli nad światłem - albo za jasno, albo za ciemno. W rezultacie sypialnia nie sprzyja relaksowi, nie daje poczucia przytulności, a Ty coraz częściej czujesz, że coś jest nie tak, mimo pięknych inspiracji z Instagrama czy Pinteresta.</p>[IMG2]<h2>Rozwiązanie ROLBEST</h2><p>Na szczęście jest prosty sposób, by to zmienić - świadomy, przemyślany wybór osłon okiennych <strong>ROLBEST</strong>. Zacznij od <strong>rolet rzymskich</strong>, które wprowadzą do wnętrza miękkie światło i elegancką lekkość. Dzięki naturalnym tkaninom (np. len, bawełna), <strong>rolety rzymskie</strong> ""oddychają"" z wnętrzem i perfekcyjnie wpisują się w pastelowe, jesienne aranżacje. Kolejnym hitem są <strong>żaluzje drewniane</strong> - nadają przytulności, ocieplają optycznie sypialnię i pozwalają na precyzyjną regulację światła. Drewno działa kojąco na zmysły i jest ponadczasowe. Jeśli chcesz poczuć się jak w butikowym hotelu, postaw na <strong>shuttersy - okiennice wewnętrzne</strong>. To nie tylko ukłon w stronę luksusu, ale też gwarancja prywatności, idealna ochrona przed światłem ulicznym i niepowtarzalny akcent designu. Wszystkie te produkty zapewnią Ci dokładnie tyle światła, ile potrzebujesz do relaksu i zdrowego snu. Dodatkowo, naturalne materiały i subtelne kolory wprowadzają spokój, którego szukasz jesienią. Wybierając <strong>ROLBEST</strong>, masz pewność jakości, stylu i dopasowania do Twojego wnętrza.</p><h2>Poradnik praktyczny</h2><h3>Rolety rzymskie w sypialni - jak dobrać?</h3><p>Wybierz jasne, pastelowe kolory i naturalne tkaniny, np. len lub bawełnę. <strong>Rolety rzymskie</strong> z takiego materiału rozpraszają światło, tworząc miękką, przyjazną aurę.</p><h3>Żaluzje drewniane - ciepło i kontrola światła</h3><p>Postaw na szerokie lamele w kolorze jasnego drewna. Dzięki temu optycznie powiększysz przestrzeń i łatwo dostosujesz ilość światła do pory dnia lub nastroju.</p><h3>Shuttersy - luksus i prywatność</h3><p>Zainwestuj w białe <strong>shuttersy</strong> - okiennice wewnętrzne. Są ponadczasowe, eleganckie i pozwalają na precyzyjną regulację światła nawet przy otwartym oknie.</p><h3>Naturalne tekstylia - podstawa komfortu</h3><p>Połącz <strong>rolety</strong> lub <strong>żaluzje</strong> z lnianą pościelą, bawełnianymi pledami i miękkimi dywanami. Tak zbudujesz harmonijną, luksusową warstwę komfortu.</p><h3>Dbaj o minimalizm z miękkim twistem</h3><p>Unikaj przeładowanych wzorów i ciężkich kolorów. Im prościej, tym lepiej - wtedy każdy detal (np. <strong>żaluzje drewniane</strong> lub <strong>shuttersy</strong>) wybrzmi w pełni.</p>[IMG3]<p>Umów bezpłatną wycenę: <a href=""tel:507704919"">507 704 919</a></p>","Jesienna sypialnia - ciepło i styl dzięki rolety rzymskie, shuttersy i żaluzje drewniane!🌞 Szukasz harmonii i relaksu tej jesieni? Postaw na naturalne materiały i idealnie dobrane osłony okienne - to gwarancja zdrowego snu i luksusowej atmosfery. Nasze 20-letnie doświadczenie pokazuje, że detal zmienia wszystko. Umów bezpłatną wycenę: 507 704 919. ✨🏠","Jesienny wieczór w sypialni, gdzie ciepłe światło i naturalne materiały otulają zmysły - brzmi jak luksus? To detale, takie jak rolety rzymskie, żaluzje drewniane i shuttersy, tworzą atmosferę sprzyjającą relaksowi i zdrowemu snu. Jak Ty dbasz o klimat swojej sypialni? Odkryj więcej inspiracji na naszym blogu - link w bio! #rolety #żaluzje #shutters #wnętrza #dom #design #rolbest",https://drive.google.com/file/d/1PJfvA1PVC9bkpXp4mMXeM2sYW5B8zR3q/view?usp=drivesdk,1PJfvA1PVC9bkpXp4mMXeM2sYW5B8zR3q,Opublikowano,Do akceptacji,https://drive.google.com/file/d/1XZCS3jaoISBx7cg8_rSjx_YDosZm446c/view?usp=drivesdk,1XZCS3jaoISBx7cg8_rSjx_YDosZm446c,https://drive.google.com/file/d/1vPtqRAJmSIFIxmrQIX8K6iKuYFfmfvPL/view?usp=drivesdk,1vPtqRAJmSIFIxmrQIX8K6iKuYFfmfvPL
16-10-2025,"Jesienny home office z żaluzjami drewnianymi ROLBEST - natura, światło, produktywność","<h1>Jesienny home office z żaluzjami drewnianymi ROLBEST - natura, światło, produktywność</h1>

<strong>HOOK</strong>

Wyobraź sobie jesienne poranki w domowym biurze - za oknem złote liście, w środku przyjemne światło i mnóstwo inspiracji do działania. Brzmi dobrze? Niestety, rzeczywistość bywa inna - szybko robi się szaro, światło gaśnie, a energia do pracy ulatuje razem z ostatnimi promieniami słońca. Każdy, kto próbował pracować zdalnie jesienią, zna to uczucie - i wie, jak ważne jest mądre zaaranżowanie swojego miejsca pracy.

<strong>KONTEKST</strong>

Dlaczego temat światła, drewna i naturalnych inspiracji w home office wraca każdej jesieni? To proste - krótsze dni, mniej słońca, a do tego coraz większa popularność pracy z domu sprawiają, że komfort i energia w domowym biurze stają się kluczowe. Architekci i designerzy zgodnie przekonują: naturalne materiały, ciepłe odcienie i świadome operowanie światłem to nie tylko trend, ale realny sposób na przetrwanie sezonu z uśmiechem i produktywnością. Drewno - szczególnie w postaci żaluzji drewnianych - ociepla wnętrze, a dobrze dobrane osłony okienne pozwalają wykorzystać maksimum naturalnego światła. Efekt? Lepszy nastrój, mniej zmęczenia i więcej chęci do działania - nawet gdy za oknem szaro i chłodno.

<strong>PROBLEM</strong>

Wielu z nas popełnia te same błędy przy urządzaniu jesiennego home office. Ustawiamy biurko daleko od okna, wybieramy zimne kolory ścian, zapominamy o roślinach i naturalnych materiałach. Najgorzej - ignorujemy kwestię regulacji światła. Zbyt mocne słońce w południe męczy wzrok, a popołudniowe cienie sprawiają, że musisz świecić lampę przez cały dzień. Częste grzechy to także wybór przypadkowych osłon okiennych - za ciężkie zasłony lub rolety, które skutecznie blokują światło, albo tanie żaluzje, które po kilku tygodniach się psują. Efekt? Przestrzeń, która zamiast motywować - zniechęca. Jesienią każdy promień światła jest na wagę złota, a źle dobrane żaluzje czy rolety potrafią skutecznie odebrać radość z pracy. Warto więc podejść do tematu jak architekt - z głową i wyczuciem stylu.

<strong>ROZWIĄZANIE ROLBEST</strong>

Co zrobić, żeby jesienny home office był Twoją oazą energii? Postaw na żaluzje drewniane ROLBEST - to nie tylko modne, ale też piekielnie praktyczne rozwiązanie. Żaluzje drewniane wprowadzają do wnętrza naturalne ciepło i strukturę, która działa uspokajająco i inspirująco. Drewno świetnie komponuje się z roślinami, jasnymi ścianami czy dodatkami z naturalnych tkanin. Co ważne, żaluzje drewniane ROLBEST pozwalają precyzyjnie regulować ilość światła - możesz lekko rozchylić lamelki i wpuścić dokładnie tyle promieni, ile potrzebujesz. To Ty decydujesz, czy chcesz kąpać się w słońcu, czy wolisz delikatny półcień do pracy przy komputerze. Nasze żaluzje są nie tylko piękne, ale też trwałe i łatwe w obsłudze. A jeśli szukasz jeszcze większej kontroli nad światłem, sprawdź nasze shuttersy - okiennice wewnętrzne, które łączą elegancję z funkcjonalnością. Nie zapomnij też o roletach pilsowanych (plisy) - to idealna opcja, gdy zależy Ci na delikatnym rozproszeniu światła i zachowaniu prywatności. 

<strong>PORADNIK PRAKTYCZNY</strong>

<strong>1. Wybierz odpowiednie miejsce na biurko i żaluzje drewniane</strong> - Najlepiej ustaw je jak najbliżej okna, by maksymalnie korzystać z naturalnego światła. Żaluzje drewniane ROLBEST zamontuj tak, by łatwo sterować światłem przez cały dzień.

<strong>2. Połącz żaluzje drewniane z roślinami i drewnianymi dodatkami</strong> - Zielone rośliny doniczkowe i drewno to duet, który poprawia samopoczucie i nawilża powietrze. Efekt? Przytulność i motywacja do działania.

<strong>3. Zadbaj o wielopoziomową regulację światła</strong> - Połącz żaluzje drewniane z roletami pilsowanymi (plisy) lub shuttersami (okiennicami wewnętrznymi), by mieć pełną kontrolę nad światłem i prywatnością o każdej porze dnia.

<strong>4. Postaw na jasne ściany i ciepłe akcenty</strong> - Biel i beże odbijają światło, a ciepłe drewno i tekstylia ocieplają przestrzeń. Zimą liczy się każdy promień!

<strong>5. Nie rezygnuj z jakości</strong> - Wybieraj sprawdzone produkty, takie jak żaluzje drewniane ROLBEST. To inwestycja w wygodę, styl i bezproblemowe użytkowanie przez lata.

<strong>CTA</strong>

Chcesz stworzyć home office, w którym światło, natura i produktywność idą w parze? Zainwestuj w żaluzje drewniane, shuttersy lub rolety pilsowane (plisy) ROLBEST. Zadzwoń po bezpłatną wycenę - tel: 507 704 919 i sprawdź, jak łatwo możesz odmienić swoje miejsce pracy!","<h2>Jesienny home office</h2><p>Wyobraź sobie jesienne poranki w domowym biurze - za oknem złote liście, w środku przyjemne światło i mnóstwo inspiracji do działania. Brzmi dobrze? Niestety, rzeczywistość bywa inna - szybko robi się szaro, światło gaśnie, a energia do pracy ulatuje razem z ostatnimi promieniami słońca. Każdy, kto próbował pracować zdalnie jesienią, zna to uczucie - i wie, jak ważne jest mądre zaaranżowanie swojego miejsca pracy.</p><h2>Kontekst</h2><p>Dlaczego temat światła, drewna i naturalnych inspiracji w home office wraca każdej jesieni? To proste - krótsze dni, mniej słońca, a do tego coraz większa popularność pracy z domu sprawiają, że komfort i energia w domowym biurze stają się kluczowe. Architekci i designerzy zgodnie przekonują: naturalne materiały, ciepłe odcienie i świadome operowanie światłem to nie tylko trend, ale realny sposób na przetrwanie sezonu z uśmiechem i produktywnością. <strong>Drewno</strong> - szczególnie w postaci <strong>żaluzji drewnianych</strong> - ociepla wnętrze, a dobrze dobrane <strong>osłony okienne</strong> pozwalają wykorzystać maksimum naturalnego światła. Efekt? Lepszy nastrój, mniej zmęczenia i więcej chęci do działania - nawet gdy za oknem szaro i chłodno.</p><h2>Problem</h2><p>Wielu z nas popełnia te same błędy przy urządzaniu jesiennego home office. Ustawiamy biurko daleko od okna, wybieramy zimne kolory ścian, zapominamy o roślinach i naturalnych materiałach. Najgorzej - ignorujemy kwestię regulacji światła. Zbyt mocne słońce w południe męczy wzrok, a popołudniowe cienie sprawiają, że musisz świecić lampę przez cały dzień. Częste grzechy to także wybór przypadkowych <strong>osłon okiennych</strong> - za ciężkie zasłony lub <strong>rolety</strong>, które skutecznie blokują światło, albo tanie <strong>żaluzje</strong>, które po kilku tygodniach się psują. Efekt? Przestrzeń, która zamiast motywować - zniechęca. Jesienią każdy promień światła jest na wagę złota, a źle dobrane <strong>żaluzje</strong> czy <strong>rolety</strong> potrafią skutecznie odebrać radość z pracy. Warto więc podejść do tematu jak architekt - z głową i wyczuciem stylu.</p>[IMG2]<h2>Rozwiązanie ROLBEST</h2><p>Co zrobić, żeby jesienny home office był Twoją oazą energii? Postaw na <strong>żaluzje drewniane</strong> ROLBEST - to nie tylko modne, ale też piekielnie praktyczne rozwiązanie. <strong>Żaluzje drewniane</strong> wprowadzają do wnętrza naturalne ciepło i strukturę, która działa uspokajająco i inspirująco. Drewno świetnie komponuje się z roślinami, jasnymi ścianami czy dodatkami z naturalnych tkanin. Co ważne, <strong>żaluzje drewniane</strong> ROLBEST pozwalają precyzyjnie regulować ilość światła - możesz lekko rozchylić lamelki i wpuścić dokładnie tyle promieni, ile potrzebujesz. To Ty decydujesz, czy chcesz kąpać się w słońcu, czy wolisz delikatny półcień do pracy przy komputerze. Nasze <strong>żaluzje</strong> są nie tylko piękne, ale też trwałe i łatwe w obsłudze. A jeśli szukasz jeszcze większej kontroli nad światłem, sprawdź nasze <strong>shuttersy</strong> - <strong>okiennice wewnętrzne</strong>, które łączą elegancję z funkcjonalnością. Nie zapomnij też o <strong>roletach pilsowanych</strong> (<strong>plisy</strong>) - to idealna opcja, gdy zależy Ci na delikatnym rozproszeniu światła i zachowaniu prywatności.</p><h2>Poradnik praktyczny</h2><h3>1. Wybierz odpowiednie miejsce</h3><p><strong>Na biurko</strong> i <strong>żaluzje drewniane</strong> - Najlepiej ustaw je jak najbliżej okna, by maksymalnie korzystać z naturalnego światła. <strong>Żaluzje drewniane</strong> ROLBEST zamontuj tak, by łatwo sterować światłem przez cały dzień.</p><h3>2. Połącz z roślinami</h3><p><strong>Żaluzje drewniane</strong> z roślinami i drewnianymi dodatkami - Zielone rośliny doniczkowe i drewno to duet, który poprawia samopoczucie i nawilża powietrze. Efekt? Przytulność i motywacja do działania.</p><h3>3. Zadbaj o regulację światła</h3><p><strong>Wielopoziomową regulację światła</strong> - Połącz <strong>żaluzje drewniane</strong> z <strong>roletami pilsowanymi</strong> (<strong>plisy</strong>) lub <strong>shuttersami</strong> (<strong>okiennicami wewnętrznymi</strong>), by mieć pełną kontrolę nad światłem i prywatnością o każdej porze dnia.</p><h3>4. Postaw na jasne ściany</h3><p><strong>Jasne ściany</strong> i ciepłe akcenty - Biel i beże odbijają światło, a ciepłe drewno i tekstylia ocieplają przestrzeń. Zimą liczy się każdy promień!</p><h3>5. Nie rezygnuj z jakości</h3><p><strong>Wybieraj sprawdzone produkty</strong>, takie jak <strong>żaluzje drewniane</strong> ROLBEST. To inwestycja w wygodę, styl i bezproblemowe użytkowanie przez lata.</p>[IMG3]<p>Umów bezpłatną wycenę: <a href=""tel:507704919"">507 704 919</a></p>","Jesienny home office z żaluzjami drewnianymi ROLBEST - natura, światło, produktywność! Wpuść do swojego biura ciepło drewna i naturalne światło - to prosty sposób na lepszy nastrój i produktywność, nawet gdy za oknem szaro. Nasze 20-letnie doświadczenie pokazuje, że odpowiedni wybór osłon zmienia wszystko. Umów bezpłatną wycenę: 507 704 919 🏠 🌞 💡","Jesienna aura za oknem, aromatyczna kawa i naturalne drewno, które tworzy ciepły klimat w domowym biurze - czy to nie brzmi jak wymarzony początek dnia? Regulując światło żaluzjami drewnianymi ROLBEST, wpływasz na nastrój i produktywność przez cały sezon. A jak Ty dbasz o energię we wnętrzu? Po więcej inspiracji zajrzyj na bloga - link w bio. #żaluzje #rolety #wnętrza #dom #design #rolbest #inspiracje",https://drive.google.com/file/d/1vVqc0daKevH6IoH2xzbzM6SCxKHWw2OA/view?usp=drivesdk,1vVqc0daKevH6IoH2xzbzM6SCxKHWw2OA,Opublikowano,Do akceptacji,https://drive.google.com/file/d/1dXAnZGq7212njzyrVgwCkqmzZctyTTnv/view?usp=drivesdk,1dXAnZGq7212njzyrVgwCkqmzZctyTTnv,https://drive.google.com/file/d/16cs34TJ2nNuGER0H3bEEw9vgAKA-mcpS/view?usp=drivesdk,16cs34TJ2nNuGER0H3bEEw9vgAKA-mcpS
17-10-2025,Shuttersy i żaluzje drewniane ROLBEST - domowe spa w jesiennej łazience,"<h1>Shuttersy i żaluzje drewniane ROLBEST - domowe spa w jesiennej łazience</h1>

<strong>HOOK - Jesienny relaks w domowym spa</strong>

Wyobraź sobie cichy wieczór, kiedy po całym dniu zanurzasz się w aromatycznej kąpieli, a przez okno Twojej łazienki wpada miękkie światło, przełamane subtelną strukturą shuttersów lub żaluzji drewnianych. To nie musi być tylko marzenie - odpowiednio zaprojektowana łazienka może stać się Twoją codzienną przystanią spokoju. Jeśli czujesz, że tej jesieni Twoje domowe spa mogłoby zyskać nową energię, czytaj dalej!

<strong>KONTEKST - Trendy wnętrzarskie na jesień 2024</strong>

Jesień to idealny moment na zmiany w łazience. Tegoroczne trendy stawiają na naturalność, ciepłe barwy oraz materiały, które koją zmysły - marmur, złoto i głęboka zieleń. Coraz więcej właścicieli domów i mieszkań szuka nie tylko funkcjonalnych, ale i przytulnych rozwiązań, które pozwolą im stworzyć domowe spa na miarę luksusowych hoteli. Właściwie dobrane osłony okienne, takie jak shuttersy czy żaluzje drewniane ROLBEST, stają się ważnym elementem tej układanki - pomagają zapanować nad światłem, gwarantują intymność oraz dopełniają styl wnętrza. W erze, gdy coraz więcej czasu spędzamy w domu, łazienka przestaje być tylko miejscem higieny - staje się przestrzenią relaksu i regeneracji, a design idzie w parze z funkcjonalnością.

<strong>PROBLEM - Typowe błędy w aranżacji łazienki</strong>

Wielu właścicieli domów podczas remontu łazienki skupia się głównie na płytkach czy armaturze, zapominając o roli światła i prywatności. Efekt? Przestrzeń, która wizualnie wydaje się chłodna, niefunkcjonalna lub pozbawiona przytulności. Często wybierane są przypadkowe rolety lub niepraktyczne zasłony, które przemakają, szybko się brudzą i nie pasują stylistycznie do reszty aranżacji. Kolejny błąd to brak konsekwencji w doborze kolorystyki - zbyt dużo bieli i szarości sprawia, że łazienka wygląda na zimną, a każda próba wprowadzenia przytulności kończy się chaosem. Wreszcie - wiele osób nie docenia siły naturalnych materiałów, takich jak drewno czy kamień, które mogą skutecznie ocieplić klimat wnętrza. To wszystko sprawia, że łazienka nie spełnia swojej najważniejszej roli - nie zaprasza do relaksu i nie daje poczucia prywatności.

<strong>ROZWIĄZANIE ROLBEST - Shuttersy i żaluzje drewniane w łazience spa</strong>

Tu na scenę wchodzą shuttersy oraz żaluzje drewniane ROLBEST - produkty, które łączą piękno naturalnych materiałów z praktyczną kontrolą światła i prywatności. Shuttersy, czyli okiennice wewnętrzne, genialnie prezentują się w łazienkach inspirowanych stylem spa: ich klasyczna forma wprowadza elegancję, a ruchome lamele pozwalają precyzyjnie sterować ilością światła. To idealne rozwiązanie, jeśli chcesz korzystać z kąpieli nawet w jasny dzień, zachowując pełen komfort i intymność. Żaluzje drewniane to z kolei synonim przytulności i ciepła. Drewniane lamele pięknie komponują się z marmurem, złotymi akcentami czy zielenią roślin - podkreślają szlachetny charakter wnętrza i wnoszą odrobinę natury do łazienki. Co ważne, produkty ROLBEST są odporne na wilgoć i łatwe w konserwacji, dzięki czemu świetnie sprawdzają się w strefach mokrych. Dodatkowo, shuttersy i żaluzje drewniane pozwalają utrzymać spójność aranżacji, subtelnie dopełniając zarówno minimalistyczne, jak i bardziej dekoracyjne łazienki. Zyskujesz kontrolę nad światłem, prywatność oraz niepowtarzalny klimat, który sprzyja odpoczynkowi.

<strong>PORADNIK PRAKTYCZNY - Jak urządzić łazienkę spa z osłonami okiennymi?</strong>

<strong>H2: Żaluzje drewniane - ciepło i natura w łazience</strong>
<strong>H3: Żaluzje drewniane ROLBEST jako must-have</strong>
1. Postaw na żaluzje drewniane ROLBEST w ciepłym odcieniu drewna - będą cudownie współgrać z marmurem i złotymi detalami. Drewno ociepli przestrzeń, wprowadzając przyjazną, domową atmosferę.

<strong>H2: Shuttersy - styl i prywatność w domowym spa</strong>
<strong>H3: Shuttersy ROLBEST i ich funkcje</strong>
2. Wybierz shuttersy (okiennice wewnętrzne) ROLBEST - zamontowane w łazience nie tylko podnoszą jej estetykę, ale też pozwalają precyzyjnie regulować światło, zapewniając relaks przy każdej pogodzie.

<strong>H2: Światło i rośliny - duet doskonały z osłonami okiennymi</strong>
<strong>H3: Osłony okienne ROLBEST a klimat spa</strong>
3. Ustaw pod oknami donice z zielonymi roślinami - w połączeniu z żaluzjami drewnianymi lub shuttersami stworzysz efekt prawdziwego spa. Rośliny oczyszczają powietrze i wzmacniają poczucie harmonii.

<strong>H2: Dodatki - rolety rzymskie i tekstylia dla pełni komfortu</strong>
<strong>H3: Rolety rzymskie ROLBEST jako akcent</strong>
4. Jeśli lubisz miękkie wykończenia, zdecyduj się na rolety rzymskie ROLBEST w odcieniach złota lub zieleni. To świetne uzupełnienie dla shuttersów i żaluzji drewnianych, które doda wnętrzu przytulności.

<strong>H2: Zadbaj o detale - konsekwencja w aranżacji</strong>
<strong>H3: Spójność stylu z produktami ROLBEST</strong>
5. Pilnuj, by wszystkie osłony okienne pochodziły z jednej linii kolorystycznej - dzięki temu Twoja łazienka zyska harmonijny, luksusowy wygląd. Akcentuj detale: złote uchwyty, marmurowe dodatki i naturalne tekstylia.

<strong>CTA - Zainwestuj w komfort i styl tej jesieni</strong>

Chcesz odmienić swoją łazienkę i poczuć się jak w luksusowym spa? Postaw na shuttersy lub żaluzje drewniane ROLBEST - to sprawdzone rozwiązania, które zmienią klimat każdego wnętrza. Zadzwoń po bezpłatną wycenę i doradztwo: 507 704 919. Twój dom zasługuje na najlepsze!","<h2>Jesienny relaks w domowym spa</h2><p>Wyobraź sobie cichy wieczór, kiedy po całym dniu zanurzasz się w aromatycznej kąpieli, a przez okno Twojej łazienki wpada miękkie światło, przełamane subtelną strukturą <strong>shuttersów</strong> lub <strong>żaluzji drewnianych</strong>. To nie musi być tylko marzenie - odpowiednio zaprojektowana łazienka może stać się Twoją codzienną przystanią spokoju. Jeśli czujesz, że tej jesieni Twoje domowe spa mogłoby zyskać nową energię, czytaj dalej!</p><h2>Trendy wnętrzarskie na jesień 2024</h2><p>Jesień to idealny moment na zmiany w łazience. Tegoroczne trendy stawiają na naturalność, ciepłe barwy oraz materiały, które koją zmysły - marmur, złoto i głęboka zieleń. Coraz więcej właścicieli domów i mieszkań szuka nie tylko funkcjonalnych, ale i przytulnych rozwiązań, które pozwolą im stworzyć domowe spa na miarę luksusowych hoteli. Właściwie dobrane <strong>osłony okienne</strong>, takie jak <strong>shuttersy</strong> czy <strong>żaluzje drewniane</strong> ROLBEST, stają się ważnym elementem tej układanki - pomagają zapanować nad światłem, gwarantują intymność oraz dopełniają styl wnętrza. W erze, gdy coraz więcej czasu spędzamy w domu, łazienka przestaje być tylko miejscem higieny - staje się przestrzenią relaksu i regeneracji, a design idzie w parze z funkcjonalnością.</p><h2>Typowe błędy w aranżacji łazienki</h2><p>Wielu właścicieli domów podczas remontu łazienki skupia się głównie na płytkach czy armaturze, zapominając o roli światła i prywatności. Efekt? Przestrzeń, która wizualnie wydaje się chłodna, niefunkcjonalna lub pozbawiona przytulności. Często wybierane są przypadkowe <strong>rolety</strong> lub niepraktyczne zasłony, które przemakają, szybko się brudzą i nie pasują stylistycznie do reszty aranżacji. Kolejny błąd to brak konsekwencji w doborze kolorystyki - zbyt dużo bieli i szarości sprawia, że łazienka wygląda na zimną, a każda próba wprowadzenia przytulności kończy się chaosem. Wreszcie - wiele osób nie docenia siły naturalnych materiałów, takich jak drewno czy kamień, które mogą skutecznie ocieplić klimat wnętrza. To wszystko sprawia, że łazienka nie spełnia swojej najważniejszej roli - nie zaprasza do relaksu i nie daje poczucia prywatności.</p>[IMG2]<h2>Rozwiązanie ROLBEST</h2><p>Tu na scenę wchodzą <strong>shuttersy</strong> oraz <strong>żaluzje drewniane</strong> ROLBEST - produkty, które łączą piękno naturalnych materiałów z praktyczną kontrolą światła i prywatności. <strong>Shuttersy</strong>, czyli <strong>okiennice wewnętrzne</strong>, genialnie prezentują się w łazienkach inspirowanych stylem spa: ich klasyczna forma wprowadza elegancję, a ruchome lamele pozwalają precyzyjnie sterować ilością światła. To idealne rozwiązanie, jeśli chcesz korzystać z kąpieli nawet w jasny dzień, zachowując pełen komfort i intymność. <strong>Żaluzje drewniane</strong> to z kolei synonim przytulności i ciepła. Drewniane lamele pięknie komponują się z marmurem, złotymi akcentami czy zielenią roślin - podkreślają szlachetny charakter wnętrza i wnoszą odrobinę natury do łazienki. Co ważne, produkty ROLBEST są odporne na wilgoć i łatwe w konserwacji, dzięki czemu świetnie sprawdzają się w strefach mokrych. Dodatkowo, <strong>shuttersy</strong> i <strong>żaluzje drewniane</strong> pozwalają utrzymać spójność aranżacji, subtelnie dopełniając zarówno minimalistyczne, jak i bardziej dekoracyjne łazienki. Zyskujesz kontrolę nad światłem, prywatność oraz niepowtarzalny klimat, który sprzyja odpoczynkowi.</p><h2>Jak urządzić łazienkę spa z osłonami okiennymi?</h2><h2>Żaluzje drewniane - ciepło i natura w łazience</h2><h3>Żaluzje drewniane ROLBEST jako must-have</h3><p><strong>Postaw na żaluzje drewniane</strong> ROLBEST w ciepłym odcieniu drewna - będą cudownie współgrać z marmurem i złotymi detalami. Drewno ociepli przestrzeń, wprowadzając przyjazną, domową atmosferę.</p><h2>Shuttersy - styl i prywatność w domowym spa</h2><h3>Shuttersy ROLBEST i ich funkcje</h3><p><strong>Wybierz shuttersy</strong> (okiennice wewnętrzne) ROLBEST - zamontowane w łazience nie tylko podnoszą jej estetykę, ale też pozwalają precyzyjnie regulować światło, zapewniając relaks przy każdej pogodzie.</p><h2>Światło i rośliny - duet doskonały z osłonami okiennymi</h2><h3>Osłony okienne ROLBEST a klimat spa</h3><p><strong>Ustaw pod oknami donice</strong> z zielonymi roślinami - w połączeniu z <strong>żaluzjami drewnianymi</strong> lub <strong>shuttersami</strong> stworzysz efekt prawdziwego spa. Rośliny oczyszczają powietrze i wzmacniają poczucie harmonii.</p><h2>Dodatki - rolety rzymskie i tekstylia dla pełni komfortu</h2><h3>Rolety rzymskie ROLBEST jako akcent</h3><p><strong>Jeśli lubisz miękkie wykończenia</strong>, zdecyduj się na <strong>rolety rzymskie</strong> ROLBEST w odcieniach złota lub zieleni. To świetne uzupełnienie dla <strong>shuttersów</strong> i <strong>żaluzji drewnianych</strong>, które doda wnętrzu przytulności.</p><h2>Zadbaj o detale - konsekwencja w aranżacji</h2><h3>Spójność stylu z produktami ROLBEST</h3><p><strong>Pilnuj, by wszystkie osłony okienne</strong> pochodziły z jednej linii kolorystycznej - dzięki temu Twoja łazienka zyska harmonijny, luksusowy wygląd. Akcentuj detale: złote uchwyty, marmurowe dodatki i naturalne tekstylia.</p>[IMG3]<p>Chcesz odmienić swoją łazienkę i poczuć się jak w luksusowym spa? Postaw na <strong>shuttersy</strong> lub <strong>żaluzje drewniane</strong> ROLBEST - to sprawdzone rozwiązania, które zmienią klimat każdego wnętrza. Zadzwoń po bezpłatną wycenę i doradztwo: <a href=""tel:507704919"">507 704 919</a>. Twój dom zasługuje na najlepsze!</p>","Nowoczesna łazienka w kolorach jesieni: marmur, złoto i zieleń jako przepis na domowe spa - brzmi jak Twoje marzenie? Shuttersy i żaluzje drewniane ROLBEST wprowadzą ciepło, styl i pełną kontrolę światła, tworząc oazę relaksu na co dzień. Nasze 20-letnie doświadczenie pokazuje, że to prosta droga do wyjątkowego wnętrza. Umów bezpłatną wycenę: 507 704 919. 🏠 ✨ 📞","Poranna kawa w łazience pachnącej jesienią, otulona ciepłem marmuru i zielenią roślin - tak zaczyna się dzień w domowym spa. Detale, jak drewniane shuttersy ROLBEST, dają poczucie prywatności i pełną kontrolę światła, zmieniając zwykłą kąpiel w moment relaksu. Jak wyglądałoby Twoje spa marzeń? Po więcej inspiracji zajrzyj na bloga - link w bio. #żaluzje #shutters #wnętrza #dom #rolbest #inspiracje",https://drive.google.com/file/d/1eN8Eh9xXmpYkxncxc8N_xNrI8geNti_j/view?usp=drivesdk,1eN8Eh9xXmpYkxncxc8N_xNrI8geNti_j,Opublikowano,Do akceptacji,https://drive.google.com/file/d/1Ipt2MItiQRwz1NnelHhEyTlZzy-qh68q/view?usp=drivesdk,1Ipt2MItiQRwz1NnelHhEyTlZzy-qh68q,https://drive.google.com/file/d/1mVxLgf_b-uCje8YOL8nBXVQoRjKs1TpE/view?usp=drivesdk,1mVxLgf_b-uCje8YOL8nBXVQoRjKs1TpE
18-10-2025,"Jesienny taras - komfort i styl z żaluzje fasadowe, shuttersy i markizy według architektów","<h1>Jesienny taras - komfort i styl z żaluzje fasadowe, shuttersy i markizy według architektów</h1>

<strong>HOOK</strong> - Taras jesienią potrafi być magiczny… pod warunkiem, że nie zamienia się w zimną pustynię po pierwszym chłodniejszym wieczorze. Jeśli marzysz, żeby Twoja strefa outdoor działała jak drugi salon, nawet gdy liście już lecą z drzew, dobrze wiesz, jak ważna jest ochrona przed wiatrem, światłem i… sąsiadami. Zobacz, jak robią to architekci i jak Ty możesz zrobić to jeszcze lepiej.

<strong>KONTEKST</strong> - Jesień 2024/2025 to czas, gdy tarasy przechodzą metamorfozę. Architekci coraz częściej podkreślają, że przestrzeń na granicy domu i natury powinna być nie tylko piękna, ale i funkcjonalna przez cały sezon. Zmienne warunki pogodowe, krótsze dni, więcej wilgoci - to wszystko wymaga sprytnych rozwiązań, które pozwalają cieszyć się tarasem nawet wtedy, gdy pogoda nie rozpieszcza. Dlatego właśnie rośnie rola takich produktów, jak żaluzje fasadowe, shuttersy - okiennice wewnętrzne czy markizy tarasowe. Odpowiednio dobrane osłony okienne nie tylko podnoszą komfort, ale i wpisują się w nowoczesny, ciepły styl jesiennych aranżacji. A przecież wszyscy chcemy, żeby dom i jego otoczenie były naszą osobistą oazą - niezależnie od pogody.

<strong>PROBLEM</strong> - Najczęstszy błąd? Traktowanie tarasu jak letniego dodatku, o którym zapominamy od września. Ludzie często inwestują w wygodne meble, ale zapominają o ochronie przed chłodem, wiatrem i deszczem. Efekt? Króciutki sezon tarasowy, z którego korzysta się tylko w idealnych warunkach. Kolejny problem to ignorowanie roli światła - bez przemyślanych żaluzji czy markiz, wieczorne korzystanie z tarasu staje się uciążliwe. Wiele osób wybiera przypadkowe rozwiązania - tanie rolety czy markizy bez automatyki, które zawodzą w pierwszym sezonie. Architekci podkreślają też, że estetyka jest równie ważna co funkcja - nieprzemyślane osłony okienne potrafią zepsuć najpiękniejszą aranżację. Ostatnia, ale kluczowa rzecz: brak spójności między wnętrzem a tarasem. Bez odpowiednich produktów jak shuttersy czy żaluzje fasadowe trudno stworzyć płynne przejście i zachować wrażenie „przedłużenia salonu”.

<strong>ROZWIĄZANIE ROLBEST</strong> - Jeśli chcesz mieć taras, który naprawdę działa dla Ciebie - nawet jesienią - postaw na sprawdzone, rekomendowane przez architektów produkty ROLBEST. <strong>Żaluzje fasadowe</strong> to prawdziwy hit nowoczesnych realizacji - pozwalają precyzyjnie sterować światłem, blokują wiatr, a przy tym wyglądają elegancko i minimalistycznie. <strong>Shuttersy - okiennice wewnętrzne</strong> (często na dużych przeszkleniach tarasowych) zapewniają nie tylko prywatność, ale też doskonałą izolację cieplną, co docenisz w chłodniejsze jesienne wieczory. <strong>Markizy tarasowe</strong> z możliwością automatycznego zwijania i rozwijania chronią przed deszczem i słońcem, dzięki czemu Twój taras zamienia się w komfortową strefę relaksu niezależnie od warunków. Eksperci doceniają też spójną estetykę tych rozwiązań - każde z nich może być idealnie dopasowane kolorystycznie do stolarki okiennej i stylu domu. ROLBEST daje Ci też gwarancję trwałości (20 lat doświadczenia!) i indywidualne dopasowanie pod wymiar - nie musisz się bać kompromisów. Dzięki temu Twój taras nie tylko zyskuje na funkcjonalności, ale staje się naturalnym przedłużeniem salonu. To komfort, prywatność i styl w jednym.

<strong>PORADNIK PRAKTYCZNY</strong>
<h2><strong>Żaluzje fasadowe i markizy - jak wybrać?</strong></h2>
<h3><strong>Żaluzje fasadowe</strong> w roli bariery jesiennej</h3>
- Wybierz żaluzje fasadowe z automatycznym sterowaniem - łatwiej reagować na zmieniające się światło i pogodę.
- Dopasuj kolor lameli do elewacji lub ram okiennych - zyskasz efekt „total look”.

<h3><strong>Markizy tarasowe</strong> - szybki montaż, długi sezon</h3>
- Postaw na markizy tarasowe z napędem elektrycznym i czujnikiem wiatru - bezpieczeństwo i wygoda w jednym.
- Dobierz materiał markizy odporny na wodę i zabrudzenia - łatwiej utrzymasz czystość nawet po jesiennym deszczu.

<h3><strong>Shuttersy - okiennice wewnętrzne</strong> - ciepło i prywatność</h3>
- Zamów shuttersy wykonywane na wymiar - lepiej dopasujesz je do nietypowych przeszkleń tarasu.
- Zwróć uwagę na materiał - drewno to ponadczasowa klasyka, ale dostępne są też odcienie lakierowane pod nowoczesne wnętrza.

<strong>CTA</strong> - Chcesz, żeby Twój taras był ulubionym miejscem przez całą jesień? Postaw na żaluzje fasadowe, shuttersy i markizy tarasowe od ROLBEST - eksperta z 20-letnim doświadczeniem. Zadzwoń po bezpłatną wycenę: 507 704 919 i sprawdź, jak łatwo możesz zmienić swój dom!","<h2>Jesienny taras - komfort i styl</h2><p><strong>Taras</strong> jesienią potrafi być magiczny… pod warunkiem, że nie zamienia się w zimną pustynię po pierwszym chłodniejszym wieczorze. Jeśli marzysz, żeby Twoja strefa outdoor działała jak drugi salon, nawet gdy liście już lecą z drzew, dobrze wiesz, jak ważna jest ochrona przed wiatrem, światłem i… sąsiadami. Zobacz, jak robią to architekci i jak Ty możesz zrobić to jeszcze lepiej.</p><h2>Zmiany na tarasie</h2><p><strong>Jesień</strong> 2024/2025 to czas, gdy tarasy przechodzą metamorfozę. Architekci coraz częściej podkreślają, że przestrzeń na granicy domu i natury powinna być nie tylko piękna, ale i funkcjonalna przez cały sezon. Zmienne warunki pogodowe, krótsze dni, więcej wilgoci - to wszystko wymaga sprytnych rozwiązań, które pozwalają cieszyć się tarasem nawet wtedy, gdy pogoda nie rozpieszcza. Dlatego właśnie rośnie rola takich produktów, jak <strong>żaluzje fasadowe</strong>, <strong>shuttersy</strong> - okiennice wewnętrzne czy <strong>markizy</strong> tarasowe. Odpowiednio dobrane <strong>osłony okienne</strong> nie tylko podnoszą komfort, ale i wpisują się w nowoczesny, ciepły styl jesiennych aranżacji. A przecież wszyscy chcemy, żeby dom i jego otoczenie były naszą osobistą oazą - niezależnie od pogody.</p><h2>Problem z tarasem</h2><p><strong>Najczęstszy błąd</strong>? Traktowanie tarasu jak letniego dodatku, o którym zapominamy od września. Ludzie często inwestują w wygodne meble, ale zapominają o ochronie przed chłodem, wiatrem i deszczem. Efekt? Króciutki sezon tarasowy, z którego korzysta się tylko w idealnych warunkach. Kolejny problem to ignorowanie roli światła - bez przemyślanych <strong>żaluzji</strong> czy <strong>markiz</strong>, wieczorne korzystanie z tarasu staje się uciążliwe. Wiele osób wybiera przypadkowe rozwiązania - tanie <strong>rolety</strong> czy <strong>markizy</strong> bez automatyki, które zawodzą w pierwszym sezonie. Architekci podkreślają też, że estetyka jest równie ważna co funkcja - nieprzemyślane <strong>osłony okienne</strong> potrafią zepsuć najpiękniejszą aranżację. Ostatnia, ale kluczowa rzecz: brak spójności między wnętrzem a tarasem. Bez odpowiednich produktów jak <strong>shuttersy</strong> czy <strong>żaluzje fasadowe</strong> trudno stworzyć płynne przejście i zachować wrażenie „przedłużenia salonu”.</p>[IMG2]<h2>Rozwiązanie ROLBEST</h2><p>Jeśli chcesz mieć taras, który naprawdę działa dla Ciebie - nawet jesienią - postaw na sprawdzone, rekomendowane przez architektów produkty ROLBEST. <strong>Żaluzje fasadowe</strong> to prawdziwy hit nowoczesnych realizacji - pozwalają precyzyjnie sterować światłem, blokują wiatr, a przy tym wyglądają elegancko i minimalistycznie. <strong>Shuttersy</strong> - okiennice wewnętrzne (często na dużych przeszkleniach tarasowych) zapewniają nie tylko prywatność, ale też doskonałą izolację cieplną, co docenisz w chłodniejsze jesienne wieczory. <strong>Markizy tarasowe</strong> z możliwością automatycznego zwijania i rozwijania chronią przed deszczem i słońcem, dzięki czemu Twój taras zamienia się w komfortową strefę relaksu niezależnie od warunków. Eksperci doceniają też spójną estetykę tych rozwiązań - każde z nich może być idealnie dopasowane kolorystycznie do stolarki okiennej i stylu domu. ROLBEST daje Ci też gwarancję trwałości (20 lat doświadczenia!) i indywidualne dopasowanie pod wymiar - nie musisz się bać kompromisów. Dzięki temu Twój taras nie tylko zyskuje na funkcjonalności, ale staje się naturalnym przedłużeniem salonu. To komfort, prywatność i styl w jednym.</p><h2>Poradnik praktyczny</h2><h3>Żaluzje fasadowe - jak wybrać?</h3><ul><li><strong>Wybierz</strong> żaluzje fasadowe z automatycznym sterowaniem - łatwiej reagować na zmieniające się światło i pogodę.</li><li><strong>Dopasuj</strong> kolor lameli do elewacji lub ram okiennych - zyskasz efekt „total look”.</li></ul><h3>Markizy tarasowe - szybki montaż</h3><ul><li><strong>Postaw</strong> na markizy tarasowe z napędem elektrycznym i czujnikiem wiatru - bezpieczeństwo i wygoda w jednym.</li><li><strong>Dobierz</strong> materiał markizy odporny na wodę i zabrudzenia - łatwiej utrzymasz czystość nawet po jesiennym deszczu.</li></ul><h3>Shuttersy - okiennice wewnętrzne</h3><ul><li><strong>Zamów</strong> shuttersy wykonywane na wymiar - lepiej dopasujesz je do nietypowych przeszkleń tarasu.</li><li><strong>Zwróć</strong> uwagę na materiał - drewno to ponadczasowa klasyka, ale dostępne są też odcienie lakierowane pod nowoczesne wnętrza.</li></ul>[IMG3]<p>Chcesz, żeby Twój taras był ulubionym miejscem przez całą jesień? Postaw na <strong>żaluzje fasadowe</strong>, <strong>shuttersy</strong> i <strong>markizy</strong> tarasowe od ROLBEST - eksperta z 20-letnim doświadczeniem. Zadzwoń po bezpłatną wycenę: <a href=""tel:507704919"">507 704 919</a> i sprawdź, jak łatwo możesz zmienić swój dom!</p>","Jesienny taras - komfort i styl z żaluzje fasadowe, shuttersy i markizy według architektów? Z odpowiednimi osłonami możesz cieszyć się tarasem nawet w chłodniejsze wieczory - zyskasz więcej prywatności, ciepła i nowoczesny design. Nasze 20-letnie doświadczenie pokazuje, że idealnie dobrane rozwiązania zmieniają taras w drugi salon. Umów bezpłatną wycenę: 507 704 919 🏠 ✨ 📞","Są takie jesienne poranki, gdy kawa na tarasie smakuje najlepiej, otulona spokojem i ciepłem. Odpowiednie żaluzje fasadowe, shuttersy lub markizy sprawiają, że Twój taras staje się drugim salonem, niezależnie od pogody. Czy Twój taras jest gotowy na sezon pełen komfortu? Zainspiruj się - więcej na blogu, link w bio. #żaluzje #shutters #markizy #wnętrza #dom #rolbest #inspiracje",https://drive.google.com/file/d/17BeIFCmtlfwTLoXelQZ5y2zUQn_229g_/view?usp=drivesdk,17BeIFCmtlfwTLoXelQZ5y2zUQn_229g_,Opublikowano,Do akceptacji,https://drive.google.com/file/d/190AKSjMJ5S-UmQPQ_sW75fCXYKvv__kD/view?usp=drivesdk,190AKSjMJ5S-UmQPQ_sW75fCXYKvv__kD,https://drive.google.com/file/d/18azY4J_z7twpzn-o6XOxVOjfL_6ol6Ql/view?usp=drivesdk,18azY4J_z7twpzn-o6XOxVOjfL_6ol6Ql
19-10-2025,"Biblioteka w stylu angielskim - magia drewna, zieleni i światła z żaluzjami drewnianymi i shuttersy od ROLBEST","<h1>Biblioteka w stylu angielskim - magia drewna, zieleni i światła z żaluzjami drewnianymi i shuttersy od ROLBEST</h1>

<strong>HOOK - Czy marzysz o domowej bibliotece?</strong>
Wyobraź sobie popołudnie, kiedy siadasz w wygodnym, skórzanym fotelu przy oknie, światło sączy się przez eleganckie żaluzje drewniane, a wokół unosi się zapach książek i drewna. Tak wygląda prawdziwa przestrzeń do kontemplacji - miejsce, gdzie możesz odciąć się od codziennego zgiełku i zatopić w lekturze. Czy wiesz, jak łatwo możesz stworzyć ten klimat we własnym domu?

<h2><strong>Żaluzje drewniane i shuttersy</strong> - styl angielskiej rezydencji</h2>
<strong>KONTEKST - Dlaczego styl angielskiej biblioteki jest teraz hot?</strong>
W 2025 roku wnętrza inspirowane klasycznymi, angielskimi gabinetami przeżywają prawdziwy renesans. Coraz więcej osób szuka w domu azylu, gdzie można skupić myśli, popracować lub po prostu odpocząć przy dobrej książce. Trendy wnętrzarskie stawiają na głębokie kolory, szlachetne materiały i przytulne detale. Ciemne drewno (orzech, mahoń), zieleń mchu i oliwkowe akcenty tworzą idealny miks dla miłośników klasyki i nowoczesnego komfortu. Kluczowa jest tu rola światła - odpowiednio modelowane, buduje atmosferę sprzyjającą skupieniu i relaksowi. W tej układance osłony okienne, takie jak żaluzje drewniane czy shuttersy, stają się nie tylko praktycznym, ale i stylowym elementem.

<h2><strong>Typowe błędy przy wyborze osłon okiennych</strong></h2>
<strong>PROBLEM - Czego unikać podczas urządzania biblioteki?</strong>
Wielu właścicieli domów skupia się wyłącznie na wyborze mebli i kolorystyki, zapominając, jak ogromny wpływ na klimat wnętrza mają osłony okienne. Często decydujemy się na tanie, gotowe rolety lub zasłony, które nie pasują do stylu pomieszczenia lub nie pozwalają na precyzyjną kontrolę światła. Efekt? Biblioteka jest zbyt ciemna lub przeciwnie - zbyt jasna, przez co łatwo się rozpraszasz. Kolejny błąd to ignorowanie faktury i koloru osłon - plastikowe rolety czy żaluzje aluminiowe mogą całkowicie zaburzyć klimat eleganckiego, angielskiego wnętrza. Zdarza się też, że zapominamy o prywatności - przez co pomieszczenie traci swój intymny, wyciszający charakter. Jeśli do tego dodamy przypadkowy dobór dodatków (dywany, tapety, lampy), całość wypada blado i nijako.

<h2><strong>ROLBEST</strong> - żaluzje drewniane i shuttersy do zadań specjalnych</h2>
<strong>ROZWIĄZANIE ROLBEST - Jak zbudować klimat biblioteki?</strong>
Tutaj wchodzimy my - ROLBEST, z ponad 20-letnim doświadczeniem w tworzeniu osłon okiennych szytych na miarę. Nasze żaluzje drewniane to must-have dla każdego, kto marzy o stylowej bibliotece w duchu angielskiej rezydencji. Ciemne, naturalne drewno pięknie komponuje się z regałami i skórzanym fotelem, a możliwość precyzyjnej regulacji lamelek pozwala wpuścić do wnętrza dokładnie tyle światła, ile potrzeba do komfortowego czytania. Jeśli wolisz bardziej klasyczne rozwiązanie - polecamy shuttersy, czyli okiennice wewnętrzne. To nie tylko praktyczny element kontroli światła i prywatności, ale też ozdoba sama w sobie - ich eleganckie ramy i szerokie lamele podkreślą angielski charakter wnętrza. Dla domów z dużymi przeszkleniami świetnie sprawdzą się też żaluzje fasadowe, które pozwalają zadbać o komfort cieplny i zacienienie nawet w najbardziej nasłonecznionych pomieszczeniach. Nasze produkty są dostępne w szerokiej gamie kolorów i wykończeń, więc bez problemu dopasujesz je do orzecha, mahoniu czy oliwkowej zieleni modnej w 2025 roku.

<h2><strong>Praktyczne porady</strong> - żaluzje drewniane i shuttersy w Twojej bibliotece</h2>
<ul>
  <li><strong>Wybierz żaluzje drewniane w odcieniu dopasowanym do regałów</strong> - spójność kolorystyczna to podstawa eleganckiego wnętrza.</li>
  <li><strong>Postaw na shuttersy, jeśli potrzebujesz więcej prywatności</strong> - szerokie lamele świetnie izolują od wzroku sąsiadów i pozwalają sterować światłem nawet w ciągu dnia.</li>
  <li><strong>Nie bój się zieleni</strong> - rośliny doniczkowe i tapety w odcieniach mchu dodadzą wnętrzu głębi i świeżości, a żaluzje drewniane podkreślą naturalny klimat aranżacji.</li>
  <li><strong>Światło to Twój sprzymierzeniec</strong> - ustaw fotel do czytania w pobliżu okna z żaluzjami drewnianymi, by cieszyć się miękkim, filtrowanym światłem bez efektu olśnienia.</li>
  <li><strong>Łącz faktury i materiały</strong> - miękki dywan, skórzany fotel, drewniane żaluzje i shuttersy stworzą przytulny miks, w którym chce się spędzać długie, jesienne wieczory.</li>
</ul>

<h2><strong>Shuttersy i żaluzje drewniane</strong> - zamów bezpłatną wycenę</h2>
<strong>CTA - Gotowy na własną angielską bibliotekę?</strong>
Nie czekaj, aż trend minie! Zamień zwykły pokój w prawdziwą przestrzeń do kontemplacji z żaluzjami drewnianymi, shuttersami i żaluzjami fasadowymi od ROLBEST. Zadzwoń po bezpłatną wycenę: 507 704 919 i pozwól sobie na wnętrze, w którym naprawdę odpoczniesz.","<h2>Żaluzje drewniane i shuttersy - styl angielskiej rezydencji</h2><p><strong>Kontekst</strong> - Dlaczego styl angielskiej biblioteki jest teraz hot? W 2025 roku wnętrza inspirowane klasycznymi, angielskimi gabinetami przeżywają prawdziwy renesans. Coraz więcej osób szuka w domu azylu, gdzie można skupić myśli, popracować lub po prostu odpocząć przy dobrej książce. Trendy wnętrzarskie stawiają na głębokie kolory, szlachetne materiały i przytulne detale. Ciemne drewno (orzech, mahoń), zieleń mchu i oliwkowe akcenty tworzą idealny miks dla miłośników klasyki i nowoczesnego komfortu. Kluczowa jest tu rola światła - odpowiednio modelowane, buduje atmosferę sprzyjającą skupieniu i relaksowi. W tej układance osłony okienne, takie jak <strong>żaluzje drewniane</strong> czy <strong>shuttersy</strong>, stają się nie tylko praktycznym, ale i stylowym elementem.</p><h2>Typowe błędy przy wyborze osłon okiennych</h2><p><strong>Problem</strong> - Czego unikać podczas urządzania biblioteki? Wielu właścicieli domów skupia się wyłącznie na wyborze mebli i kolorystyki, zapominając, jak ogromny wpływ na klimat wnętrza mają osłony okienne. Często decydujemy się na tanie, gotowe <strong>rolety</strong> lub zasłony, które nie pasują do stylu pomieszczenia lub nie pozwalają na precyzyjną kontrolę światła. Efekt? Biblioteka jest zbyt ciemna lub przeciwnie - zbyt jasna, przez co łatwo się rozpraszasz. Kolejny błąd to ignorowanie faktury i koloru osłon - plastikowe <strong>rolety</strong> czy <strong>żaluzje</strong> aluminiowe mogą całkowicie zaburzyć klimat eleganckiego, angielskiego wnętrza. Zdarza się też, że zapominamy o prywatności - przez co pomieszczenie traci swój intymny, wyciszający charakter. Jeśli do tego dodamy przypadkowy dobór dodatków (dywany, tapety, lampy), całość wypada blado i nijako.</p>[IMG2]<h2>ROLBEST - żaluzje drewniane i shuttersy do zadań specjalnych</h2><p><strong>Rozwiązanie ROLBEST</strong> - Jak zbudować klimat biblioteki? Tutaj wchodzimy my - ROLBEST, z ponad 20-letnim doświadczeniem w tworzeniu osłon okiennych szytych na miarę. Nasze <strong>żaluzje drewniane</strong> to must-have dla każdego, kto marzy o stylowej bibliotece w duchu angielskiej rezydencji. Ciemne, naturalne drewno pięknie komponuje się z regałami i skórzanym fotelem, a możliwość precyzyjnej regulacji lamelek pozwala wpuścić do wnętrza dokładnie tyle światła, ile potrzeba do komfortowego czytania. Jeśli wolisz bardziej klasyczne rozwiązanie - polecamy <strong>shuttersy</strong>, czyli <strong>okiennice wewnętrzne</strong>. To nie tylko praktyczny element kontroli światła i prywatności, ale też ozdoba sama w sobie - ich eleganckie ramy i szerokie lamele podkreślą angielski charakter wnętrza. Dla domów z dużymi przeszkleniami świetnie sprawdzą się też <strong>żaluzje fasadowe</strong>, które pozwalają zadbać o komfort cieplny i zacienienie nawet w najbardziej nasłonecznionych pomieszczeniach. Nasze produkty są dostępne w szerokiej gamie kolorów i wykończeń, więc bez problemu dopasujesz je do orzecha, mahoniu czy oliwkowej zieleni modnej w 2025 roku.</p><h2>Praktyczne porady - żaluzje drewniane i shuttersy w Twojej bibliotece</h2><ul><li><strong>Wybierz żaluzje drewniane</strong> w odcieniu dopasowanym do regałów - spójność kolorystyczna to podstawa eleganckiego wnętrza.</li><li><strong>Postaw na shuttersy</strong>, jeśli potrzebujesz więcej prywatności - szerokie lamele świetnie izolują od wzroku sąsiadów i pozwalają sterować światłem nawet w ciągu dnia.</li><li><strong>Nie bój się zieleni</strong> - rośliny doniczkowe i tapety w odcieniach mchu dodadzą wnętrzu głębi i świeżości, a <strong>żaluzje drewniane</strong> podkreślą naturalny klimat aranżacji.</li><li><strong>Światło to Twój sprzymierzeniec</strong> - ustaw fotel do czytania w pobliżu okna z <strong>żaluzjami drewnianymi</strong>, by cieszyć się miękkim, filtrowanym światłem bez efektu olśnienia.</li><li><strong>Łącz faktury i materiały</strong> - miękki dywan, skórzany fotel, drewniane <strong>żaluzje</strong> i <strong>shuttersy</strong> stworzą przytulny miks, w którym chce się spędzać długie, jesienne wieczory.</li></ul><h2>Shuttersy i żaluzje drewniane - zamów bezpłatną wycenę</h2><p>Nie czekaj, aż trend minie! Zamień zwykły pokój w prawdziwą przestrzeń do kontemplacji z <strong>żaluzjami drewnianymi</strong>, <strong>shuttersami</strong> i <strong>żaluzjami fasadowymi</strong> od ROLBEST. Zadzwoń po bezpłatną wycenę: <a href=""tel:507704919"">507 704 919</a> i pozwól sobie na wnętrze, w którym naprawdę odpoczniesz.</p>","Biblioteka w stylu angielskim - magia drewna, zieleni i światła z żaluzjami drewnianymi i shuttersy od ROLBEST! Marzysz o klimatycznym wnętrzu do czytania? Drewniane żaluzje i shuttersy pozwolą Ci idealnie sterować światłem i podkreślą elegancję biblioteki. Nasze 20-letnie doświadczenie pokazuje, jak stworzyć takie miejsce. Umów bezpłatną wycenę: 507 704 919. 🏠✨📞","Popołudnie w stylowej bibliotece - zapach drewna, zieleń za oknem i miękkie światło sączące się przez żaluzje drewniane. Precyzyjna kontrola światła tworzy intymny azyl do czytania, refleksji i prawdziwego relaksu. Jakie światło pasuje do Twojej przestrzeni marzeń? Odkryj więcej inspiracji na blogu ROLBEST - link w bio. #żaluzje #shutters #wnętrza #dom #rolbest #inspiracje #design",https://drive.google.com/file/d/1U1R18MnQzuFA5QWFoTmX0eerC70AQ-E5/view?usp=drivesdk,1U1R18MnQzuFA5QWFoTmX0eerC70AQ-E5,Opublikowano,Do akceptacji,https://drive.google.com/file/d/17qWP3IRj-Tkg99jcd1X4xsHb09bC2pF9/view?usp=drivesdk,17qWP3IRj-Tkg99jcd1X4xsHb09bC2pF9,https://drive.google.com/file/d/1JLX9X7_g_ys_nRDFOvOPT_DbSqz4cdho/view?usp=drivesdk,1JLX9X7_g_ys_nRDFOvOPT_DbSqz4cdho
20-10-2025,Minimalistyczny salon jesienią - światło i naturalne barwy z żaluzje fasadowe i żaluzje drewniane ROLBEST,"<h1>Minimalistyczny salon jesienią - światło i naturalne barwy z żaluzje fasadowe i żaluzje drewniane ROLBEST</h1>

<strong>HOOK</strong>

Wyobraź sobie jesienny wieczór w salonie, gdzie światło przenika przez duże okna i miękkie żaluzje fasadowe, a wnętrze otula ciepło naturalnego drewna. Brzmi jak marzenie? W praktyce zbyt często kończy się na przeładowanych dodatkach i chaotycznych osłonach okiennych, które bardziej przeszkadzają niż pomagają się zrelaksować. Jeśli szukasz prostoty, oddechu i harmonii - czytaj dalej.

<strong>KONTEKST</strong>

Minimalizm w salonie to nie chwilowa moda, ale styl życia, który coraz śmielej wkracza do polskich domów. Szczególnie jesienią, kiedy natura zwalnia i szukamy ukojenia, warto postawić na jasne barwy, proste formy i naturalne materiały. Nowoczesne wnętrza zachwycają beżami, bielą i ciepłym odcieniem drewna. Ale kluczowym elementem jest światło - to ono buduje nastrój, daje poczucie przestrzeni i pomaga się wyciszyć. Dlatego dobór odpowiednich osłon okiennych, takich jak żaluzje fasadowe ROLBEST czy żaluzje drewniane ROLBEST, staje się fundamentem aranżacji. Dzięki nim łatwo sterujesz ilością światła, zachowując minimalizm i przytulność bez kompromisów.

<strong>BŁĘDY W ARANŻACJI OKIEN</strong>

Wielu właścicieli domów i mieszkań popełnia kilka klasycznych błędów, które skutecznie psują efekt ""wow"" w salonie. Najczęściej wybierają rolety lub zasłony tylko ze względów praktycznych - byle zasłonić okno. Tymczasem źle dobrane osłony okienne potrafią przytłoczyć przestrzeń, zagracić ją wizualnie lub rozpraszać światło w niekontrolowany sposób. Nierzadko spotykam się z ciemnymi, ciężkimi materiałami albo plastikowymi roletami, które zupełnie nie pasują do jasnych, minimalistycznych wnętrz. Efekt? Zamiast relaksu - chaos, zamiast piękna - przypadek. Często też zapominamy o tym, by osłony okienne pozwalały ""modelować"" światło: rano chcesz promieni słońca, wieczorem - intymnego półmroku. To właśnie umiejętna gra światłem i cieniem buduje klimat, szczególnie jesienią. A bez odpowiednich produktów, jak żaluzje fasadowe czy żaluzje drewniane, trudno osiągnąć ten efekt.

<strong>ŻALUZJE FASADOWE I ŻALUZJE DREWNIANE ROLBEST - KLUCZ DO MINIMALIZMU</strong>

Czas na rozwiązanie, które naprawdę robi różnicę. Żaluzje fasadowe ROLBEST to synonim nowoczesności i funkcjonalności. Dzięki nim zyskujesz pełną kontrolę nad ilością światła - możesz je subtelnie rozproszyć lub całkowicie zaciemnić salon, bez utraty stylu. Ich proste, eleganckie linie podkreślają minimalistyczny charakter wnętrza, a szeroka gama kolorów pozwala idealnie dopasować je do jasnych ścian i naturalnych tekstyliów. Z kolei żaluzje drewniane ROLBEST dodają wnętrzu ciepła i przytulności. Naturalna faktura drewna świetnie współgra z beżami, bielą i jasnym drewnem na podłodze czy meblach. Co ważne, żaluzje drewniane są ponadczasowe i łatwe w utrzymaniu, a jednocześnie pozwalają subtelnie modelować światło - od delikatnych promieni o poranku po klimatyczne półcienie wieczorem. W ROLBEST stawiamy na precyzyjne wykonanie, indywidualny dobór rozmiaru oraz bezproblemowy montaż. Nasze osłony okienne są nie tylko piękne, ale i trwałe - to inwestycja na lata. W minimalistycznym salonie nie ma miejsca na kompromisy - liczy się każdy detal. Dlatego żaluzje fasadowe i żaluzje drewniane ROLBEST to najlepszy wybór dla tych, którzy cenią styl, wygodę i funkcjonalność.

<strong>PORADY: JAK STWORZYĆ MINIMALISTYCZNY SALON Z OSŁONAMI OKIENNYMI?</strong>

<strong>H3: Żaluzje fasadowe w funkcji modelowania światła</strong>
1. Postaw na duże przeszklenia i żaluzje fasadowe - wpuszczą maksimum światła, a Ty precyzyjnie wyregulujesz jego ilość zależnie od pory dnia i nastroju.

<strong>H3: Żaluzje drewniane jako ocieplenie wnętrza</strong>
2. Wybierz żaluzje drewniane w naturalnych odcieniach - beż, jasny dąb, bielone drewno - idealnie wpiszą się w minimalistyczną estetykę i dodadzą przytulnego klimatu.

<strong>H3: Osłony okienne - mniej znaczy więcej</strong>
3. Unikaj zbędnych firan i ciężkich zasłon. Jedna, dobrze dobrana osłona okienna (np. żaluzje fasadowe lub żaluzje drewniane) wystarczy, by utrzymać czyste linie aranżacji i łatwo kontrolować światło.

<strong>H3: Jasne tekstylia i naturalne dodatki</strong>
4. Uzupełnij przestrzeń jasnymi tekstyliami (lniane poduszki, wełniany pled) i pojedynczymi akcentami z naturalnych materiałów. To podkreśli lekkość i prostotę wnętrza.

<strong>H3: Przemyślana kolorystyka</strong>
5. Trzymaj się ograniczonej palety barw - biel, beż, drewno - a osłony okienne dobierz tak, by harmonizowały z całością.

<strong>CTA</strong>

Chcesz, żeby Twój salon jesienią był prawdziwą oazą spokoju - minimalistyczny, stylowy, pełen ciepła i światła? Zadzwoń po bezpłatną wycenę - tel: 507 704 919 i sprawdź, jak żaluzje fasadowe lub żaluzje drewniane ROLBEST mogą odmienić Twoje wnętrze!","<h2>Minimalizm w salonie</h2><p>Wyobraź sobie jesienny wieczór w salonie, gdzie światło przenika przez duże okna i miękkie <strong>żaluzje fasadowe</strong>, a wnętrze otula ciepło naturalnego drewna. Brzmi jak marzenie? W praktyce zbyt często kończy się na przeładowanych dodatkach i chaotycznych osłonach okiennych, które bardziej przeszkadzają niż pomagają się zrelaksować. Jeśli szukasz prostoty, oddechu i harmonii - czytaj dalej.</p><h2>Problem</h2><p>Minimalizm w salonie to nie chwilowa moda, ale styl życia, który coraz śmielej wkracza do polskich domów. Szczególnie jesienią, kiedy natura zwalnia i szukamy ukojenia, warto postawić na jasne barwy, proste formy i naturalne materiały. Nowoczesne wnętrza zachwycają beżami, bielą i ciepłym odcieniem drewna. Ale kluczowym elementem jest światło - to ono buduje nastrój, daje poczucie przestrzeni i pomaga się wyciszyć. Dlatego dobór odpowiednich <strong>osłon okiennych</strong>, takich jak <strong>żaluzje fasadowe</strong> ROLBEST czy <strong>żaluzje drewniane</strong> ROLBEST, staje się fundamentem aranżacji. Dzięki nim łatwo sterujesz ilością światła, zachowując minimalizm i przytulność bez kompromisów.</p>[IMG2]<h2>Błędy w aranżacji okien</h2><p>Wielu właścicieli domów i mieszkań popełnia kilka klasycznych błędów, które skutecznie psują efekt ""wow"" w salonie. Najczęściej wybierają <strong>rolety</strong> lub zasłony tylko ze względów praktycznych - byle zasłonić okno. Tymczasem źle dobrane osłony okienne potrafią przytłoczyć przestrzeń, zagracić ją wizualnie lub rozpraszać światło w niekontrolowany sposób. Nierzadko spotykam się z ciemnymi, ciężkimi materiałami albo plastikowymi roletami, które zupełnie nie pasują do jasnych, minimalistycznych wnętrz. Efekt? Zamiast relaksu - chaos, zamiast piękna - przypadek. Często też zapominamy o tym, by osłony okienne pozwalały ""modelować"" światło: rano chcesz promieni słońca, wieczorem - intymnego półmroku. To właśnie umiejętna gra światłem i cieniem buduje klimat, szczególnie jesienią. A bez odpowiednich produktów, jak <strong>żaluzje fasadowe</strong> czy <strong>żaluzje drewniane</strong>, trudno osiągnąć ten efekt.</p><h2>Żaluzje fasadowe i żaluzje drewniane ROLBEST</h2><p>Czas na rozwiązanie, które naprawdę robi różnicę. <strong>Żaluzje fasadowe</strong> ROLBEST to synonim nowoczesności i funkcjonalności. Dzięki nim zyskujesz pełną kontrolę nad ilością światła - możesz je subtelnie rozproszyć lub całkowicie zaciemnić salon, bez utraty stylu. Ich proste, eleganckie linie podkreślają minimalistyczny charakter wnętrza, a szeroka gama kolorów pozwala idealnie dopasować je do jasnych ścian i naturalnych tekstyliów. Z kolei <strong>żaluzje drewniane</strong> ROLBEST dodają wnętrzu ciepła i przytulności. Naturalna faktura drewna świetnie współgra z beżami, bielą i jasnym drewnem na podłodze czy meblach. Co ważne, <strong>żaluzje drewniane</strong> są ponadczasowe i łatwe w utrzymaniu, a jednocześnie pozwalają subtelnie modelować światło - od delikatnych promieni o poranku po klimatyczne półcienie wieczorem. W ROLBEST stawiamy na precyzyjne wykonanie, indywidualny dobór rozmiaru oraz bezproblemowy montaż. Nasze osłony okienne są nie tylko piękne, ale i trwałe - to inwestycja na lata. W minimalistycznym salonie nie ma miejsca na kompromisy - liczy się każdy detal. Dlatego <strong>żaluzje fasadowe</strong> i <strong>żaluzje drewniane</strong> ROLBEST to najlepszy wybór dla tych, którzy cenią styl, wygodę i funkcjonalność.</p><h2>Porady: Jak stworzyć minimalistyczny salon?</h2><h3>Żaluzje fasadowe w funkcji modelowania światła</h3><p><strong>Postaw na duże przeszklenia</strong> i <strong>żaluzje fasadowe</strong> - wpuszczą maksimum światła, a Ty precyzyjnie wyregulujesz jego ilość zależnie od pory dnia i nastroju.</p><h3>Żaluzje drewniane jako ocieplenie wnętrza</h3><p><strong>Wybierz żaluzje drewniane</strong> w naturalnych odcieniach - beż, jasny dąb, bielone drewno - idealnie wpiszą się w minimalistyczną estetykę i dodadzą przytulnego klimatu.</p><h3>Osłony okienne - mniej znaczy więcej</h3><p><strong>Unikaj zbędnych firan</strong> i ciężkich zasłon. Jedna, dobrze dobrana osłona okienna (np. <strong>żaluzje fasadowe</strong> lub <strong>żaluzje drewniane</strong>) wystarczy, by utrzymać czyste linie aranżacji i łatwo kontrolować światło.</p><h3>Jasne tekstylia i naturalne dodatki</h3><p><strong>Uzupełnij przestrzeń jasnymi tekstyliami</strong> (lniane poduszki, wełniany pled) i pojedynczymi akcentami z naturalnych materiałów. To podkreśli lekkość i prostotę wnętrza.</p><h3>Przemyślana kolorystyka</h3><p><strong>Trzymaj się ograniczonej palety barw</strong> - biel, beż, drewno - a osłony okienne dobierz tak, by harmonizowały z całością.</p>[IMG3]<p>Umów bezpłatną wycenę: <a href=""tel:507704919"">507 704 919</a></p>","Minimalistyczny salon jesienią - światło i naturalne barwy z żaluzje fasadowe i żaluzje drewniane ROLBEST… Marzysz o wnętrzu, które jest uporządkowane, pełne światła i ciepła? Prostym sposobem są nasze żaluzje - dzięki nim łatwo sterujesz klimatem, zachowując harmonię przestrzeni. Nasze 20-letnie doświadczenie pokazuje, że właśnie takie rozwiązania odmieniają wnętrza. Umów bezpłatną wycenę: 507 704 919. 🏠 💡 👨‍🔧","Poranna kawa w salonie zalanym ciepłym światłem, miękko przefiltrowanym przez żaluzje drewniane ROLBEST - czy to nie kwintesencja jesiennego spokoju? Subtelna kontrola światła i naturalne barwy czynią wnętrze minimalistycznym, ale pełnym przytulności i harmonii. A Ty - jak modelujesz światło w swoim domu? Po jeszcze więcej inspiracji zapraszam na blog - link w bio. #żaluzje #rolbest #wnętrza #dom #design #inspiracje #okna",https://drive.google.com/file/d/16jSVC64J2GurtXxDKf8a6kdeWcOoZlDA/view?usp=drivesdk,16jSVC64J2GurtXxDKf8a6kdeWcOoZlDA,Opublikowano,Do akceptacji,https://drive.google.com/file/d/1zcsjpqRQjx-jeqka0lunkJIhc4boqm7i/view?usp=drivesdk,1zcsjpqRQjx-jeqka0lunkJIhc4boqm7i,https://drive.google.com/file/d/1KrFbvuwjrgUJxJ8IKwy8OOiv8MVNCs7g/view?usp=drivesdk,1KrFbvuwjrgUJxJ8IKwy8OOiv8MVNCs7g
21-10-2025,Nowoczesna kuchnia z jadalnią - klimat i komfort dzięki żaluzje fasadowe i żaluzje drewniane ROLBEST,"<h1>Nowoczesna kuchnia z jadalnią - klimat i komfort dzięki żaluzje fasadowe i żaluzje drewniane ROLBEST</h1>

<strong>HOOK</strong>

Wyobraź sobie jesienny poranek - kawa paruje na stole, dzieci leniwie zaczynają dzień, a przez okno wpada ciepłe, miękkie światło. Masz wrażenie, że kuchnia naprawdę jest sercem domu. Ale... czy na pewno wykorzystujesz potencjał swojego wnętrza? Światło i naturalne materiały potrafią zbudować niepowtarzalny klimat - albo go zniszczyć, jeśli coś pójdzie nie tak.

<strong>KONTEKST</strong>

Jesień to dla wielu z nas czas powrotu do długich wieczorów w domu i rodzinnych spotkań przy stole. Nowoczesna kuchnia z jadalnią już dawno przestała być tylko miejscem gotowania - dziś to centrum życia domowego. Trendy na 2025 rok jasno pokazują: liczy się światło dzienne, ciepłe materiały takie jak drewno i kamień oraz minimalizm, który daje oddech każdemu wnętrzu. Przemyślane osłony okienne, takie jak żaluzje fasadowe i żaluzje drewniane, nie tylko podkręcają styl, ale pozwalają też kontrolować klimat w Twojej kuchni. To nie jest już tylko kwestia estetyki - to codzienny komfort i funkcjonalność.

<strong>PROBLEM</strong>

Wielu właścicieli domów popełnia typowe błędy podczas aranżacji kuchni z jadalnią. Skupiamy się na blatach, szafkach i sprzęcie AGD, zapominając o roli światła dziennego i odpowiednich osłon okiennych. Efekt? Kuchnia bywa zbyt ciemna, przegrzewa się w słoneczne dni lub traci intymność wieczorem. Często wybieramy przypadkowe rolety lub zasłony, które nie współgrają z resztą wnętrza albo nie oferują odpowiedniej kontroli światła. Zdarza się, że montujemy żaluzje lub rolety o kiepskiej jakości, które szybko się niszczą lub nie spełniają swojej funkcji. Jesienią każdy promień słońca jest na wagę złota - nie warto go marnować przez źle dobrane osłony okienne. Minimalistyczna kuchnia łatwo może stracić przytulność, jeśli światło jest zbyt ostre lub zbyt chłodne, a materiały sztuczne i tanie dominują zamiast naturalnych, ciepłych akcentów.

<strong>Żaluzje fasadowe i żaluzje drewniane ROLBEST - naturalne rozwiązanie</strong>

ROLBEST od ponad 20 lat dostarcza sprawdzone rozwiązania, które budują klimat i komfort nowoczesnych wnętrz. Żaluzje fasadowe ROLBEST to idealna opcja, jeśli chcesz maksymalnie wykorzystać światło dzienne i jednocześnie mieć pełną kontrolę nad jego ilością. W dużych przeszkleniach pozwalają na płynną regulację - możesz zaprosić do środka jesienne słońce lub stworzyć nastrojowy półmrok na rodzinny obiad. W dodatku żaluzje fasadowe świetnie wpisują się w minimalistyczny styl - ich nowoczesna forma i szeroka gama kolorów sprawiają, że doskonale komponują się z drewnem, kamieniem i bielą.

Jeśli cenisz klasykę i ciepło, żaluzje drewniane ROLBEST z naturalnego drewna to strzał w dziesiątkę. Drewno wprowadza do kuchni przytulność i elegancję, podkreśla autentyczność materiałów i delikatnie filtruje światło, tworząc efekt miękkich cieni. To nie tylko osłona okienna, ale też designerski akcent, który podbija klimat całego wnętrza. Oba rozwiązania są trwałe, łatwe w utrzymaniu, a przede wszystkim - szyte na miarę Twoich potrzeb i okien. Dodatkowo osłony okienne ROLBEST pozwalają zadbać o prywatność, chronią przed nadmiernym nagrzaniem w słoneczne dni i pomagają utrzymać przytulny klimat jesienią.

<strong>H2: <strong>Żaluzje fasadowe i drewniane - klucz do klimatu</strong></strong>

<strong>H3: <strong>ROLBEST - jak dobrać żaluzje do kuchni</strong></strong>

1. **Zwróć uwagę na ekspozycję okna** - Jeśli Twoja kuchnia ma duże przeszklenia od południa lub zachodu, żaluzje fasadowe pozwolą Ci sterować ilością światła i zredukować przegrzewanie. Od wschodu świetnie sprawdzą się żaluzje drewniane, które subtelnie rozpraszają poranne promienie.

2. **Wybierz naturalne materiały** - Stawiaj na żaluzje drewniane, jeśli chcesz ocieplić wnętrze i podkreślić domowy klimat. Połączenie drewna, bieli i kamienia to gwarancja ponadczasowego stylu.

3. **Minimalizm, który nie nudzi** - Postaw na proste, eleganckie formy. Żaluzje fasadowe w antracycie, bieli lub kolorze drewna idealnie wpiszą się w nowoczesną kuchnię z jadalnią. Unikaj ciężkich, wzorzystych zasłon, które mogą przytłoczyć przestrzeń.

4. **Dbaj o praktyczność** - Wybierz osłony okienne łatwe w czyszczeniu i odporne na wilgoć. ROLBEST oferuje żaluzje wykonane z materiałów wysokiej jakości, które doskonale sprawdzają się w kuchni.

5. **Pomyśl o automatyzacji** - Jeśli lubisz nowinki, postaw na żaluzje fasadowe z napędem elektrycznym - możesz je sterować pilotem lub smartfonem, nie ruszając się z sofy!

<strong>CTA</strong>

Chcesz, by Twoja kuchnia z jadalnią stała się prawdziwym sercem domu tej jesieni? Postaw na żaluzje fasadowe lub żaluzje drewniane ROLBEST. Zadzwoń po bezpłatną wycenę - tel: 507 704 919 i zobacz, jak osłony okienne mogą odmienić Twoją codzienność!","<h2>Nowoczesna kuchnia z jadalnią</h2><p>Wyobraź sobie jesienny poranek - kawa paruje na stole, dzieci leniwie zaczynają dzień, a przez okno wpada ciepłe, miękkie światło. Masz wrażenie, że kuchnia naprawdę jest sercem domu. Ale... czy na pewno wykorzystujesz potencjał swojego wnętrza? Światło i naturalne materiały potrafią zbudować niepowtarzalny klimat - albo go zniszczyć, jeśli coś pójdzie nie tak.</p><h2>Jesień w kuchni</h2><p>Jesień to dla wielu z nas czas powrotu do długich wieczorów w domu i rodzinnych spotkań przy stole. Nowoczesna kuchnia z jadalnią już dawno przestała być tylko miejscem gotowania - dziś to centrum życia domowego. Trendy na 2025 rok jasno pokazują: liczy się światło dzienne, ciepłe materiały takie jak drewno i kamień oraz minimalizm, który daje oddech każdemu wnętrzu. Przemyślane osłony okienne, takie jak <strong>żaluzje fasadowe</strong> i <strong>żaluzje drewniane</strong>, nie tylko podkręcają styl, ale pozwalają też kontrolować klimat w Twojej kuchni. To nie jest już tylko kwestia estetyki - to codzienny komfort i funkcjonalność.</p><h2>Typowe błędy w aranżacji</h2><p>Wielu właścicieli domów popełnia typowe błędy podczas aranżacji kuchni z jadalnią. Skupiamy się na blatach, szafkach i sprzęcie AGD, zapominając o roli światła dziennego i odpowiednich osłon okiennych. Efekt? Kuchnia bywa zbyt ciemna, przegrzewa się w słoneczne dni lub traci intymność wieczorem. Często wybieramy przypadkowe <strong>rolety</strong> lub zasłony, które nie współgrają z resztą wnętrza albo nie oferują odpowiedniej kontroli światła. Zdarza się, że montujemy <strong>żaluzje</strong> lub <strong>rolety</strong> o kiepskiej jakości, które szybko się niszczą lub nie spełniają swojej funkcji. Jesienią każdy promień słońca jest na wagę złota - nie warto go marnować przez źle dobrane osłony okienne. Minimalistyczna kuchnia łatwo może stracić przytulność, jeśli światło jest zbyt ostre lub zbyt chłodne, a materiały sztuczne i tanie dominują zamiast naturalnych, ciepłych akcentów.</p>[IMG2]<h2>Żaluzje fasadowe i drewniane ROLBEST</h2><p><strong>ROLBEST</strong> od ponad 20 lat dostarcza sprawdzone rozwiązania, które budują klimat i komfort nowoczesnych wnętrz. <strong>Żaluzje fasadowe</strong> ROLBEST to idealna opcja, jeśli chcesz maksymalnie wykorzystać światło dzienne i jednocześnie mieć pełną kontrolę nad jego ilością. W dużych przeszkleniach pozwalają na płynną regulację - możesz zaprosić do środka jesienne słońce lub stworzyć nastrojowy półmrok na rodzinny obiad. W dodatku <strong>żaluzje fasadowe</strong> świetnie wpisują się w minimalistyczny styl - ich nowoczesna forma i szeroka gama kolorów sprawiają, że doskonale komponują się z drewnem, kamieniem i bielą.</p><p>Jeśli cenisz klasykę i ciepło, <strong>żaluzje drewniane</strong> ROLBEST z naturalnego drewna to strzał w dziesiątkę. Drewno wprowadza do kuchni przytulność i elegancję, podkreśla autentyczność materiałów i delikatnie filtruje światło, tworząc efekt miękkich cieni. To nie tylko osłona okienna, ale też designerski akcent, który podbija klimat całego wnętrza. Oba rozwiązania są trwałe, łatwe w utrzymaniu, a przede wszystkim - szyte na miarę Twoich potrzeb i okien. Dodatkowo osłony okienne ROLBEST pozwalają zadbać o prywatność, chronią przed nadmiernym nagrzaniem w słoneczne dni i pomagają utrzymać przytulny klimat jesienią.</p><h2>Jak dobrać żaluzje do kuchni</h2><h3>Ekspozycja okna</h3><p><strong>Zwróć uwagę na ekspozycję okna</strong> - Jeśli Twoja kuchnia ma duże przeszklenia od południa lub zachodu, <strong>żaluzje fasadowe</strong> pozwolą Ci sterować ilością światła i zredukować przegrzewanie. Od wschodu świetnie sprawdzą się <strong>żaluzje drewniane</strong>, które subtelnie rozpraszają poranne promienie.</p><h3>Naturalne materiały</h3><p><strong>Wybierz naturalne materiały</strong> - Stawiaj na <strong>żaluzje drewniane</strong>, jeśli chcesz ocieplić wnętrze i podkreślić domowy klimat. Połączenie drewna, bieli i kamienia to gwarancja ponadczasowego stylu.</p><h3>Minimalizm</h3><p><strong>Minimalizm, który nie nudzi</strong> - Postaw na proste, eleganckie formy. <strong>Żaluzje fasadowe</strong> w antracycie, bieli lub kolorze drewna idealnie wpiszą się w nowoczesną kuchnię z jadalnią. Unikaj ciężkich, wzorzystych zasłon, które mogą przytłoczyć przestrzeń.</p><h3>Praktyczność</h3><p><strong>Dbaj o praktyczność</strong> - Wybierz osłony okienne łatwe w czyszczeniu i odporne na wilgoć. ROLBEST oferuje <strong>żaluzje</strong> wykonane z materiałów wysokiej jakości, które doskonale sprawdzają się w kuchni.</p><h3>Automatyzacja</h3><p><strong>Pomyśl o automatyzacji</strong> - Jeśli lubisz nowinki, postaw na <strong>żaluzje fasadowe</strong> z napędem elektrycznym - możesz je sterować pilotem lub smartfonem, nie ruszając się z sofy!</p>[IMG3]<p>Umów bezpłatną wycenę: <a href=""tel:507704919"">507 704 919</a></p>","Nowoczesna kuchnia z jadalnią - klimat i komfort dzięki żaluzje fasadowe i żaluzje drewniane ROLBEST? Dobierając żaluzje ROLBEST, zyskasz kontrolę nad światłem i przytulność każdego dnia. Nasze 20-letnie doświadczenie pokazuje, jak ogromnie zmienia to atmosferę domu. Umów bezpłatną wycenę: 507 704 919 🏠 ✨ 📞","Poranna kawa przy stole, gdy w kuchni tańczy miękkie, jesienne światło - czy to nie właśnie tego pragniesz dla swojego domu? Odpowiednio dobrane żaluzje fasadowe i drewniane ROLBEST pozwalają w pełni poczuć klimat wnętrza i jego komfort na co dzień. Jak wykorzystujesz światło u siebie? Odkryj więcej inspiracji na blogu - link w bio. #rolbest #żaluzje #wnętrza #dom #design #inspiracje #okna",https://drive.google.com/file/d/1KPVcSMJN8FsRXvlQ8p7yvtsaC8tD2Lu3/view?usp=drivesdk,1KPVcSMJN8FsRXvlQ8p7yvtsaC8tD2Lu3,Opublikowano,Do akceptacji,https://drive.google.com/file/d/1ZWb4bWoRouzObN44ce02j3sZt4SZ6lgM/view?usp=drivesdk,1ZWb4bWoRouzObN44ce02j3sZt4SZ6lgM,https://drive.google.com/file/d/1RHha4BlD2O7ShBUeWRa-Gku-yTntJFN-/view?usp=drivesdk,1RHha4BlD2O7ShBUeWRa-Gku-yTntJFN-
22-10-2025,Skandynawska sypialnia i światło,"<strong>HOOK - Skandynawska sypialnia i światło</strong>

Wyobraź sobie jesienny wieczór - siedzisz w swojej sypialni, kubek herbaty w dłoni, za oknem wiatr szarpie złotymi liśćmi. Tylko coś nie gra: światło jest zbyt ostre albo za ciemno, a przez okno wpada chłód. Właśnie wtedy czujesz, jak bardzo atmosfera i komfort w sypialni zależą od… drobiazgów, takich jak odpowiednie osłony okienne.

<strong>KONTEKST - Dlaczego światło i osłony mają znaczenie?</strong>

Jesień to czas spowolnienia, łapania oddechu i regeneracji. Architekci wnętrz podkreślają, że w chłodniejszych miesiącach dom powinien być miejscem, które daje poczucie bezpieczeństwa i wyciszenia. W skandynawskiej filozofii aranżacji sypialni kluczowe są światło dzienne, naturalne materiały i harmonia z otoczeniem. To, jak zaplanujesz dostęp światła i wybierzesz osłony okienne, może wpłynąć nie tylko na klimat wnętrza, ale i na jakość Twojego snu czy poziom codziennej energii. Dobrze dobrane żaluzje, shuttersy czy rolety rzymskie to nie tylko kwestia estetyki - to realny wpływ na Twój komfort życia na co dzień.

<strong>PROBLEM - Typowe błędy w aranżacji okien i światła</strong>

Właściciele domów często popełniają kilka powtarzalnych błędów. Najczęstszy? Wybierają osłony okienne wyłącznie pod kątem wyglądu, zapominając o funkcjonalności. Rolety, które nie dają się precyzyjnie regulować, potrafią zamienić sypialnię w ciemną jaskinię lub przeciwnie - w miejsce, gdzie nie sposób się zrelaksować po zmroku. Inny problem to złe dopasowanie materiałów - tanie syntetyki nie współgrają z ciepłem drewna i resztą wnętrza, a do tego szybko tracą świeżość. Często spotykam też sytuacje, gdzie żaluzje fasadowe albo rolety pilsowane (plisy) są niedopasowane do wielkości okien i nie pozwalają na subtelną grę światłem, którą tak ceni skandynawski styl. Efekt? Zamiast oazy spokoju masz chaos i nieprzyjemny chłód.

<strong>ROZWIĄZANIE ROLBEST - Żaluzje drewniane, shuttersy i rolety rzymskie</strong>

Tu wchodzą produkty ROLBEST, które od lat doceniają zarówno architekci, jak i właściciele domów ceniący jakość i styl. <strong>Żaluzje drewniane</strong> ROLBEST to esencja skandynawskiej elegancji - naturalne drewno o wyraźnym usłojeniu, ciepłe kolory i perfekcyjna regulacja światła. Możesz jednym ruchem wpuścić do sypialni promienie porannego słońca lub subtelnie je przefiltrować, tworząc intymną aurę na wieczór. <strong>Shuttersy</strong> (czyli okiennice wewnętrzne) to rozwiązanie dla tych, którzy kochają styl i szukają też izolacji akustycznej oraz prywatności. Ich ponadczasowy design sprawia, że pasują zarówno do klasycznych, jak i nowoczesnych aranżacji - a Ty decydujesz, ile światła wpada do środka. Z kolei <strong>rolety rzymskie</strong> świetnie dopełnią spokojny charakter sypialni: miękko układająca się tkanina w naturalnych odcieniach beżu i zieleni łatwo wpisze się w każdą paletę kolorystyczną. Atut? Wszystkie produkty ROLBEST są robione na wymiar - masz więc pewność, że będą idealnie współgrać z Twoim wnętrzem i potrzebami.

<strong>PORADNIK PRAKTYCZNY - 5 trików na skandynawską sypialnię</strong>

1. <strong>Wybierz żaluzje drewniane w naturalnym odcieniu</strong> - Drewno ociepla przestrzeń i świetnie komponuje się z lnianą pościelą czy roślinami. Postaw na szerokie lamele - pozwalają precyzyjnie sterować światłem.
2. <strong>Shuttersy do dużych okien</strong> - Jeśli masz panoramiczne okna, shuttersy pozwolą Ci zbudować przytulny klimat i skutecznie odizolować się od ulicznego zgiełku.
3. <strong>Rolety rzymskie do małych przestrzeni</strong> - W niewielkiej sypialni sprawdzą się lekkie rolety rzymskie - nie przytłaczają, a jednocześnie dodają miękkości i elegancji.
4. <strong>Łącz osłony okienne dla pełnego efektu</strong> - Architekci często polecają połączenie żaluzji drewnianych z roletami pilsowanymi (plisami) dla maksymalnej kontroli nad światłem i prywatnością.
5. <strong>Zadbaj o detale</strong> - Stonowane tekstylia, jasne ściany, kilka zielonych roślin i… dobrze dobrane osłony okienne. To one budują atmosferę skandynawskiego spokoju.

<strong>CTA - Zrób pierwszy krok do idealnej sypialni!</strong>

Chcesz poczuć jesienny spokój w swoim domu? Odkryj kolekcję żaluzji drewnianych, shuttersów i rolet rzymskich ROLBEST - zadzwoń po bezpłatną wycenę: 507 704 919. Sprawdź, jak łatwo możesz zmienić swoją sypialnię w prawdziwą oazę relaksu!","<h2>Światło w sypialni</h2><p>Wyobraź sobie jesienny wieczór - siedzisz w swojej sypialni, kubek herbaty w dłoni, za oknem wiatr szarpie złotymi liśćmi. Tylko coś nie gra: światło jest zbyt ostre albo za ciemno, a przez okno wpada chłód. Właśnie wtedy czujesz, jak bardzo atmosfera i komfort w sypialni zależą od… drobiazgów, takich jak odpowiednie <strong>osłony okienne</strong>.</p><h2>Dlaczego światło i osłony mają znaczenie?</h2><p>Jesień to czas spowolnienia, łapania oddechu i regeneracji. Architekci wnętrz podkreślają, że w chłodniejszych miesiącach dom powinien być miejscem, które daje poczucie bezpieczeństwa i wyciszenia. W skandynawskiej filozofii aranżacji sypialni kluczowe są światło dzienne, naturalne materiały i harmonia z otoczeniem. To, jak zaplanujesz dostęp światła i wybierzesz <strong>osłony okienne</strong>, może wpłynąć nie tylko na klimat wnętrza, ale i na jakość Twojego snu czy poziom codziennej energii. Dobrze dobrane <strong>żaluzje</strong>, <strong>shuttersy</strong> czy <strong>rolety rzymskie</strong> to nie tylko kwestia estetyki - to realny wpływ na Twój komfort życia na co dzień.</p><h2>Typowe błędy w aranżacji okien</h2><p>Właściciele domów często popełniają kilka powtarzalnych błędów. Najczęstszy? Wybierają <strong>osłony okienne</strong> wyłącznie pod kątem wyglądu, zapominając o funkcjonalności. <strong>Rolety</strong>, które nie dają się precyzyjnie regulować, potrafią zamienić sypialnię w ciemną jaskinię lub przeciwnie - w miejsce, gdzie nie sposób się zrelaksować po zmroku. Inny problem to złe dopasowanie materiałów - tanie syntetyki nie współgrają z ciepłem drewna i resztą wnętrza, a do tego szybko tracą świeżość. Często spotykam też sytuacje, gdzie <strong>żaluzje fasadowe</strong> albo <strong>rolety pilsowane</strong> (plisy) są niedopasowane do wielkości okien i nie pozwalają na subtelną grę światłem, którą tak ceni skandynawski styl. Efekt? Zamiast oazy spokoju masz chaos i nieprzyjemny chłód.</p>[IMG2]<h2>Rozwiązanie ROLBEST</h2><p>Tu wchodzą produkty ROLBEST, które od lat doceniają zarówno architekci, jak i właściciele domów ceniący jakość i styl. <strong>Żaluzje drewniane</strong> ROLBEST to esencja skandynawskiej elegancji - naturalne drewno o wyraźnym usłojeniu, ciepłe kolory i perfekcyjna regulacja światła. Możesz jednym ruchem wpuścić do sypialni promienie porannego słońca lub subtelnie je przefiltrować, tworząc intymną aurę na wieczór. <strong>Shuttersy</strong> (czyli <strong>okiennice wewnętrzne</strong>) to rozwiązanie dla tych, którzy kochają styl i szukają też izolacji akustycznej oraz prywatności. Ich ponadczasowy design sprawia, że pasują zarówno do klasycznych, jak i nowoczesnych aranżacji - a Ty decydujesz, ile światła wpada do środka. Z kolei <strong>rolety rzymskie</strong> świetnie dopełnią spokojny charakter sypialni: miękko układająca się tkanina w naturalnych odcieniach beżu i zieleni łatwo wpisze się w każdą paletę kolorystyczną. Atut? Wszystkie produkty ROLBEST są robione na wymiar - masz więc pewność, że będą idealnie współgrać z Twoim wnętrzem i potrzebami.</p><h2>Poradnik praktyczny</h2><h3>Wybierz żaluzje drewniane</h3><p><strong>Żaluzje drewniane</strong> w naturalnym odcieniu - Drewno ociepla przestrzeń i świetnie komponuje się z lnianą pościelą czy roślinami. Postaw na szerokie lamele - pozwalają precyzyjnie sterować światłem.</p><h3>Shuttersy do dużych okien</h3><p>Jeśli masz panoramiczne okna, <strong>shuttersy</strong> pozwolą Ci zbudować przytulny klimat i skutecznie odizolować się od ulicznego zgiełku.</p><h3>Rolety rzymskie do małych przestrzeni</h3><p>W niewielkiej sypialni sprawdzą się lekkie <strong>rolety rzymskie</strong> - nie przytłaczają, a jednocześnie dodają miękkości i elegancji.</p><h3>Łącz osłony okienne</h3><p>Architekci często polecają połączenie <strong>żaluzji drewnianych</strong> z <strong>roletami pilsowanymi</strong> (plisami) dla maksymalnej kontroli nad światłem i prywatnością.</p><h3>Zadbaj o detale</h3><p>Stonowane tekstylia, jasne ściany, kilka zielonych roślin i… dobrze dobrane <strong>osłony okienne</strong>. To one budują atmosferę skandynawskiego spokoju.</p>[IMG3]<p>Umów bezpłatną wycenę: <a href=""tel:507704919"">507 704 919</a></p>","Jesienna sypialnia - spokój i styl dzięki żaluzje drewniane, shuttersy i rolety rzymskie? Odpowiednie osłony okienne to prosty sposób na ciepły klimat i lepszy sen w chłodne wieczory. Nasze 20-letnie doświadczenie pokazuje, że naturalne materiały i precyzyjna regulacja światła tworzą idealną oazę relaksu. Umów bezpłatną wycenę: 507 704 919. 🏠 ✨ 📞","Wieczór spędzony w sypialni, gdzie światło miękko otula przestrzeń, przynosi prawdziwy spokój. Odpowiednie żaluzje drewniane, shuttersy lub rolety rzymskie potrafią odmienić klimat i komfort domowego azylu. Jakie osłony sprawdzą się najlepiej w Twojej jesiennej sypialni? Zajrzyj na bloga - więcej inspiracji w linku w bio! #rolbest #żaluzje #shutters #rolety #wnętrza #dom #inspiracje",https://drive.google.com/file/d/1E5S9oZRXbnBIlwZg7YQ6D8mMtBvQoUFE/view?usp=drivesdk,1E5S9oZRXbnBIlwZg7YQ6D8mMtBvQoUFE,Opublikowano,Do akceptacji,https://drive.google.com/file/d/1cTcGqMAzbOIt-vPG18JWJivka-eX10wS/view?usp=drivesdk,1cTcGqMAzbOIt-vPG18JWJivka-eX10wS,https://drive.google.com/file/d/15WPS8ak9po4K4IKOVpWIvupex67jo7jk/view?usp=drivesdk,15WPS8ak9po4K4IKOVpWIvupex67jo7jk
23-10-2025,"Eklektyczny home office - biel, czerń i drewno. Żaluzje drewniane, shuttersy i żaluzje fasadowe ROLBEST w roli głównej","<h1>Eklektyczny home office - biel, czerń i drewno. Żaluzje drewniane, shuttersy i żaluzje fasadowe ROLBEST w roli głównej</h1>

<strong>HOOK - Jesienny home office - inspiracja i wyzwanie</strong>

Wyobraź sobie - za oknem szaruga, a Ty próbujesz skoncentrować się w swoim domowym biurze. Coś nie gra - światło męczy oczy, a przestrzeń jest nijaka. Czujesz, że Twoja produktywność spada, a wnętrze nie inspiruje. A gdyby tak zamienić home office w miejsce, które Cię napędza - stylowe, funkcjonalne, skrojone pod Ciebie?

<strong>KONTEKST - Dlaczego eklektyczny styl i odpowiednie osłony okienne teraz mają znaczenie</strong>

Jesień to czas, gdy domowe biuro staje się Twoją bazą wypadową na długie godziny. Pracujemy zdalnie, prowadzimy spotkania online i szukamy rozwiązań, które sprawią, że nawet pochmurny dzień nie podetnie Ci skrzydeł. Eklektyczny styl - miks bieli, czerni i drewna z designerskimi detalami - to hit sezonu 2025. Pozwala łączyć nowoczesność z klasyką i podkreślić Twój indywidualizm. Ale nawet najpiękniejsze meble nie wystarczą, jeśli światło w biurze jest nieprzyjazne. Dlatego coraz więcej osób sięga po sprawdzone osłony okienne ROLBEST: żaluzje drewniane, shuttersy (okiennice wewnętrzne) oraz żaluzje fasadowe. To one decydują o klimacie, komforcie i... wyglądzie całego wnętrza.

<strong>PROBLEM - Typowe błędy w aranżacji okien w home office</strong>

Wielu właścicieli domów popełnia ten sam błąd: skupiają się na biurku i krześle, a zapominają o oknach. Efekt? Rażące światło na monitorze, nieustanny półmrok albo totalny brak prywatności. Często wybierane są przypadkowe rolety lub zasłony, które nijak nie pasują do reszty aranżacji. A przecież okna to serce domowego biura! Brak odpowiednich osłon okiennych utrudnia kontrolę światła, a sztuczne oświetlenie męczy wzrok. Ucieka także szansa na podkręcenie stylu i nadanie wnętrzu charakteru. Do tego dochodzi problem z utrzymaniem idealnej temperatury - latem gorąco, zimą chłodno. Przez złe żaluzje czy rolety możesz też sporo stracić na rachunkach za ogrzewanie. Brak harmonii między materiałami (np. drewno w meblach, plastikowe rolety) niszczy efekt ""wow"", o którym marzysz.

<strong>ROZWIĄZANIE ROLBEST - Żaluzje drewniane, shuttersy i żaluzje fasadowe w Twoim home office</strong>

Eklektyczny home office zaczyna się od przemyślanego wyboru osłon okiennych. W ROLBEST stawiamy na jakość, design i funkcjonalność. <br><br>
<strong>Żaluzje drewniane</strong> ROLBEST to nie tylko klasyka stylu, ale i genialny sposób na regulację światła. Ciepły odcień drewna łączy się z bielą i czernią, tworząc przytulny, a zarazem elegancki klimat. Pasują zarówno do minimalistycznej bieli, jak i do głębokiej czerni czy teksturowanych ścian. <br><br>
<strong>Shuttersy (okiennice wewnętrzne)</strong> dają Ci pełną kontrolę nad prywatnością i światłem, jednocześnie podbijając wnętrze nutą stylu rodem z londyńskich loftów czy paryskich kamienic. Ich solidna konstrukcja sprawia, że wyciszają przestrzeń i pomagają utrzymać optymalną temperaturę. <br><br>
<strong>Żaluzje fasadowe</strong> to z kolei must-have, jeśli masz duże przeszklenia lub zależy Ci na nowoczesnym looku. Chronią przed nadmiarem słońca, a przy tym świetnie wyglądają zarówno od zewnątrz, jak i wewnątrz - szczególnie w połączeniu z eklektycznym wykończeniem wnętrza. Każdy z tych produktów możesz zamówić w personalizowanych wersjach, dopasowanych do Twoich potrzeb, także z opcją smart home. <br><br>
Dzięki ROLBEST Twoje domowe biuro zyskuje nie tylko styl, ale i komfort pracy na lata.

<strong>PORADNIK PRAKTYCZNY - 5 trików na stylowy home office z żaluzjami drewnianymi, shuttersami i żaluzjami fasadowymi</strong>

1. <strong>Postaw na kontrasty:</strong> Połącz białe ściany i czarne dodatki z żaluzjami drewnianymi ROLBEST w naturalnym odcieniu. Dzięki temu uzyskasz efekt ""wow"" bez przesady i chaosu.
2. <strong>Wybierz shuttersy do strefy relaksu:</strong> Jeśli Twój home office łączy się z kącikiem do czytania lub chilloutu, shuttersy zapewnią idealne światło i wyciszą przestrzeń. 
3. <strong>Duże przeszklenia? Żaluzje fasadowe!</strong> To nie tylko designerski detal, ale też praktyczna ochrona przed nadmiarem słońca i stratami ciepła. Sprawdzą się zwłaszcza w nowoczesnych, eklektycznych aranżacjach.
4. <strong>Dbaj o spójność materiałów:</strong> Dobieraj osłony okienne pod kolor drewna w meblach lub podłodze, by całość wyglądała jak z katalogu. 
5. <strong>Pomyśl o automatyzacji:</strong> Zainwestuj w żaluzje drewniane, shuttersy lub żaluzje fasadowe z napędem - dzięki temu jednym kliknięciem zmienisz klimat wnętrza, bez wstawania od biurka.

<strong>CTA - Zmień home office z ROLBEST!</strong>

Chcesz, żeby Twoje domowe biuro było naprawdę stylowe, funkcjonalne i sprzyjające pracy? Postaw na żaluzje drewniane, shuttersy i żaluzje fasadowe ROLBEST - to inwestycja w komfort i design na lata! Skontaktuj się z nami po bezpłatną wycenę - tel: 507 704 919.","<h2>Jesienny home office - inspiracja</h2><p>Wyobraź sobie - za oknem szaruga, a Ty próbujesz skoncentrować się w swoim domowym biurze. Coś nie gra - światło męczy oczy, a przestrzeń jest nijaka. Czujesz, że Twoja produktywność spada, a wnętrze nie inspiruje. A gdyby tak zamienić home office w miejsce, które Cię napędza - stylowe, funkcjonalne, skrojone pod Ciebie?</p><h2>Eklektyczny styl i osłony okienne</h2><p>Jesień to czas, gdy domowe biuro staje się Twoją bazą wypadową na długie godziny. Pracujemy zdalnie, prowadzimy spotkania online i szukamy rozwiązań, które sprawią, że nawet pochmurny dzień nie podetnie Ci skrzydeł. Eklektyczny styl - miks bieli, czerni i drewna z designerskimi detalami - to hit sezonu 2025. Pozwala łączyć nowoczesność z klasyką i podkreślić Twój indywidualizm. Ale nawet najpiękniejsze meble nie wystarczą, jeśli światło w biurze jest nieprzyjazne. Dlatego coraz więcej osób sięga po sprawdzone osłony okienne ROLBEST: <strong>żaluzje drewniane</strong>, <strong>shuttersy</strong> (okiennice wewnętrzne) oraz <strong>żaluzje fasadowe</strong>. To one decydują o klimacie, komforcie i... wyglądzie całego wnętrza.</p><h2>Typowe błędy w aranżacji okien</h2><p>Wielu właścicieli domów popełnia ten sam błąd: skupiają się na biurku i krześle, a zapominają o oknach. Efekt? Rażące światło na monitorze, nieustanny półmrok albo totalny brak prywatności. Często wybierane są przypadkowe <strong>rolety</strong> lub zasłony, które nijak nie pasują do reszty aranżacji. A przecież okna to serce domowego biura! Brak odpowiednich osłon okiennych utrudnia kontrolę światła, a sztuczne oświetlenie męczy wzrok. Ucieka także szansa na podkręcenie stylu i nadanie wnętrzu charakteru. Do tego dochodzi problem z utrzymaniem idealnej temperatury - latem gorąco, zimą chłodno. Przez złe <strong>żaluzje</strong> czy <strong>rolety</strong> możesz też sporo stracić na rachunkach za ogrzewanie. Brak harmonii między materiałami (np. drewno w meblach, plastikowe <strong>rolety</strong>) niszczy efekt ""wow"", o którym marzysz.</p>[IMG2]<h2>Rozwiązanie ROLBEST</h2><p><strong>Eklektyczny home office</strong> zaczyna się od przemyślanego wyboru osłon okiennych. W ROLBEST stawiamy na jakość, design i funkcjonalność.</p><p><strong>Żaluzje drewniane</strong> ROLBEST to nie tylko klasyka stylu, ale i genialny sposób na regulację światła. Ciepły odcień drewna łączy się z bielą i czernią, tworząc przytulny, a zarazem elegancki klimat. Pasują zarówno do minimalistycznej bieli, jak i do głębokiej czerni czy teksturowanych ścian.</p><p><strong>Shuttersy</strong> (okiennice wewnętrzne) dają Ci pełną kontrolę nad prywatnością i światłem, jednocześnie podbijając wnętrze nutą stylu rodem z londyńskich loftów czy paryskich kamienic. Ich solidna konstrukcja sprawia, że wyciszają przestrzeń i pomagają utrzymać optymalną temperaturę.</p><p><strong>Żaluzje fasadowe</strong> to z kolei must-have, jeśli masz duże przeszklenia lub zależy Ci na nowoczesnym looku. Chronią przed nadmiarem słońca, a przy tym świetnie wyglądają zarówno od zewnątrz, jak i wewnątrz - szczególnie w połączeniu z eklektycznym wykończeniem wnętrza. Każdy z tych produktów możesz zamówić w personalizowanych wersjach, dopasowanych do Twoich potrzeb, także z opcją smart home. Dzięki ROLBEST Twoje domowe biuro zyskuje nie tylko styl, ale i komfort pracy na lata.</p><h2>Poradnik praktyczny</h2><h3>Postaw na kontrasty</h3><p><strong>Połącz</strong> białe ściany i czarne dodatki z <strong>żaluzjami drewnianymi</strong> ROLBEST w naturalnym odcieniu. Dzięki temu uzyskasz efekt ""wow"" bez przesady i chaosu.</p><h3>Wybierz shuttersy do strefy relaksu</h3><p><strong>Jeśli</strong> Twój home office łączy się z kącikiem do czytania lub chilloutu, <strong>shuttersy</strong> zapewnią idealne światło i wyciszą przestrzeń.</p><h3>Duże przeszklenia? Żaluzje fasadowe!</h3><p><strong>To</strong> nie tylko designerski detal, ale też praktyczna ochrona przed nadmiarem słońca i stratami ciepła. Sprawdzą się zwłaszcza w nowoczesnych, eklektycznych aranżacjach.</p><h3>Dbaj o spójność materiałów</h3><p><strong>Dobieraj</strong> osłony okienne pod kolor drewna w meblach lub podłodze, by całość wyglądała jak z katalogu.</p><h3>Pomyśl o automatyzacji</h3><p><strong>Zainwestuj</strong> w <strong>żaluzje drewniane</strong>, <strong>shuttersy</strong> lub <strong>żaluzje fasadowe</strong> z napędem - dzięki temu jednym kliknięciem zmienisz klimat wnętrza, bez wstawania od biurka.</p>[IMG3]<p>Umów bezpłatną wycenę: <a href=""tel:507704919"">507 704 919</a></p>","Eklektyczny home office - biel, czerń i drewno. Żaluzje drewniane, shuttersy i żaluzje fasadowe ROLBEST w roli głównej - czy wiesz, jak z ich pomocą stworzyć stylowe i funkcjonalne biuro w domu? Dzięki odpowiednio dobranym osłonom okiennym zadbasz nie tylko o klimat, ale i komfort pracy każdego dnia. Nasze 20-letnie doświadczenie pokazuje, że to inwestycja, która się opłaca. Umów bezpłatną wycenę: 507 704 919 👨‍🔧✨🏠","Jesienne poranki w stylowym home office? To poczucie harmonii, gdy biel, czerń i drewno tworzą przestrzeń pełną inspiracji. Kontrola światła dzięki żaluzjom, shuttersom czy żaluzjom fasadowym ROLBEST podnosi komfort pracy i wydobywa indywidualny charakter wnętrza. Jak wygląda Twoje wymarzone biuro? Zajrzyj na bloga po więcej inspiracji - link w bio. #żaluzje #shutters #wnętrza #dom #design #rolbest #inspiracje",https://drive.google.com/file/d/1YexG8BzZt8PFID4RchcMhBcn-xtswDX2/view?usp=drivesdk,1YexG8BzZt8PFID4RchcMhBcn-xtswDX2,Opublikowano,Do akceptacji,https://drive.google.com/file/d/1rA_HcMgPfK0vfauG1SHqzddeqSSdCy84/view?usp=drivesdk,1rA_HcMgPfK0vfauG1SHqzddeqSSdCy84,https://drive.google.com/file/d/1zk4Cmn-TnRaFEsxfLgTzafI_D3BByQYf/view?usp=drivesdk,1zk4Cmn-TnRaFEsxfLgTzafI_D3BByQYf
24-10-2025,Nowoczesna łazienka spa - żaluzje drewniane i shuttersy ROLBEST jako must have na 2025,"<h1>Nowoczesna łazienka spa - żaluzje drewniane i shuttersy ROLBEST jako must have na 2025</h1>

<strong>HOOK -</strong> Zamykasz drzwi łazienki, marząc o chwili tylko dla siebie. Ciepło, cisza, relaks... Ale coś nie gra - światło jest zbyt ostre, widok z okna rozprasza, a wnętrze nie daje poczucia intymności jak w luksusowym spa. Właśnie dlatego nowoczesna łazienka wymaga czegoś więcej niż modnych płytek. Poznaj sposób, jak zamienić ją w prawdziwą strefę relaksu!

<strong>KONTEKST -</strong> Trendy na 2025 rok jasno pokazują: łazienka już dawno przestała być tylko miejscem codziennej rutyny. To Twoje domowe spa, gdzie po długim dniu możesz odpocząć, odciąć się od świata i zadbać o swoje zmysły. Projektanci wnętrz stawiają na naturalne materiały - drewno, kamień, mleczną biel - oraz na światło, które kreuje klimat i wpływa na Twój nastrój. To właśnie umiejętne zarządzanie światłem, gra półcieni i ciepłych odcieni sprawiają, że zwykła łazienka zamienia się w miejsce wyciszenia. Dlatego coraz więcej osób - właścicieli domów, apartamentów, miłośników designu - szuka rozwiązań, które dadzą im więcej niż tylko funkcjonalność. Z myślą o tym powstały żaluzje drewniane i shuttersy ROLBEST - nowoczesne osłony okienne, które łączą styl, wygodę i atmosferę.

<strong>PROBLEM -</strong> Największe wyzwanie? Większość łazienek jest prześwietlona lub... zbyt ciemna. Typowe rolety albo zasłony rzadko pasują do wilgotnych warunków, a do tego odbierają wnętrzu lekkość. Częsty błąd to wybór plastikowych osłon okiennych, które szybko się niszczą i kompletnie nie pasują do naturalnych materiałów w nowoczesnych aranżacjach. Wiele osób zapomina też, że łazienka to miejsce szczególnej troski o prywatność - a przy dużych przeszkleniach czy oknach tarasowych klasyczne rolety nie dają wystarczającej kontroli światła. W efekcie zamiast kojącego klimatu spa, mamy chaotyczną, nieprzytulną przestrzeń. Często brakuje nam możliwości subtelnej regulacji światła w zależności od pory dnia czy nastroju - a to właśnie światło buduje atmosferę relaksu i intymności.

<strong>ROZWIĄZANIE ROLBEST -</strong> Chcesz łazienki, która zachwyca naturalnym światłem i zapewnia spokój na miarę spa? Postaw na żaluzje drewniane ROLBEST - naturalny akcent, który idealnie współgra z drewnem, kamieniem, a nawet nowoczesną ceramiką. Drewno wprowadza ciepło i miękkość, a szeroki wybór kolorów i faktur pozwoli Ci dopasować żaluzje do każdego stylu - od minimalistycznego po boho. Jeśli zależy Ci na totalnej prywatności i designerskim efekcie, wybierz shuttersy ROLBEST, czyli okiennice wewnętrzne. To prawdziwy gamechanger w aranżacji światła - możesz precyzyjnie regulować ilość wpadających promieni, tworząc klimat jak w najlepszym hotelowym spa. Oba rozwiązania są odporne na wilgoć, łatwe do utrzymania w czystości i perfekcyjnie wpisują się w estetykę premium. Shuttersy i żaluzje drewniane ROLBEST to nie tylko osłony okienne - to element wystroju, który podkreśli luksusowy charakter Twojej łazienki i zapewni Ci komfort niezależnie od pory roku. Dzięki nim skierujesz światło tam, gdzie chcesz, zadbasz o intymność i stworzysz miejsce, do którego będziesz wracać jak do własnego spa.

<strong>PORADNIK PRAKTYCZNY -</strong>
<ul>
<li><strong>Wybierz żaluzje drewniane ROLBEST</strong> - Postaw na naturalny materiał, który ociepli wnętrze i doskonale komponuje się z kamieniem, bielą i zielenią roślin. Drewno nie tylko pięknie wygląda, ale też pozytywnie wpływa na nastrój.</li>
<li><strong>Shuttersy ROLBEST do dużych okien</strong> - Jeśli masz panoramiczne przeszklenia lub okno przy wannie, shuttersy pozwolą Ci zachować prywatność bez rezygnacji z naturalnego światła. Możesz ustawić lamele pod dowolnym kątem - dokładnie tak, jak lubisz.</li>
<li><strong>Łącz osłony okienne z dodatkami</strong> - Kompozycja żaluzji drewnianych z białymi ręcznikami, lnianą zasłoną prysznicową i naturalnymi akcesoriami stworzy efekt domowego spa. Nie bój się miksować faktur i odcieni drewna!</li>
<li><strong>Zadbaj o właściwy montaż</strong> - Profesjonalna instalacja to podstawa - zamów pomiar i montaż w ROLBEST, by mieć pewność, że Twoje osłony okienne będą działać bez zarzutu przez lata.</li>
<li><strong>Pomyśl o automatyzacji</strong> - Jeśli cenisz wygodę, rozważ napęd elektryczny do żaluzji lub shuttersów. Sterowanie światłem jednym przyciskiem podnosi komfort korzystania z łazienki na nowy poziom.</li>
</ul>

<strong>CTA -</strong> Chcesz stworzyć łazienkę, która naprawdę relaksuje i zachwyca stylem? Zainwestuj w żaluzje drewniane lub shuttersy ROLBEST. Zadzwoń po bezpłatną wycenę - tel: 507 704 919 i przekonaj się, jak łatwo możesz mieć domowe spa na co dzień!","<h2>Nowoczesna łazienka spa</h2><p>Zamykasz drzwi łazienki, marząc o chwili tylko dla siebie. Ciepło, cisza, relaks... Ale coś nie gra - światło jest zbyt ostre, widok z okna rozprasza, a wnętrze nie daje poczucia intymności jak w luksusowym spa. Właśnie dlatego nowoczesna łazienka wymaga czegoś więcej niż modnych płytek. Poznaj sposób, jak zamienić ją w prawdziwą strefę relaksu!</p><h2>Trendy na 2025 rok</h2><p>Trendy na 2025 rok jasno pokazują: łazienka już dawno przestała być tylko miejscem codziennej rutyny. To Twoje domowe spa, gdzie po długim dniu możesz odpocząć, odciąć się od świata i zadbać o swoje zmysły. Projektanci wnętrz stawiają na naturalne materiały - drewno, kamień, mleczną biel - oraz na światło, które kreuje klimat i wpływa na Twój nastrój. To właśnie umiejętne zarządzanie światłem, gra półcieni i ciepłych odcieni sprawiają, że zwykła łazienka zamienia się w miejsce wyciszenia. Dlatego coraz więcej osób - właścicieli domów, apartamentów, miłośników designu - szuka rozwiązań, które dadzą im więcej niż tylko funkcjonalność. Z myślą o tym powstały <strong>żaluzje drewniane</strong> i <strong>shuttersy</strong> ROLBEST - nowoczesne <strong>osłony okienne</strong>, które łączą styl, wygodę i atmosferę.</p><h2>Problem</h2><p>Największe wyzwanie? Większość łazienek jest prześwietlona lub... zbyt ciemna. Typowe <strong>rolety</strong> albo zasłony rzadko pasują do wilgotnych warunków, a do tego odbierają wnętrzu lekkość. Częsty błąd to wybór plastikowych osłon okiennych, które szybko się niszczą i kompletnie nie pasują do naturalnych materiałów w nowoczesnych aranżacjach. Wiele osób zapomina też, że łazienka to miejsce szczególnej troski o prywatność - a przy dużych przeszkleniach czy oknach tarasowych klasyczne <strong>rolety</strong> nie dają wystarczającej kontroli światła. W efekcie zamiast kojącego klimatu spa, mamy chaotyczną, nieprzytulną przestrzeń. Często brakuje nam możliwości subtelnej regulacji światła w zależności od pory dnia czy nastroju - a to właśnie światło buduje atmosferę relaksu i intymności.</p>[IMG2]<h2>Rozwiązanie ROLBEST</h2><p>Chcesz łazienki, która zachwyca naturalnym światłem i zapewnia spokój na miarę spa? Postaw na <strong>żaluzje drewniane</strong> ROLBEST - naturalny akcent, który idealnie współgra z drewnem, kamieniem, a nawet nowoczesną ceramiką. Drewno wprowadza ciepło i miękkość, a szeroki wybór kolorów i faktur pozwoli Ci dopasować <strong>żaluzje</strong> do każdego stylu - od minimalistycznego po boho. Jeśli zależy Ci na totalnej prywatności i designerskim efekcie, wybierz <strong>shuttersy</strong> ROLBEST, czyli <strong>okiennice wewnętrzne</strong>. To prawdziwy gamechanger w aranżacji światła - możesz precyzyjnie regulować ilość wpadających promieni, tworząc klimat jak w najlepszym hotelowym spa. Oba rozwiązania są odporne na wilgoć, łatwe do utrzymania w czystości i perfekcyjnie wpisują się w estetykę premium. <strong>Shuttersy</strong> i <strong>żaluzje drewniane</strong> ROLBEST to nie tylko <strong>osłony okienne</strong> - to element wystroju, który podkreśli luksusowy charakter Twojej łazienki i zapewni Ci komfort niezależnie od pory roku. Dzięki nim skierujesz światło tam, gdzie chcesz, zadbasz o intymność i stworzysz miejsce, do którego będziesz wracać jak do własnego spa.</p><h2>Poradnik praktyczny</h2><h3>Wybierz żaluzje drewniane ROLBEST</h3><p><strong>Postaw na naturalny materiał</strong>, który ociepli wnętrze i doskonale komponuje się z kamieniem, bielą i zielenią roślin. Drewno nie tylko pięknie wygląda, ale też pozytywnie wpływa na nastrój.</p><h3>Shuttersy ROLBEST do dużych okien</h3><p><strong>Jeśli masz panoramiczne przeszklenia</strong> lub okno przy wannie, <strong>shuttersy</strong> pozwolą Ci zachować prywatność bez rezygnacji z naturalnego światła. Możesz ustawić lamele pod dowolnym kątem - dokładnie tak, jak lubisz.</p><h3>Łącz osłony okienne z dodatkami</h3><p><strong>Kompozycja żaluzji drewnianych</strong> z białymi ręcznikami, lnianą zasłoną prysznicową i naturalnymi akcesoriami stworzy efekt domowego spa. Nie bój się miksować faktur i odcieni drewna!</p><h3>Zadbaj o właściwy montaż</h3><p><strong>Profesjonalna instalacja to podstawa</strong> - zamów pomiar i montaż w ROLBEST, by mieć pewność, że Twoje <strong>osłony okienne</strong> będą działać bez zarzutu przez lata.</p><h3>Pomyśl o automatyzacji</h3><p><strong>Jeśli cenisz wygodę</strong>, rozważ napęd elektryczny do <strong>żaluzji</strong> lub <strong>shuttersów</strong>. Sterowanie światłem jednym przyciskiem podnosi komfort korzystania z łazienki na nowy poziom.</p>[IMG3]<p>Chcesz stworzyć łazienkę, która naprawdę relaksuje i zachwyca stylem? Zainwestuj w <strong>żaluzje drewniane</strong> lub <strong>shuttersy</strong> ROLBEST. Zadzwoń po bezpłatną wycenę - tel: <a href=""tel:507704919"">507 704 919</a> i przekonaj się, jak łatwo możesz mieć domowe spa na co dzień!</p>","Nowoczesna łazienka jako domowe spa - jak wykorzystać światło i naturalne materiały? Postaw na żaluzje drewniane i shuttersy ROLBEST, które wprowadzą ciepło, prywatność i stworzą atmosferę relaksu każdego dnia. Nasze 20-letnie doświadczenie pokazuje, że to prawdziwy przełom w aranżacji wnętrz. Umów bezpłatną wycenę: 507 704 919 🏠 🌞 💡","Poranna kawa w łazience, w której cisza, zapach drewna i miękkie światło tworzą klimat domowego spa... To właśnie kontrola światła i naturalne materiały budują atmosferę relaksu i intymności na co dzień. A Ty - jakie wnętrze pozwala Ci odetchnąć? Zajrzyj na bloga po więcej inspiracji - link w bio. #żaluzje #shutters #wnętrza #dom #design #rolbest #inspiracje",https://drive.google.com/file/d/1j__uQjoDEZptwZ9TJMfIBLj343uvYFb6/view?usp=drivesdk,1j__uQjoDEZptwZ9TJMfIBLj343uvYFb6,Opublikowano,Do akceptacji,https://drive.google.com/file/d/1_ULCbYDM0VpFApyS2ht8gPbAH5fQHx4-/view?usp=drivesdk,1_ULCbYDM0VpFApyS2ht8gPbAH5fQHx4-,https://drive.google.com/file/d/1OEol_xYk7oSfVZY1iIFl6cyX5gVNN_UR/view?usp=drivesdk,1OEol_xYk7oSfVZY1iIFl6cyX5gVNN_UR
25-10-2025,"Przedłużenie salonu na taras na jesień 2025 - jak żaluzje fasadowe, shuttersy i żaluzje drewniane zmieniają Twoją strefę relaksu","<h1>Przedłużenie salonu na taras na jesień 2025 - jak żaluzje fasadowe, shuttersy i żaluzje drewniane zmieniają Twoją strefę relaksu</h1>

<strong>HOOK - Jesienne światło, nowa energia</strong>

Wyobraź sobie ciepłe popołudnie, gdy Twój salon dosłownie otwiera się na taras. Ostatnie promienie słońca wpadają przez duże przeszklenia, a Ty decydujesz, ile światła i prywatności chcesz mieć. Brzmi jak marzenie? Właśnie teraz, jesienią, możesz to osiągnąć - odpowiednio dobierając osłony okienne i aranżując przestrzeń, tworzysz miejsce do relaksu, które idealnie łączy wnętrze z zewnętrzem.

<strong>KONTEKST - Dlaczego taras to must-have sezonu</strong>

Jesień 2025 to czas, gdy architekci i projektanci coraz mocniej podkreślają rolę tarasu jako naturalnego przedłużenia salonu. Gdy dni stają się krótsze, a temperatura spada, dobrze zaprojektowana strefa outdoor/indoor pozwala cieszyć się naturą bez względu na pogodę. Trendy? Płynne przejścia, naturalne materiały, spójna kolorystyka i absolutna elastyczność. W centrum tych zmian są oczywiście odpowiednio dobrane osłony okienne: żaluzje fasadowe, shuttersy i żaluzje drewniane. To one mają moc budowania atmosfery i komfortu - szczególnie gdy chcesz wykorzystać każdy promień jesiennego słońca, ale też ochronić się przed chłodem czy ciekawskimi spojrzeniami sąsiadów.

<strong>PROBLEM - Najczęstsze błędy przy łączeniu salonu i tarasu</strong>

Kiedy próbujesz połączyć salon z tarasem, łatwo wpaść w kilka typowych pułapek. Po pierwsze: brak konsekwencji w aranżacji. Wnętrze pełne ciepłych barw, a za oknem zimna, „techniczna” strefa outdoor - efekt? Zamiast płynnego przejścia, masz dwa oddzielne światy. Po drugie: zły dobór osłon okiennych. Wiele osób stawia na tanie rolety czy markizy, które nie radzą sobie z regulacją światła i nie pasują do całości. Po trzecie: zapominamy o prywatności i komforcie termicznym. Przez duże przeszklenia wpada zimno albo nadmiar słońca, a Ty nie masz nad tym żadnej kontroli. No i klasyka - brak elastyczności, czyli niemożność szybkiego dostosowania przestrzeni do zmiennej pogody. Efekt? Taras stoi pusty, a salon wydaje się „ucięty”.

<strong>ROZWIĄZANIE ROLBEST - Żaluzje fasadowe, shuttersy i żaluzje drewniane na pierwszym planie</strong>

Tutaj wchodzą produkty ROLBEST, które rozwiązują większość powyższych bolączek. <strong>Żaluzje fasadowe</strong> to must-have dla każdego, kto kocha nowoczesne przeszklenia i płynne przejścia. Pozwalają perfekcyjnie sterować ilością światła; możesz rano wpuścić ciepłe promienie, a wieczorem zadbać o prywatność i ochronę przed chłodem. To także realna bariera termiczna, ograniczająca straty ciepła - co docenisz szczególnie jesienią.

<strong>Shuttersy - okiennice wewnętrzne</strong> to z kolei sposób na klasyczną elegancję i natychmiastową metamorfozę wnętrza. Pozwalają na precyzyjną kontrolę światła, idealnie komponują się z jesiennymi tkaninami i drewnem, wprowadzają przytulność i styl nawiązujący do najlepszych trendów. <strong>Żaluzje drewniane</strong> natomiast są synonimem ciepła i naturalności. Drewno pięknie gra ze złotą jesienią, a ich regulacja pozwala błyskawicznie zmieniać klimat we wnętrzu - od pełnego światła po półcień. Wszystkie te produkty łączą funkcjonalność z designem i są rekomendowane przez architektów jako elementy „sklejające” salon z tarasem.

<strong>PORADNIK PRAKTYCZNY - 5 kroków do idealnej strefy outdoor/indoor</strong>

<strong>1. Ustal spójną kolorystykę</strong> - Połącz strefę salonu i tarasu za pomocą tych samych barw i materiałów. Postaw na drewno, zielenie, beże i szarości. Wybierz żaluzje drewniane lub shuttersy, które idealnie wpiszą się w naturalną paletę.

<strong>2. Zainwestuj w żaluzje fasadowe</strong> - Dają Ci pełną kontrolę nad światłem i prywatnością. Montuj je na dużych przeszkleniach tarasowych, by łatwo sterować atmosferą - od jasnego poranka po intymny wieczór.

<strong>3. Uzupełnij aranżację o rolety rzymskie lub tekstylia</strong> - Delikatne rolety rzymskie w salonie + żaluzje drewniane lub shuttersy na oknach tarasowych to duet, który zawsze się sprawdza.

<strong>4. Nie zapomnij o elastyczności</strong> - Taras to miejsce zmienne jak pogoda. Wybierz osłony okienne, które możesz błyskawicznie otwierać, zamykać i regulować - żaluzje fasadowe i shuttersy to podstawa.

<strong>5. Postaw na detale</strong> - Oświetlenie punktowe, donice z roślinami i ciepłe pledy stworzą klimat, ale to osłony okienne jak żaluzje drewniane czy shuttersy dopełnią całości i „przeciągną” salon na taras.

<strong>CTA - Zrób pierwszy krok!</strong>

Chcesz mieć salon, który naturalnie łączy się z tarasem przez cały rok? Postaw na żaluzje fasadowe, shuttersy lub żaluzje drewniane od ROLBEST - lidera osłon okiennych w Polsce od 2003 roku. Zadzwoń po bezpłatną wycenę: 507 704 919 i sprawdź, jak łatwo możesz zmienić swoją przestrzeń!","<h2>Jesienne światło, nowa energia</h2><p>Wyobraź sobie ciepłe popołudnie, gdy Twój salon dosłownie otwiera się na taras. Ostatnie promienie słońca wpadają przez duże przeszklenia, a Ty decydujesz, ile światła i prywatności chcesz mieć. Brzmi jak marzenie? Właśnie teraz, jesienią, możesz to osiągnąć - odpowiednio dobierając <strong>osłony okienne</strong> i aranżując przestrzeń, tworzysz miejsce do relaksu, które idealnie łączy wnętrze z zewnętrzem.</p><h2>Dlaczego taras to must-have sezonu</h2><p>Jesień 2025 to czas, gdy architekci i projektanci coraz mocniej podkreślają rolę tarasu jako naturalnego przedłużenia salonu. Gdy dni stają się krótsze, a temperatura spada, dobrze zaprojektowana strefa outdoor/indoor pozwala cieszyć się naturą bez względu na pogodę. Trendy? Płynne przejścia, naturalne materiały, spójna kolorystyka i absolutna elastyczność. W centrum tych zmian są oczywiście odpowiednio dobrane <strong>osłony okienne</strong>: <strong>żaluzje fasadowe</strong>, <strong>shuttersy</strong> i <strong>żaluzje drewniane</strong>. To one mają moc budowania atmosfery i komfortu - szczególnie gdy chcesz wykorzystać każdy promień jesiennego słońca, ale też ochronić się przed chłodem czy ciekawskimi spojrzeniami sąsiadów.</p><h2>Najczęstsze błędy przy łączeniu salonu i tarasu</h2><p>Kiedy próbujesz połączyć salon z tarasem, łatwo wpaść w kilka typowych pułapek. Po pierwsze: brak konsekwencji w aranżacji. Wnętrze pełne ciepłych barw, a za oknem zimna, „techniczna” strefa outdoor - efekt? Zamiast płynnego przejścia, masz dwa oddzielne światy. Po drugie: zły dobór <strong>osłon okiennych</strong>. Wiele osób stawia na tanie <strong>rolety</strong> czy markizy, które nie radzą sobie z regulacją światła i nie pasują do całości. Po trzecie: zapominamy o prywatności i komforcie termicznym. Przez duże przeszklenia wpada zimno albo nadmiar słońca, a Ty nie masz nad tym żadnej kontroli. No i klasyka - brak elastyczności, czyli niemożność szybkiego dostosowania przestrzeni do zmiennej pogody. Efekt? Taras stoi pusty, a salon wydaje się „ucięty”.</p>[IMG2]<h2>Żaluzje fasadowe, shuttersy i żaluzje drewniane na pierwszym planie</h2><p>Tutaj wchodzą produkty ROLBEST, które rozwiązują większość powyższych bolączek. <strong>Żaluzje fasadowe</strong> to must-have dla każdego, kto kocha nowoczesne przeszklenia i płynne przejścia. Pozwalają perfekcyjnie sterować ilością światła; możesz rano wpuścić ciepłe promienie, a wieczorem zadbać o prywatność i ochronę przed chłodem. To także realna bariera termiczna, ograniczająca straty ciepła - co docenisz szczególnie jesienią.</p><p><strong>Shuttersy</strong> to z kolei sposób na klasyczną elegancję i natychmiastową metamorfozę wnętrza. Pozwalają na precyzyjną kontrolę światła, idealnie komponują się z jesiennymi tkaninami i drewnem, wprowadzają przytulność i styl nawiązujący do najlepszych trendów. <strong>Żaluzje drewniane</strong> natomiast są synonimem ciepła i naturalności. Drewno pięknie gra ze złotą jesienią, a ich regulacja pozwala błyskawicznie zmieniać klimat we wnętrzu - od pełnego światła po półcień. Wszystkie te produkty łączą funkcjonalność z designem i są rekomendowane przez architektów jako elementy „sklejające” salon z tarasem.</p><h2>5 kroków do idealnej strefy outdoor/indoor</h2><h3>Ustal spójną kolorystykę</h3><p>Połącz strefę salonu i tarasu za pomocą tych samych barw i materiałów. Postaw na drewno, zielenie, beże i szarości. Wybierz <strong>żaluzje drewniane</strong> lub <strong>shuttersy</strong>, które idealnie wpiszą się w naturalną paletę.</p><h3>Zainwestuj w żaluzje fasadowe</h3><p>Dają Ci pełną kontrolę nad światłem i prywatnością. Montuj je na dużych przeszkleniach tarasowych, by łatwo sterować atmosferą - od jasnego poranka po intymny wieczór.</p><h3>Uzupełnij aranżację o rolety rzymskie</h3><p>Delikatne <strong>rolety rzymskie</strong> w salonie + <strong>żaluzje drewniane</strong> lub <strong>shuttersy</strong> na oknach tarasowych to duet, który zawsze się sprawdza.</p><h3>Nie zapomnij o elastyczności</h3><p>Taras to miejsce zmienne jak pogoda. Wybierz <strong>osłony okienne</strong>, które możesz błyskawicznie otwierać, zamykać i regulować - <strong>żaluzje fasadowe</strong> i <strong>shuttersy</strong> to podstawa.</p><h3>Postaw na detale</h3><p>Oświetlenie punktowe, donice z roślinami i ciepłe pledy stworzą klimat, ale to <strong>osłony okienne</strong> jak <strong>żaluzje drewniane</strong> czy <strong>shuttersy</strong> dopełnią całości i „przeciągną” salon na taras.</p>[IMG3]<p>Umów bezpłatną wycenę: <a href=""tel:507704919"">507 704 919</a></p>","Przedłużenie salonu na taras na jesień 2025 - marzysz o miejscu, gdzie światło, prywatność i komfort łączą się w jednym? Odpowiednio dobrane żaluzje fasadowe, shuttersy lub żaluzje drewniane pozwolą Ci wykorzystać każdy promień słońca i cieszyć się przytulną strefą relaksu przez cały rok. Nasze 20-letnie doświadczenie pokazuje, że to prosty sposób na metamorfozę przestrzeni. Umów bezpłatną wycenę: 507 704 919 🏠✨📞","Poranna kawa w jesiennym słońcu na tarasie, który płynnie łączy się z salonem... Tak smakuje chwila blisko natury i pełen komfort na własnych warunkach. Odpowiednie żaluzje czy shuttersy budują niepowtarzalny klimat, dając Ci światło, ciepło i prywatność. A Ty - jak chciałbyś przedłużyć swój salon na taras tej jesieni? Zajrzyj na blog ROLBEST po więcej marzeń do spełnienia - link w bio! #żaluzje #shutters #wnętrza #rolbest #inspiracje #dom #design",https://drive.google.com/file/d/1w-061lLz8Hh7m8qoTK0gmObgfd68CNta/view?usp=drivesdk,1w-061lLz8Hh7m8qoTK0gmObgfd68CNta,Opublikowano,Do akceptacji,https://drive.google.com/file/d/1Yucoz61PMuRPDyCAPlPNOa7Y1K6EV_44/view?usp=drivesdk,1Yucoz61PMuRPDyCAPlPNOa7Y1K6EV_44,https://drive.google.com/file/d/1B69ayJDmFlQckFqYMISi6c6iVQUiIwc5/view?usp=drivesdk,1B69ayJDmFlQckFqYMISi6c6iVQUiIwc5
26-10-2025,"Gabinet w stylu angielskim jesienią 2025 - klimat, światło i styl z shuttersy i żaluzje drewniane ROLBEST","<strong>Gabinet w stylu angielskim jesienią 2025 - klimat, światło i styl z shuttersy i żaluzje drewniane ROLBEST</strong>

<strong>HOOK - Jesienny gabinet: marzenie każdego domownika</strong>
Wyobraź sobie: za oknem deszcz, liście szeleszczą na wietrze, a Ty siedzisz w domowym gabinecie, otoczony ciepłem drewna i zapachem książek. To miejsce, gdzie naprawdę chce się pracować, czytać, po prostu być. Tylko czy Twój gabinet daje Ci poczucie komfortu i inspiracji? Czy potrafisz zapanować nad światłem, zadbać o wyciszenie oraz styl?

<strong>KONTEKST - Dlaczego styl angielski wraca do łask?</strong>
W 2025 roku wnętrzarskie trendy zdecydowanie zwracają się ku klasyce - domowe biblioteki i gabinety w stylu angielskim królują nie tylko na Instagramie, ale też w polskich domach. Jesień to naturalny moment, by szukać atmosfery sprzyjającej skupieniu - ciepłe drewno, szlachetna zieleń, tapicerowane fotele i solidne biurko wyznaczają nowy standard komfortu. Jednak to nie tylko meble i dodatki tworzą klimat. Kluczowe jest światło dzienne i możliwość jego regulacji - tu pojawiają się stylowe osłony okienne. Właściwie dobrane shuttersy lub żaluzje drewniane ROLBEST zmieniają zwykły pokój w prawdziwą strefę kontemplacji. To inwestycja nie tylko w estetykę, ale w codzienną wygodę.

<strong>PROBLEM - Typowe błędy w aranżacji domowego gabinetu</strong>
Wielu właścicieli domów popełnia podobne błędy: skupiają się na wyborze mebli, a zapominają o kluczowym aspekcie - oknach. Efekt? Za dużo światła odbijającego się od monitora, brak prywatności wieczorami, a w słoneczne dni - przegrzane wnętrze, w którym ciężko zebrać myśli. Inni wybierają przypadkowe rolety lub tanie żaluzje - niepasujące do stylu wnętrza, które szybko się niszczą i nie oferują realnej kontroli światła. Jeszcze inni całkowicie rezygnują z osłon okiennych, licząc na ""naturalny klimat"" - tymczasem to właśnie regulacja światła i poczucie intymności budują atmosferę sprzyjającą skupieniu i relaksowi. Jeśli Twój gabinet nie daje Ci pełnej kontroli nad światłem i prywatnością, trudno mówić o przestrzeni idealnej do pracy czy czytania.

<strong>ROZWIĄZANIE ROLBEST - Postaw na shuttersy i żaluzje drewniane</strong>
Czas to zmienić - i tutaj wkracza ROLBEST z dwudziestoletnim doświadczeniem. Nasze shuttersy, czyli okiennice wewnętrzne, to absolutny must-have w klasycznych gabinetach. Pozwalają precyzyjnie regulować ilość światła - od intymnego półmroku po jasne, naturalne oświetlenie. Dają też ponadczasowy styl, który idealnie współgra z ciemnym drewnem, skórą i zielenią roślin doniczkowych. Jeśli szukasz czegoś bardziej subtelnego, żaluzje drewniane ROLBEST zachwycą Cię naturalną fakturą i ciepłem, które wprowadzają do wnętrza. Oprócz walorów estetycznych, oba rozwiązania zapewniają świetną izolację akustyczną i termiczną - to znaczy, że jesienią i zimą Twój gabinet będzie przytulny, a hałasy z zewnątrz nie zakłócą skupienia. To nie są zwykłe osłony okienne - to inwestycja w Twój komfort i styl na lata. A jeśli zależy Ci na nowoczesnych detalach, możesz połączyć shuttersy lub żaluzje drewniane z roletami pilsowanymi (plisy) lub roletami rzymskimi - wszystko na wymiar, pod Twój gust i potrzeby. ROLBEST to nie tylko produkty, to cała filozofia budowania domowej przestrzeni do kontemplacji.

<strong>PORADNIK PRAKTYCZNY - Gabinet marzeń krok po kroku</strong>
<strong>1. Ustaw biurko blisko okna</strong>
W stylu angielskim światło dzienne to podstawa. Ustaw biurko tak, by korzystać z naturalnych promieni słońca, ale unikaj bezpośredniego ""strzału"" światła w ekran.

<strong>2. Wybierz shuttersy lub żaluzje drewniane</strong>
Postaw na shuttersy, jeśli zależy Ci na pełnej kontroli światła i efekcie ""wow"". Chcesz bardziej naturalnej, ciepłej atmosfery? Żaluzje drewniane ROLBEST będą strzałem w dziesiątkę.

<strong>3. Zadbaj o zieleń i detale</strong>
Rośliny doniczkowe, skórzane dodatki, ciepłe pledy i ciemne drewno - to przepis na styl angielski w najmodniejszym wydaniu. Zainspiruj się zdjęciami gabinetów z brytyjskich rezydencji.

<strong>4. Warstwuj światło</strong>
Oprócz światła dziennego, zadbaj o lampy stołowe i kinkiety z regulacją natężenia, by wieczorem stworzyć nastrojową, relaksującą aurę.

<strong>5. Pamiętaj o akustyce</strong>
Jeśli Twój gabinet graniczy z głośnym pomieszczeniem, shuttersy i żaluzje drewniane dodatkowo wyciszą przestrzeń - docenisz to podczas wideokonferencji czy lektury.

<strong>CTA - Stwórz swój gabinet z ROLBEST!</strong>
Masz ochotę na własną, klimatyczną przestrzeń do pracy i relaksu? Zadzwoń po bezpłatną wycenę do ROLBEST - tel: 507 704 919. Nasi eksperci pomogą dobrać idealne shuttersy, żaluzje drewniane czy inne osłony okienne na wymiar - bo Twój komfort i styl są dla nas priorytetem!","<h2>Jesienny gabinet: marzenie każdego domownika</h2><p>Wyobraź sobie: za oknem deszcz, liście szeleszczą na wietrze, a Ty siedzisz w domowym gabinecie, otoczony ciepłem drewna i zapachem książek. To miejsce, gdzie naprawdę chce się pracować, czytać, po prostu być. Tylko czy Twój gabinet daje Ci poczucie komfortu i inspiracji? Czy potrafisz zapanować nad światłem, zadbać o wyciszenie oraz styl?</p><h2>Dlaczego styl angielski wraca do łask?</h2><p>W 2025 roku wnętrzarskie trendy zdecydowanie zwracają się ku klasyce - domowe biblioteki i gabinety w stylu angielskim królują nie tylko na Instagramie, ale też w polskich domach. Jesień to naturalny moment, by szukać atmosfery sprzyjającej skupieniu - ciepłe drewno, szlachetna zieleń, tapicerowane fotele i solidne biurko wyznaczają nowy standard komfortu. Jednak to nie tylko meble i dodatki tworzą klimat. Kluczowe jest światło dzienne i możliwość jego regulacji - tu pojawiają się stylowe osłony okienne. Właściwie dobrane <strong>shuttersy</strong> lub <strong>żaluzje drewniane</strong> ROLBEST zmieniają zwykły pokój w prawdziwą strefę kontemplacji. To inwestycja nie tylko w estetykę, ale w codzienną wygodę.</p><h2>Typowe błędy w aranżacji domowego gabinetu</h2><p>Wielu właścicieli domów popełnia podobne błędy: skupiają się na wyborze mebli, a zapominają o kluczowym aspekcie - oknach. Efekt? Za dużo światła odbijającego się od monitora, brak prywatności wieczorami, a w słoneczne dni - przegrzane wnętrze, w którym ciężko zebrać myśli. Inni wybierają przypadkowe <strong>rolety</strong> lub tanie <strong>żaluzje</strong> - niepasujące do stylu wnętrza, które szybko się niszczą i nie oferują realnej kontroli światła. Jeszcze inni całkowicie rezygnują z osłon okiennych, licząc na ""naturalny klimat"" - tymczasem to właśnie regulacja światła i poczucie intymności budują atmosferę sprzyjającą skupieniu i relaksowi. Jeśli Twój gabinet nie daje Ci pełnej kontroli nad światłem i prywatnością, trudno mówić o przestrzeni idealnej do pracy czy czytania.</p>[IMG2]<h2>Postaw na shuttersy i żaluzje drewniane</h2><p>Czas to zmienić - i tutaj wkracza ROLBEST z dwudziestoletnim doświadczeniem. Nasze <strong>shuttersy</strong>, czyli <strong>okiennice wewnętrzne</strong>, to absolutny must-have w klasycznych gabinetach. Pozwalają precyzyjnie regulować ilość światła - od intymnego półmroku po jasne, naturalne oświetlenie. Dają też ponadczasowy styl, który idealnie współgra z ciemnym drewnem, skórą i zielenią roślin doniczkowych. Jeśli szukasz czegoś bardziej subtelnego, <strong>żaluzje drewniane</strong> ROLBEST zachwycą Cię naturalną fakturą i ciepłem, które wprowadzają do wnętrza. Oprócz walorów estetycznych, oba rozwiązania zapewniają świetną izolację akustyczną i termiczną - to znaczy, że jesienią i zimą Twój gabinet będzie przytulny, a hałasy z zewnątrz nie zakłócą skupienia. To nie są zwykłe osłony okienne - to inwestycja w Twój komfort i styl na lata. A jeśli zależy Ci na nowoczesnych detalach, możesz połączyć <strong>shuttersy</strong> lub <strong>żaluzje drewniane</strong> z <strong>roletami pilsowanymi</strong> (plisy) lub <strong>roletami rzymskimi</strong> - wszystko na wymiar, pod Twój gust i potrzeby. ROLBEST to nie tylko produkty, to cała filozofia budowania domowej przestrzeni do kontemplacji.</p><h2>Gabinet marzeń krok po kroku</h2><h3>1. Ustaw biurko blisko okna</h3><p>W stylu angielskim światło dzienne to podstawa. Ustaw biurko tak, by korzystać z naturalnych promieni słońca, ale unikaj bezpośredniego ""strzału"" światła w ekran.</p><h3>2. Wybierz shuttersy lub żaluzje drewniane</h3><p>Postaw na <strong>shuttersy</strong>, jeśli zależy Ci na pełnej kontroli światła i efekcie ""wow"". Chcesz bardziej naturalnej, ciepłej atmosfery? <strong>Żaluzje drewniane</strong> ROLBEST będą strzałem w dziesiątkę.</p><h3>3. Zadbaj o zieleń i detale</h3><p>Rośliny doniczkowe, skórzane dodatki, ciepłe pledy i ciemne drewno - to przepis na styl angielski w najmodniejszym wydaniu. Zainspiruj się zdjęciami gabinetów z brytyjskich rezydencji.</p><h3>4. Warstwuj światło</h3><p>Oprócz światła dziennego, zadbaj o lampy stołowe i kinkiety z regulacją natężenia, by wieczorem stworzyć nastrojową, relaksującą aurę.</p><h3>5. Pamiętaj o akustyce</h3><p>Jeśli Twój gabinet graniczy z głośnym pomieszczeniem, <strong>shuttersy</strong> i <strong>żaluzje drewniane</strong> dodatkowo wyciszą przestrzeń - docenisz to podczas wideokonferencji czy lektury.</p>[IMG3]<p>Masz ochotę na własną, klimatyczną przestrzeń do pracy i relaksu? Zadzwoń po bezpłatną wycenę do ROLBEST - tel: <a href=""tel:507704919"">507 704 919</a>. Nasi eksperci pomogą dobrać idealne <strong>shuttersy</strong>, <strong>żaluzje drewniane</strong> czy inne <strong>osłony okienne</strong> na wymiar - bo Twój komfort i styl są dla nas priorytetem!</p>","Gabinet w stylu angielskim jesienią 2025 - z shuttersami i żaluzjami drewnianymi ROLBEST stworzysz przytulną, inspirującą przestrzeń ze światłem pod pełną kontrolą. To nie tylko klasyka, ale i komfort przez cały rok. Nasze 20-letnie doświadczenie pokazuje, jak wielką różnicę robią dobre osłony okienne. Umów bezpłatną wycenę: 507 704 919. 🏠 💡 👨‍🔧","Deszcz za oknem, kubek kawy i szept książek - tak właśnie zaczyna się jesienna magia w angielskim gabinecie. Stylowe shuttersy i żaluzje drewniane ROLBEST nadają wnętrzu intymności i ciepłego światła, sprzyjając skupieniu oraz relaksowi. Jak zadbasz o atmosferę swojej domowej przestrzeni? Zajrzyj na blog po więcej inspiracji - link w bio. #shutters #żaluzje #rolety #wnętrza #rolbest #design #inspiracje",https://drive.google.com/file/d/12x9vaoioaM9Shb4y_P9gLaC5z9g7libB/view?usp=drivesdk,12x9vaoioaM9Shb4y_P9gLaC5z9g7libB,Opublikowano,Do akceptacji,https://drive.google.com/file/d/1LdBvWd3fo17yvdP-L_ieDptaEl1Eu58c/view?usp=drivesdk,1LdBvWd3fo17yvdP-L_ieDptaEl1Eu58c,https://drive.google.com/file/d/1jxdonV-4U-XCRMGZWmUmw0er6CEFk7dk/view?usp=drivesdk,1jxdonV-4U-XCRMGZWmUmw0er6CEFk7dk
27-10-2025,Nowoczesny salon jesienią 2025 - harmonia światła i relaksu dzięki żaluzje fasadowe i żaluzje drewniane ROLBEST,"<h1>Nowoczesny salon jesienią 2025 - harmonia światła i relaksu dzięki żaluzje fasadowe i żaluzje drewniane ROLBEST</h1>

<strong>HOOK - Jesienny problem ze światłem i klimatem</strong>

Wyobraź sobie: wracasz do domu po długim dniu, a Twój salon nie zachęca do odpoczynku. Brakuje światła, przestrzeń wydaje się chłodna, a aranżacja po prostu nie działa. Jesienne wieczory są coraz dłuższe, a Ty marzysz o miejscu, w którym naprawdę możesz się zrelaksować. Czy Twój salon jest gotowy na nowy sezon i nowe trendy?

<strong>KONTEKST - Dlaczego warto odświeżyć salon na jesień 2025</strong>

Jesień 2025 to czas prawdziwej rewolucji w aranżacji salonów. Wnętrzarskie trendy stawiają dziś na naturalne światło, miękkie tekstury i przytulny mikroklimat. Beże, biele, jasne drewno oraz wyraziste faktury lnu czy kamienia to kluczowe elementy, które pomagają stworzyć azyl relaksu we własnym domu. Przestronne przeszklenia, płynne połączenie salonu z tarasem czy ogrodem - to wszystko sprawia, że dom staje się ucieczką od świata. Jednak bez odpowiednich osłon okiennych - takich jak żaluzje fasadowe czy żaluzje drewniane - nawet najpiękniejsza przestrzeń może stracić swój klimat. Właśnie teraz, przed sezonem długich wieczorów, warto zadbać o światło i atmosferę w centrum domowego życia.

<strong>PROBLEM - Błędy przy wyborze osłon okiennych do salonu</strong>

Najczęstszy błąd? Traktowanie rolet czy żaluzji wyłącznie jako dodatku, zamiast kluczowego elementu aranżacji. Wiele osób wciąż wybiera przypadkowe rolety lub żaluzje, które nijak nie pasują do stylu wnętrza albo całkowicie blokują światło. Często zapomina się o tym, że osłony okienne powinny nie tylko chronić przed wzrokiem sąsiadów, ale też podkreślać charakter salonu, regulować mikroklimat i wydobywać naturalne piękno materiałów. Zbyt ciemne lub zbyt masywne żaluzje ""zjadają"" światło dzienne, a źle dobrane rolety pilsowane (plisy) potrafią zaburzyć harmonię przestrzeni. Brak płynnego przejścia między wnętrzem a tarasem czy ogrodem to kolejny typowy problem. Efekt? Zamiast strefy relaksu masz chłodne, nieprzyjazne miejsce, w którym trudno się odprężyć.

<strong>ROZWIĄZANIE ROLBEST - Żaluzje fasadowe i drewniane do nowoczesnego salonu</strong>

Jak stworzyć salon, który będzie zarówno stylowy, jak i wygodny? Postaw na żaluzje fasadowe ROLBEST - to hit nowoczesnej architektury, który pozwala precyzyjnie sterować ilością światła wpadającego do wnętrza. Dzięki nim zyskasz pełną kontrolę nad nastrojem: w słoneczne dni możesz rozproszyć ostre promienie, a jesienią wpuścić do środka maksimum naturalnego światła. Co więcej, żaluzje fasadowe podkreślają minimalistyczny charakter dużych przeszkleń i doskonale wpisują się w modne połączenie salonu z ogrodem czy tarasem.

Ale to nie wszystko - żaluzje drewniane ROLBEST dodadzą wnętrzu przytulności i ciepła. Naturalne drewno pięknie współgra z beżami, bielą i lnianymi tekstyliami, a jednocześnie pozwala zachować poczucie prywatności. Wybierając żaluzje ROLBEST, zyskujesz też trwałość i jakość na lata - to inwestycja w codzienny komfort. Warto rozważyć także rolety rzymskie lub rolety pilsowane (plisy) do strefy czytania, a jeśli masz wyjście na taras - markizy tarasowe, które przedłużą sezon relaksu na świeżym powietrzu.

<strong>PORADNIK PRAKTYCZNY - 5 kroków do salonu idealnego z żaluzje fasadowe i żaluzje drewniane</strong>

1. <strong>Zacznij od światła</strong> - Zwróć uwagę na kierunek padania światła w salonie. Żaluzje fasadowe pozwolą Ci dostosować ilość światła o każdej porze dnia - to podstawa nastroju!

2. <strong>Wybierz naturalne materiały</strong> - Postaw na jasne żaluzje drewniane lub shuttersy, które wprowadzą ciepło i przytulność. Świetnie komponują się z beżami, białymi ścianami i tekstyliami z lnu.

3. <strong>Dbaj o płynne przejście do ogrodu</strong> - Jeśli salon łączy się z tarasem, wybierz osłony okienne, które nie zaburzają widoku. Markizy i żaluzje fasadowe sprawdzą się tu najlepiej.

4. <strong>Stwórz strefy relaksu</strong> - Wygodny fotel przy oknie, miękki pled, półka na książki. Rolety rzymskie lub rolety pilsowane (plisy) w tej części salonu zapewnią Ci intymność i miękkie światło do czytania.

5. <strong>Nie zapomnij o detalach</strong> - Drobiazgi, takie jak moskitiery na wymiar czy designerskie okiennice wewnętrzne, mogą dodać funkcjonalności i stylu całej przestrzeni.

<strong>CTA - Zmień swój salon z ROLBEST</strong>

Nie pozwól, żeby jesień zastała Cię w nudnym, nieprzytulnym salonie! Sprawdź, jak żaluzje fasadowe i żaluzje drewniane ROLBEST mogą odmienić Twoją przestrzeń - zadzwoń po bezpłatną wycenę: 507 704 919. Zainwestuj w styl, komfort i światło, które zostanie z Tobą przez cały rok!","<h2>Jesienny problem ze światłem</h2><p>Wyobraź sobie: wracasz do domu po długim dniu, a Twój salon nie zachęca do odpoczynku. Brakuje światła, przestrzeń wydaje się chłodna, a aranżacja po prostu nie działa. Jesienne wieczory są coraz dłuższe, a Ty marzysz o miejscu, w którym naprawdę możesz się zrelaksować. Czy Twój salon jest gotowy na nowy sezon i nowe trendy?</p><h2>Dlaczego warto odświeżyć salon</h2><p>Jesień 2025 to czas prawdziwej rewolucji w aranżacji salonów. Wnętrzarskie trendy stawiają dziś na naturalne światło, miękkie tekstury i przytulny mikroklimat. Beże, biele, jasne drewno oraz wyraziste faktury lnu czy kamienia to kluczowe elementy, które pomagają stworzyć azyl relaksu we własnym domu. Przestronne przeszklenia, płynne połączenie salonu z tarasem czy ogrodem - to wszystko sprawia, że dom staje się ucieczką od świata. Jednak bez odpowiednich <strong>osłon okiennych</strong> - takich jak <strong>żaluzje fasadowe</strong> czy <strong>żaluzje drewniane</strong> - nawet najpiękniejsza przestrzeń może stracić swój klimat. Właśnie teraz, przed sezonem długich wieczorów, warto zadbać o światło i atmosferę w centrum domowego życia.</p><h2>Błędy przy wyborze osłon okiennych</h2><p>Najczęstszy błąd? Traktowanie <strong>rolet</strong> czy <strong>żaluzji</strong> wyłącznie jako dodatku, zamiast kluczowego elementu aranżacji. Wiele osób wciąż wybiera przypadkowe <strong>rolety</strong> lub <strong>żaluzje</strong>, które nijak nie pasują do stylu wnętrza albo całkowicie blokują światło. Często zapomina się o tym, że <strong>osłony okienne</strong> powinny nie tylko chronić przed wzrokiem sąsiadów, ale też podkreślać charakter salonu, regulować mikroklimat i wydobywać naturalne piękno materiałów. Zbyt ciemne lub zbyt masywne <strong>żaluzje</strong> ""zjadają"" światło dzienne, a źle dobrane <strong>rolety pilsowane</strong> (plisy) potrafią zaburzyć harmonię przestrzeni. Brak płynnego przejścia między wnętrzem a tarasem czy ogrodem to kolejny typowy problem. Efekt? Zamiast strefy relaksu masz chłodne, nieprzyjazne miejsce, w którym trudno się odprężyć.</p>[IMG2]<h2>Żaluzje fasadowe i drewniane</h2><p>Jak stworzyć salon, który będzie zarówno stylowy, jak i wygodny? Postaw na <strong>żaluzje fasadowe</strong> ROLBEST - to hit nowoczesnej architektury, który pozwala precyzyjnie sterować ilością światła wpadającego do wnętrza. Dzięki nim zyskasz pełną kontrolę nad nastrojem: w słoneczne dni możesz rozproszyć ostre promienie, a jesienią wpuścić do środka maksimum naturalnego światła. Co więcej, <strong>żaluzje fasadowe</strong> podkreślają minimalistyczny charakter dużych przeszkleń i doskonale wpisują się w modne połączenie salonu z ogrodem czy tarasem.</p><p>Ale to nie wszystko - <strong>żaluzje drewniane</strong> ROLBEST dodadzą wnętrzu przytulności i ciepła. Naturalne drewno pięknie współgra z beżami, bielą i lnianymi tekstyliami, a jednocześnie pozwala zachować poczucie prywatności. Wybierając <strong>żaluzje</strong> ROLBEST, zyskujesz też trwałość i jakość na lata - to inwestycja w codzienny komfort. Warto rozważyć także <strong>rolety rzymskie</strong> lub <strong>rolety pilsowane</strong> (plisy) do strefy czytania, a jeśli masz wyjście na taras - <strong>markizy</strong> tarasowe, które przedłużą sezon relaksu na świeżym powietrzu.</p><h2>5 kroków do salonu idealnego</h2><h3>Zacznij od światła</h3><p><strong>Zwróć uwagę</strong> na kierunek padania światła w salonie. <strong>Żaluzje fasadowe</strong> pozwolą Ci dostosować ilość światła o każdej porze dnia - to podstawa nastroju!</p><h3>Wybierz naturalne materiały</h3><p><strong>Postaw na jasne żaluzje drewniane</strong> lub <strong>shuttersy</strong>, które wprowadzą ciepło i przytulność. Świetnie komponują się z beżami, białymi ścianami i tekstyliami z lnu.</p><h3>Dbaj o płynne przejście</h3><p><strong>Jeśli salon łączy się z tarasem</strong>, wybierz <strong>osłony okienne</strong>, które nie zaburzają widoku. <strong>Markizy</strong> i <strong>żaluzje fasadowe</strong> sprawdzą się tu najlepiej.</p><h3>Stwórz strefy relaksu</h3><p><strong>Wygodny fotel</strong> przy oknie, miękki pled, półka na książki. <strong>Rolety rzymskie</strong> lub <strong>rolety pilsowane</strong> (plisy) w tej części salonu zapewnią Ci intymność i miękkie światło do czytania.</p><h3>Nie zapomnij o detalach</h3><p><strong>Drobiazgi</strong>, takie jak <strong>moskitiery</strong> na wymiar czy designerskie <strong>okiennice wewnętrzne</strong>, mogą dodać funkcjonalności i stylu całej przestrzeni.</p>[IMG3]<p>Umów bezpłatną wycenę: <a href=""tel:507704919"">507 704 919</a></p>","Nowoczesny salon jesienią 2025 - harmonia światła i relaksu dzięki żaluzje fasadowe i drewniane ROLBEST - brzmi jak rozwiązanie na długie wieczory? Odpowiednio dobrane żaluzje pomogą stworzyć przytulny klimat i kontrolować ilość światła w Twoim domu. Nasze 20-letnie doświadczenie pokazuje, że dobór właściwych osłon okiennych naprawdę odmienia salon. Umów bezpłatną wycenę: 507 704 919 🏠 ✨ 📞","Jesienne wieczory nabierają magii, gdy Twój salon wypełnia ciepłe, naturalne światło - miejsce, gdzie relaks zyskuje nową jakość. Precyzyjna kontrola światła przez żaluzje fasadowe i drewniane od ROLBEST zmienia codzienność w stylowe doświadczenie. Czy Twój salon jest gotowy na nowy sezon inspiracji i komfortu? Zajrzyj na blog ROLBEST po więcej pomysłów - link w bio. #żaluzje #rolety #dom #wnętrza #design #rolbest #inspiracje",https://drive.google.com/file/d/1MObXTAeyP95v7J_-bwetEKBspZ3CB_Nz/view?usp=drivesdk,1MObXTAeyP95v7J_-bwetEKBspZ3CB_Nz,Opublikowano,Do akceptacji,https://drive.google.com/file/d/1gUMdnlauyzQBqg-6O_gPzSiqbCdctxBX/view?usp=drivesdk,1gUMdnlauyzQBqg-6O_gPzSiqbCdctxBX,https://drive.google.com/file/d/1CV180BS8uYaHvGISafttm228f8UTtpkH/view?usp=drivesdk,1CV180BS8uYaHvGISafttm228f8UTtpkH
28-10-2025,"Jesienna kuchnia z żaluzjami drewnianymi i shuttersami ROLBEST - światło, komfort i natura według architekta","<h1>Jesienna kuchnia z żaluzjami drewnianymi i shuttersami ROLBEST - światło, komfort i natura według architekta</h1>

<strong>HOOK - Kuchnia to serce domu, zwłaszcza jesienią</strong>

Wyobraź sobie jesienny wieczór: ciepłe światło, aromat świeżo zaparzonej kawy i rodzinną atmosferę przy stole. Ale gdy dni stają się coraz krótsze, a światło za oknem blednie, nawet najlepiej zaprojektowana kuchnia może stracić swój urok. Jak więc sprawić, by przestrzeń była jasna, komfortowa i pełna dobrej energii przez całą jesień?

<strong>KONTEKST - Dlaczego światło i natura są ważne?</strong>

Jesień to czas, kiedy odczuwamy brak słońca i szukamy ciepła w domowym zaciszu. Nowoczesne trendy wnętrzarskie stawiają na naturalność, zrównoważony design i komfort użytkowania - zwłaszcza tam, gdzie spędzamy najwięcej czasu z rodziną, czyli w kuchni z jadalnią. Architekci i projektanci coraz częściej podkreślają, że odpowiednia ilość światła dziennego i umiejętne wykorzystanie naturalnych materiałów potrafią diametralnie zmienić charakter wnętrza. Odpowiednio dobrane osłony okienne - takie jak żaluzje drewniane, shuttersy (okiennice wewnętrzne) czy żaluzje fasadowe - pozwalają nie tylko kontrolować ilość światła, ale też budują przytulność i chronią przed chłodem. To właśnie teraz, jesienią, zaczynamy doceniać takie rozwiązania najbardziej.

<strong>PROBLEM - Błędy w aranżacji okien i światła</strong>

Wielu właścicieli domów i mieszkań popełnia typowe błędy przy aranżacji kuchni i jadalni. Najczęstsza pułapka? Zbyt mało uwagi poświęcamy oknom. Źle dobrane rolety, ciężkie zasłony lub całkowity brak osłon okiennych powodują, że wnętrze staje się ponure, a my tracimy kontrolę nad światłem i prywatnością. Jesienne słońce potrafi być ostre i nisko zawieszone, co może przeszkadzać podczas rodzinnych posiłków czy pracy w kuchni. Z kolei długie wieczory sprawiają, że bez odpowiednich rozwiązań wnętrze wydaje się mniej przytulne i chłodniejsze. Często nie zdajemy sobie sprawy, jak duży wpływ na komfort - zarówno wizualny, jak i termiczny - mają nowoczesne żaluzje drewniane czy shuttersy. Warto też pamiętać, że kuchnia to miejsce, gdzie liczy się nie tylko funkcjonalność, ale też estetyka - a naturalne materiały i dopracowane detale są tu na wagę złota.

<strong>ROZWIĄZANIE ROLBEST - Żaluzje drewniane i shuttersy do kuchni</strong>

Właśnie tutaj wchodzimy my - ROLBEST. Od 20 lat pomagamy Polakom tworzyć kuchnie, w których światło, natura i komfort idą w parze. <strong>Żaluzje drewniane ROLBEST</strong> to must-have dla każdego, kto marzy o przytulnej, nowoczesnej kuchni z duszą. Drewno świetnie komponuje się z ceglanymi ścianami, stalą i innymi modnymi materiałami, a do tego pozwala perfekcyjnie sterować ilością światła wpadającego do wnętrza. Możesz swobodnie regulować kąt lameli, by chronić się przed ostrym słońcem lub rozjaśnić pomieszczenie w pochmurny dzień. <strong>Shuttersy (okiennice wewnętrzne) ROLBEST</strong> to z kolei rozwiązanie dla tych, którzy cenią sobie klasyczną elegancję i niepowtarzalny mikroklimat. Shuttersy świetnie izolują termicznie, dają pełną prywatność i wprowadzają do kuchni styl rodem z południowych domów. Nasze produkty są wykonywane na wymiar, więc idealnie dopasują się nawet do niestandardowych okien. A jeśli masz w kuchni duże przeszklenia, postaw na <strong>żaluzje fasadowe ROLBEST</strong> - to synonim nowoczesności, bezpieczeństwa i komfortu użytkowania. Wszystkie nasze osłony okienne to połączenie funkcjonalności i designu na światowym poziomie.

<strong>PORADNIK PRAKTYCZNY - Jak dobrać osłony okienne do kuchni?</strong>

<strong>1. Analizuj potrzeby i styl życia</strong> - Zastanów się, o jakiej porze dnia najczęściej używasz kuchni i jakie masz oczekiwania względem światła i prywatności. Jeśli gotujesz wcześnie rano lub wieczorami, postaw na żaluzje drewniane z możliwością precyzyjnej regulacji. 

<strong>2. Wybierz naturalne materiały</strong> - Drewno i wysokiej jakości kompozyty nie tylko świetnie wyglądają, ale też są trwałe i łatwe w utrzymaniu. Shuttersy oraz żaluzje drewniane ROLBEST nadadzą kuchni przytulności i pomogą stworzyć ponadczasowy klimat.

<strong>3. Zwróć uwagę na komfort termiczny</strong> - Jeśli masz duże okna, żaluzje fasadowe ROLBEST skutecznie ochronią przed utratą ciepła i nadmiernym nasłonecznieniem.

<strong>4. Dbaj o detale i spójność aranżacji</strong> - Dopasuj kolor osłon okiennych do barw ścian, blatów i podłogi. Pamiętaj, że eleganckie żaluzje lub shuttersy mogą być mocnym akcentem dekoracyjnym.

<strong>5. Postaw na produkty na wymiar</strong> - Tylko wtedy masz pewność, że żaluzje drewniane czy shuttersy będą idealnie przylegać do okien i zapewnią pełen komfort użytkowania.

<strong>CTA - Zmień swoją kuchnię z ROLBEST!</strong>

Chcesz, by Twoja kuchnia z jadalnią była jasna, przytulna i wpisywała się w najnowsze trendy? Postaw na żaluzje drewniane, shuttersy lub żaluzje fasadowe ROLBEST. Zadzwoń po bezpłatną wycenę: 507 704 919 i sprawdź, jak łatwo możesz odmienić swój dom tej jesieni!","<h2>Kuchnia to serce domu</h2><p>Wyobraź sobie jesienny wieczór: ciepłe światło, aromat świeżo zaparzonej kawy i rodzinną atmosferę przy stole. Ale gdy dni stają się coraz krótsze, a światło za oknem blednie, nawet najlepiej zaprojektowana kuchnia może stracić swój urok. Jak więc sprawić, by przestrzeń była jasna, komfortowa i pełna dobrej energii przez całą jesień?</p><h2>Dlaczego światło i natura są ważne?</h2><p>Jesień to czas, kiedy odczuwamy brak słońca i szukamy ciepła w domowym zaciszu. Nowoczesne trendy wnętrzarskie stawiają na naturalność, zrównoważony design i komfort użytkowania - zwłaszcza tam, gdzie spędzamy najwięcej czasu z rodziną, czyli w kuchni z jadalnią. Architekci i projektanci coraz częściej podkreślają, że odpowiednia ilość światła dziennego i umiejętne wykorzystanie naturalnych materiałów potrafią diametralnie zmienić charakter wnętrza. Odpowiednio dobrane <strong>osłony okienne</strong> - takie jak <strong>żaluzje drewniane</strong>, <strong>shuttersy</strong> (okiennice wewnętrzne) czy <strong>żaluzje fasadowe</strong> - pozwalają nie tylko kontrolować ilość światła, ale też budują przytulność i chronią przed chłodem. To właśnie teraz, jesienią, zaczynamy doceniać takie rozwiązania najbardziej.</p><h2>Błędy w aranżacji okien i światła</h2><p>Wielu właścicieli domów i mieszkań popełnia typowe błędy przy aranżacji kuchni i jadalni. Najczęstsza pułapka? Zbyt mało uwagi poświęcamy oknom. Źle dobrane <strong>rolety</strong>, ciężkie zasłony lub całkowity brak osłon okiennych powodują, że wnętrze staje się ponure, a my tracimy kontrolę nad światłem i prywatnością. Jesienne słońce potrafi być ostre i nisko zawieszone, co może przeszkadzać podczas rodzinnych posiłków czy pracy w kuchni. Z kolei długie wieczory sprawiają, że bez odpowiednich rozwiązań wnętrze wydaje się mniej przytulne i chłodniejsze. Często nie zdajemy sobie sprawy, jak duży wpływ na komfort - zarówno wizualny, jak i termiczny - mają nowoczesne <strong>żaluzje drewniane</strong> czy <strong>shuttersy</strong>. Warto też pamiętać, że kuchnia to miejsce, gdzie liczy się nie tylko funkcjonalność, ale też estetyka - a naturalne materiały i dopracowane detale są tu na wagę złota.</p>[IMG2]<h2>Rozwiązanie ROLBEST</h2><p>Właśnie tutaj wchodzimy my - ROLBEST. Od 20 lat pomagamy Polakom tworzyć kuchnie, w których światło, natura i komfort idą w parze. <strong>Żaluzje drewniane ROLBEST</strong> to must-have dla każdego, kto marzy o przytulnej, nowoczesnej kuchni z duszą. Drewno świetnie komponuje się z ceglanymi ścianami, stalą i innymi modnymi materiałami, a do tego pozwala perfekcyjnie sterować ilością światła wpadającego do wnętrza. Możesz swobodnie regulować kąt lameli, by chronić się przed ostrym słońcem lub rozjaśnić pomieszczenie w pochmurny dzień. <strong>Shuttersy</strong> (okiennice wewnętrzne) ROLBEST to z kolei rozwiązanie dla tych, którzy cenią sobie klasyczną elegancję i niepowtarzalny mikroklimat. Shuttersy świetnie izolują termicznie, dają pełną prywatność i wprowadzają do kuchni styl rodem z południowych domów. Nasze produkty są wykonywane na wymiar, więc idealnie dopasują się nawet do niestandardowych okien. A jeśli masz w kuchni duże przeszklenia, postaw na <strong>żaluzje fasadowe ROLBEST</strong> - to synonim nowoczesności, bezpieczeństwa i komfortu użytkowania. Wszystkie nasze osłony okienne to połączenie funkcjonalności i designu na światowym poziomie.</p><h2>Jak dobrać osłony okienne do kuchni?</h2><h3>Analizuj potrzeby i styl życia</h3><p>Zastanów się, o jakiej porze dnia najczęściej używasz kuchni i jakie masz oczekiwania względem światła i prywatności. Jeśli gotujesz wcześnie rano lub wieczorami, postaw na <strong>żaluzje drewniane</strong> z możliwością precyzyjnej regulacji.</p><h3>Wybierz naturalne materiały</h3><p>Drewno i wysokiej jakości kompozyty nie tylko świetnie wyglądają, ale też są trwałe i łatwe w utrzymaniu. <strong>Shuttersy</strong> oraz <strong>żaluzje drewniane ROLBEST</strong> nadadzą kuchni przytulności i pomogą stworzyć ponadczasowy klimat.</p><h3>Zwróć uwagę na komfort termiczny</h3><p>Jeśli masz duże okna, <strong>żaluzje fasadowe ROLBEST</strong> skutecznie ochronią przed utratą ciepła i nadmiernym nasłonecznieniem.</p><h3>Dbaj o detale i spójność aranżacji</h3><p>Dopasuj kolor osłon okiennych do barw ścian, blatów i podłogi. Pamiętaj, że eleganckie <strong>żaluzje</strong> lub <strong>shuttersy</strong> mogą być mocnym akcentem dekoracyjnym.</p><h3>Postaw na produkty na wymiar</h3><p>Tylko wtedy masz pewność, że <strong>żaluzje drewniane</strong> czy <strong>shuttersy</strong> będą idealnie przylegać do okien i zapewnią pełen komfort użytkowania.</p>[IMG3]<p>Umów bezpłatną wycenę: <a href=""tel:507704919"">507 704 919</a></p>","Jesienna kuchnia z żaluzjami drewnianymi i shuttersami ROLBEST - światło, komfort i natura według architekta! Naturalne materiały i precyzyjna regulacja światła sprawią, że Twoja kuchnia będzie zawsze jasna i przytulna. Nasze 20-letnie doświadczenie pokazuje, że to najlepszy wybór na jesień. Umów bezpłatną wycenę: 507 704 919 🏠 🌞 💡","Poranne światło wpadające do kuchni, aromat kawy, ciepło i natura w każdym detalu - tak wygląda idealny jesienny poranek według architekta. Odpowiednia kontrola światła przez żaluzje drewniane lub shuttersy nie tylko tworzy przytulność, ale podkreśla wyjątkowy charakter wnętrza. Jak Twoja kuchnia zmienia się jesienią? Zajrzyj na bloga po więcej inspiracji - link w bio. #żaluzje #shutters #wnętrza #dom #rolbest #design #inspiracje",https://drive.google.com/file/d/1a3C1dkfivIg0LrgWhMTqjNXhpTNC18h3/view?usp=drivesdk,1a3C1dkfivIg0LrgWhMTqjNXhpTNC18h3,Opublikowano,Do akceptacji,https://drive.google.com/file/d/1lxGsD6sgSFGwFTpidm3iXCV03jDCnHRl/view?usp=drivesdk,1lxGsD6sgSFGwFTpidm3iXCV03jDCnHRl,https://drive.google.com/file/d/1k-UL4QZHTYaLu-NGFANjpJstzlkbA3F7/view?usp=drivesdk,1k-UL4QZHTYaLu-NGFANjpJstzlkbA3F7
29-10-2025,Jesienna sypialnia - ciepło i styl dzięki shuttersy i żaluzje drewniane ROLBEST,"<h1>Jesienna sypialnia - ciepło i styl dzięki shuttersy i żaluzje drewniane ROLBEST</h1>

<strong>HOOK - Blask jesieni w Twojej sypialni</strong>

Wyobraź sobie, że budzisz się jesienią, a pierwsze promienie słońca wpadają łagodnie do sypialni. Ciepłe beże, zieleń roślin i naturalne drewno otulają Cię spokojem. Brzmi idealnie? Niestety, rzeczywistość często wygląda inaczej - szarówka, zimne światło i brak przytulności nie sprzyjają regeneracji. Jak to zmienić? Odpowiednia aranżacja okien i detale w stylu skandynawskim to klucz.

<strong>KONTEKST - Skandynawska sypialnia na topie</strong>

Jesień 2025 przynosi powiew świeżości do polskich sypialni. Trend skandynawski nie jest już tylko modą - to filozofia życia: prostota, kontakt z naturą i troska o komfort domowników. W nowoczesnych wnętrzach coraz częściej pojawiają się beże, brązy, głęboka zieleń oraz jasne drewno. Projektanci podkreślają wagę naturalnego światła oraz harmonii barw i materiałów. To nie przypadek - właśnie teraz, gdy jesienne dni są krótsze, a pogoda nie rozpieszcza, zaczynamy doceniać moc światła dziennego oraz osłon okiennych, które pomagają je ujarzmić. Łącząc rośliny, tekstylia i dobrze dobrane żaluzje, tworzysz miejsce, które nie tylko wygląda świetnie, ale i realnie wpływa na jakość Twojego snu i samopoczucia.

<strong>PROBLEM - Błędy w aranżacji okien w sypialni</strong>

Wielu właścicieli domów i mieszkań wpada w pułapkę: wybierają przypadkowe rolety lub zasłony, nie zwracając uwagi na ich funkcjonalność, kolorystykę czy dopasowanie do stylu skandynawskiego. Efekt? Sypialnia staje się ciemna, przytłaczająca lub zbyt surowa. Często też zapominamy o znaczeniu światła naturalnego - bez odpowiednich osłon okiennych światło rano razi w oczy, a wieczorem brakuje prywatności. Kolejny błąd to brak spójności: żaluzje w przypadkowym kolorze, ciężkie zasłony lub rolety screen, które nie pasują do reszty wnętrza. W efekcie nawet najpiękniejsza pościel czy rośliny nie uratują tego klimatu. A przecież sypialnia to przestrzeń do regeneracji - powinna relaksować, nie drażnić.

<strong>ROZWIĄZANIE ROLBEST - Żaluzje drewniane i shuttersy do skandynawskiej sypialni</strong>

W ROLBEST od ponad 20 lat pomagamy tworzyć sypialnie, w których każda noc i każdy poranek to czysta przyjemność. Jeśli marzysz o stylu skandynawskim i zdrowym śnie, postaw na żaluzje drewniane ROLBEST w naturalnych, jasnych odcieniach. Drewno ociepla przestrzeń, świetnie komponuje się z beżami i zielenią, a przy tym pozwala precyzyjnie regulować ilość wpadającego światła. Jeśli zależy Ci na maksymalnej kontroli światła i wyjątkowej estetyce, wybierz shuttersy - okiennice wewnętrzne ROLBEST. Ich proste linie i matowe wykończenie są kwintesencją stylu skandynawskiego, a szerokie lamele pozwalają żonglować światłem i prywatnością, jak tylko chcesz. Żaluzje drewniane i shuttersy nie dominują aranżacji, są jej naturalną częścią - subtelnie podkreślają styl, zapewniają przytulność i sprawiają, że nawet w szare, jesienne dni Twoja sypialnia jest pełna harmonii. Co więcej, nasze osłony okienne są trwałe, łatwe w czyszczeniu i wykonane z wysokiej jakości materiałów, więc masz pewność, że posłużą przez lata - nie tylko przez jedną jesień.

<strong>PORADNIK PRAKTYCZNY - Jak wybrać idealne osłony okienne?</strong>

<strong>1. Postaw na jasne żaluzje drewniane</strong> - Wybierz modele w odcieniach bieli, beżu lub jasnego drewna. Idealnie wpiszą się w skandynawską paletę i nie przytłoczą przestrzeni.

<strong>2. Shuttersy - okiennice wewnętrzne do zadań specjalnych</strong> - Jeśli masz duże okna, rozważ shuttersy ROLBEST. Pozwolą Ci precyzyjnie kontrolować ilość światła, a przy okazji wyglądają elegancko i nowocześnie.

<strong>3. Dodaj rośliny i tekstylia</strong> - Otocz się zielenią i miękkimi tkaninami - to najlepszy sposób na ocieplenie wnętrza i poprawę jakości powietrza. Rośliny świetnie współgrają z naturalnym drewnem i osłonami okiennymi.

<strong>4. Unikaj ciężkich, ciemnych zasłon</strong> - Zamiast nich postaw na lekkie rolety rzymskie lub rolety pilsowane (plisy), które delikatnie filtrują światło, nie zabierając przy tym lekkości wnętrzu.

<strong>5. Zadbaj o spójność kolorystyczną</strong> - Wybierając żaluzje, shuttersy czy rolety, trzymaj się palety skandynawskiej: beże, biel, zieleń i jasne drewno. Dzięki temu sypialnia będzie harmonijna i sprzyjająca odpoczynkowi.

<strong>CTA - Zainwestuj w zdrowy sen z ROLBEST</strong>

Nie czekaj, aż jesienne poranki pozbawią Cię energii! Postaw na shuttersy, żaluzje drewniane lub rolety pilsowane (plisy) ROLBEST i stwórz sypialnię, w której każda noc to regeneracja. Zadzwoń po bezpłatną wycenę: 507 704 919 - zrób pierwszy krok do nowej jakości snu.","<h2>Blask jesieni w Twojej sypialni</h2><p>Wyobraź sobie, że budzisz się jesienią, a pierwsze promienie słońca wpadają łagodnie do sypialni. Ciepłe beże, zieleń roślin i naturalne drewno otulają Cię spokojem. Brzmi idealnie? Niestety, rzeczywistość często wygląda inaczej - szarówka, zimne światło i brak przytulności nie sprzyjają regeneracji. Jak to zmienić? Odpowiednia aranżacja okien i detale w stylu skandynawskim to klucz.</p><h2>Skandynawska sypialnia na topie</h2><p>Jesień 2025 przynosi powiew świeżości do polskich sypialni. Trend skandynawski nie jest już tylko modą - to filozofia życia: prostota, kontakt z naturą i troska o komfort domowników. W nowoczesnych wnętrzach coraz częściej pojawiają się beże, brązy, głęboka zieleń oraz jasne drewno. Projektanci podkreślają wagę naturalnego światła oraz harmonii barw i materiałów. To nie przypadek - właśnie teraz, gdy jesienne dni są krótsze, a pogoda nie rozpieszcza, zaczynamy doceniać moc światła dziennego oraz <strong>osłon okiennych</strong>, które pomagają je ujarzmić. Łącząc rośliny, tekstylia i dobrze dobrane <strong>żaluzje</strong>, tworzysz miejsce, które nie tylko wygląda świetnie, ale i realnie wpływa na jakość Twojego snu i samopoczucia.</p><h2>Błędy w aranżacji okien w sypialni</h2><p>Wielu właścicieli domów i mieszkań wpada w pułapkę: wybierają przypadkowe <strong>rolety</strong> lub zasłony, nie zwracając uwagi na ich funkcjonalność, kolorystykę czy dopasowanie do stylu skandynawskiego. Efekt? Sypialnia staje się ciemna, przytłaczająca lub zbyt surowa. Często też zapominamy o znaczeniu światła naturalnego - bez odpowiednich <strong>osłon okiennych</strong> światło rano razi w oczy, a wieczorem brakuje prywatności. Kolejny błąd to brak spójności: <strong>żaluzje</strong> w przypadkowym kolorze, ciężkie zasłony lub <strong>rolety screen</strong>, które nie pasują do reszty wnętrza. W efekcie nawet najpiękniejsza pościel czy rośliny nie uratują tego klimatu. A przecież sypialnia to przestrzeń do regeneracji - powinna relaksować, nie drażnić.</p>[IMG2]<h2>Rozwiązanie ROLBEST</h2><p>W ROLBEST od ponad 20 lat pomagamy tworzyć sypialnie, w których każda noc i każdy poranek to czysta przyjemność. Jeśli marzysz o stylu skandynawskim i zdrowym śnie, postaw na <strong>żaluzje drewniane</strong> ROLBEST w naturalnych, jasnych odcieniach. Drewno ociepla przestrzeń, świetnie komponuje się z beżami i zielenią, a przy tym pozwala precyzyjnie regulować ilość wpadającego światła. Jeśli zależy Ci na maksymalnej kontroli światła i wyjątkowej estetyce, wybierz <strong>shuttersy</strong> - <strong>okiennice wewnętrzne</strong> ROLBEST. Ich proste linie i matowe wykończenie są kwintesencją stylu skandynawskiego, a szerokie lamele pozwalają żonglować światłem i prywatnością, jak tylko chcesz. <strong>Żaluzje drewniane</strong> i <strong>shuttersy</strong> nie dominują aranżacji, są jej naturalną częścią - subtelnie podkreślają styl, zapewniają przytulność i sprawiają, że nawet w szare, jesienne dni Twoja sypialnia jest pełna harmonii. Co więcej, nasze <strong>osłony okienne</strong> są trwałe, łatwe w czyszczeniu i wykonane z wysokiej jakości materiałów, więc masz pewność, że posłużą przez lata - nie tylko przez jedną jesień.</p><h2>Jak wybrać idealne osłony okienne?</h2><h3>Postaw na jasne żaluzje drewniane</h3><p>Wybierz modele w odcieniach bieli, beżu lub jasnego drewna. Idealnie wpiszą się w skandynawską paletę i nie przytłoczą przestrzeni.</p><h3>Shuttersy - okiennice wewnętrzne do zadań specjalnych</h3><p>Jeśli masz duże okna, rozważ <strong>shuttersy</strong> ROLBEST. Pozwolą Ci precyzyjnie kontrolować ilość światła, a przy okazji wyglądają elegancko i nowocześnie.</p><h3>Dodaj rośliny i tekstylia</h3><p>Otocz się zielenią i miękkimi tkaninami - to najlepszy sposób na ocieplenie wnętrza i poprawę jakości powietrza. Rośliny świetnie współgrają z naturalnym drewnem i <strong>osłonami okiennymi</strong>.</p><h3>Unikaj ciężkich, ciemnych zasłon</h3><p>Zamiast nich postaw na lekkie <strong>rolety rzymskie</strong> lub <strong>rolety pilsowane</strong> (plisy), które delikatnie filtrują światło, nie zabierając przy tym lekkości wnętrzu.</p><h3>Zadbaj o spójność kolorystyczną</h3><p>Wybierając <strong>żaluzje</strong>, <strong>shuttersy</strong> czy <strong>rolety</strong>, trzymaj się palety skandynawskiej: beże, biel, zieleń i jasne drewno. Dzięki temu sypialnia będzie harmonijna i sprzyjająca odpoczynkowi.</p>[IMG3]<p>Umów bezpłatną wycenę: <a href=""tel:507704919"">507 704 919</a></p>","Sypialnia skandynawska na jesień 2025: naturalne światło, beże i zieleń - nowa era zdrowego snu? Odkryj, jak żaluzje drewniane i shuttersy ROLBEST pozwalają zharmonizować wnętrze, zadbać o światło i komfortowy sen. Nasze 20-letnie doświadczenie pokazuje, że pragmatyczne detale robią różnicę. Umów bezpłatną wycenę: 507 704 919. 🏠 ✨ 📞","Poranna kawa w sypialni wypełnionej naturalnym światłem, otulona beżami i zielenią - czy to nie brzmi jak wymarzony start dnia? Drewniane żaluzje i shuttersy ROLBEST budują niepowtarzalny klimat, dbając o Twój zdrowy sen i harmonię wnętrza. Czy Twoja sypialnia jest miejscem prawdziwej regeneracji? Odwiedź bloga - link w bio po więcej inspiracji. #żaluzje #shutters #wnętrza #dom #rolbest #inspiracje #okna",https://drive.google.com/file/d/1MIZSj9lzkieNVkN5hhbCmD1pSPOc6qF_/view?usp=drivesdk,1MIZSj9lzkieNVkN5hhbCmD1pSPOc6qF_,Opublikowano,Do akceptacji,https://drive.google.com/file/d/1nmVHEaCbfnVeGgKsDJMMsYOEcesJboqN/view?usp=drivesdk,1nmVHEaCbfnVeGgKsDJMMsYOEcesJboqN,https://drive.google.com/file/d/1v9RITe0VattU1xr86CY23tSBNQ7i8tkN/view?usp=drivesdk,1v9RITe0VattU1xr86CY23tSBNQ7i8tkN
30-10-2025,Eklektyczny home office jesienią - produktywność i styl dzięki żaluzje drewniane i osłony okienne ROLBEST,"H1: Eklektyczny home office jesienią - produktywność i styl dzięki żaluzje drewniane i osłony okienne ROLBEST

HOOK

Praca w domu to nie tylko wygoda, ale też codzienne wyzwanie: jak zachować produktywność, nie tracąc przy tym energii i dobrego nastroju, zwłaszcza w krótkie jesienne dni? Może już znasz ten scenariusz - światło za oknem coraz bledsze, a Ty próbujesz okiełznać chaos w swoim domowym biurze. Czas na zmiany! Zainspiruj się eklektycznym stylem, gdzie biel, czerń i drewno tworzą przestrzeń, która naprawdę działa na Twoją korzyść.

<strong>KONTEKST</strong> - Trendy, które zmieniają domowe biura

Jesień 2025 w designie wnętrz to powrót do naturalnych materiałów i kontrastowych zestawień. Ciepłe odcienie drewna, minimalistyczna biel na ścianach i czarne akcenty w dodatkach to nieprzypadkowy wybór. Ten eklektyczny mix sprzyja kreatywności, a zarazem pozwala zachować porządek w głowie i wokół siebie. W domowych biurach coraz większą rolę odgrywają też świadomie dobrane osłony okienne - od żaluzji drewnianych, przez rolety pilsowane (plisy), po stylowe shuttersy. Dlaczego? Bo to światło decyduje o Twojej energii, samopoczuciu i efektywności. Jeśli zależy Ci na komfortowej pracy, musisz zadbać o klimat - a ten zaczyna się od okna.

<strong>PROBLEM</strong> - Najczęstsze błędy w aranżacji home office

Wielu z nas traktuje domowe biuro po macoszemu: przypadkowe meble, byle jak ustawione biurko i... totalna walka ze światłem. W efekcie codziennie męczysz oczy, rozpraszasz się przez odblaski na monitorze lub siedzisz w półmroku, który odbiera chęć do działania. Częsty błąd to także brak spójności w aranżacji - zbyt wiele kolorów i faktur, które wprowadzają chaos. Przy krótkich jesiennych dniach to szczególnie odczuwalne: za mało światła naturalnego, zbyt ostre oświetlenie wieczorem, a do tego zimno bijące od okna. Często zapominamy, że odpowiednie żaluzje, rolety czy shuttersy nie tylko dekorują, ale przede wszystkim pozwalają precyzyjnie zarządzać światłem, temperaturą i prywatnością. I tutaj wkracza eklektyczny styl, który pozwala połączyć piękno z praktycznością. 

<strong>ROZWIĄZANIE ROLBEST</strong> - Żaluzje drewniane i osłony okienne w stylu eklektycznym

Jeśli marzysz o home office, które naprawdę działa na Twoją korzyść, postaw na sprawdzone rozwiązania ROLBEST. Żaluzje drewniane to absolutny must-have tej jesieni - nie tylko pięknie wyglądają na tle białych ścian i czarnych dodatków, ale przede wszystkim pozwalają płynnie kontrolować ilość światła wpadającego do wnętrza. Dzięki naturalnej strukturze drewna wprowadzasz do biura ciepły, przyjazny klimat, który sprzyja koncentracji i relaksowi. Jeśli zależy Ci na jeszcze większej kontroli nad światłem i prywatnością, sprawdź shuttersy - okiennice wewnętrzne, które idealnie wpisują się w eklektyczne aranżacje, dodając im nuty elegancji i wyjątkowości.

Dla tych, którzy lubią elastyczność, polecamy także rolety pilsowane (plisy) - pozwalają zasłonić wybrany fragment okna, dając Ci dokładnie tyle światła, ile potrzebujesz o danej porze dnia. Każde z tych rozwiązań możesz dopasować do swoich potrzeb i stylu - zarówno pod względem koloru, jak i wykończenia. ROLBEST to gwarancja jakości, trwałości i designu, który nie wychodzi z mody, nawet gdy trendy się zmieniają. 

<strong>PORADNIK PRAKTYCZNY</strong> - 5 kroków do eklektycznego home office z żaluzje drewniane

1. Zacznij od bazy: postaw na białe ściany i proste meble, które będą neutralnym tłem dla reszty aranżacji. 
2. Wprowadź kontrast: dobierz czarne dodatki - lampę, organizer na biurko czy ramki na zdjęcia. To ożywi wnętrze i podkreśli charakter.
3. Wybierz osłony okienne z duszą: żaluzje drewniane ROLBEST podkreślą naturalność i wprowadzą ciepło. Cenisz sobie jeszcze więcej prywatności? Dodaj shuttersy lub rolety pilsowane (plisy) do swojego zestawu.
4. Graj światłem: wykorzystuj możliwość ustawiania lameli w żaluzjach drewnianych, by regulować intensywność światła i uniknąć odblasków na monitorze.
5. Nie bój się roślin i faktur: miękki dywan, lniana zasłona czy zielona monstera na parapecie dodadzą eklektycznego sznytu i poprawią mikroklimat biura.

<strong>CTA</strong>

Nie czekaj, aż jesień odbierze Ci energię do pracy. Zainwestuj w żaluzje drewniane, shuttersy lub rolety pilsowane (plisy) od ROLBEST i stwórz home office, który naprawdę działa! Bezpłatna wycena - tel: 507 704 919. Zaprojektuj swoją przestrzeń razem z nami!","<h2>Eklektyczny styl w biurze</h2><p>Praca w domu to nie tylko wygoda, ale też codzienne wyzwanie: jak zachować produktywność, nie tracąc przy tym energii i dobrego nastroju, zwłaszcza w krótkie jesienne dni? Może już znasz ten scenariusz - światło za oknem coraz bledsze, a Ty próbujesz okiełznać chaos w swoim domowym biurze. Czas na zmiany! Zainspiruj się eklektycznym stylem, gdzie biel, czerń i drewno tworzą przestrzeń, która naprawdę działa na Twoją korzyść.</p><h2>Trendy w aranżacji</h2><p><strong>Kontekst</strong> - Trendy, które zmieniają domowe biura. Jesień 2025 w designie wnętrz to powrót do naturalnych materiałów i kontrastowych zestawień. Ciepłe odcienie drewna, minimalistyczna biel na ścianach i czarne akcenty w dodatkach to nieprzypadkowy wybór. Ten eklektyczny mix sprzyja kreatywności, a zarazem pozwala zachować porządek w głowie i wokół siebie. W domowych biurach coraz większą rolę odgrywają też świadomie dobrane <strong>osłony okienne</strong> - od <strong>żaluzji drewnianych</strong>, przez <strong>rolety pilsowane</strong> (plisy), po stylowe <strong>shuttersy</strong>. Dlaczego? Bo to światło decyduje o Twojej energii, samopoczuciu i efektywności. Jeśli zależy Ci na komfortowej pracy, musisz zadbać o klimat - a ten zaczyna się od okna.</p><h2>Najczęstsze błędy w aranżacji</h2><p><strong>Problem</strong> - Wielu z nas traktuje domowe biuro po macoszemu: przypadkowe meble, byle jak ustawione biurko i... totalna walka ze światłem. W efekcie codziennie męczysz oczy, rozpraszasz się przez odblaski na monitorze lub siedzisz w półmroku, który odbiera chęć do działania. Częsty błąd to także brak spójności w aranżacji - zbyt wiele kolorów i faktur, które wprowadzają chaos. Przy krótkich jesiennych dniach to szczególnie odczuwalne: za mało światła naturalnego, zbyt ostre oświetlenie wieczorem, a do tego zimno bijące od okna. Często zapominamy, że odpowiednie <strong>żaluzje</strong>, <strong>rolety</strong> czy <strong>shuttersy</strong> nie tylko dekorują, ale przede wszystkim pozwalają precyzyjnie zarządzać światłem, temperaturą i prywatnością. I tutaj wkracza eklektyczny styl, który pozwala połączyć piękno z praktycznością.</p>[IMG2]<h2>Żaluzje drewniane i osłony okienne</h2><p><strong>Rozwiązanie ROLBEST</strong> - Jeśli marzysz o home office, które naprawdę działa na Twoją korzyść, postaw na sprawdzone rozwiązania ROLBEST. <strong>Żaluzje drewniane</strong> to absolutny must-have tej jesieni - nie tylko pięknie wyglądają na tle białych ścian i czarnych dodatków, ale przede wszystkim pozwalają płynnie kontrolować ilość światła wpadającego do wnętrza. Dzięki naturalnej strukturze drewna wprowadzasz do biura ciepły, przyjazny klimat, który sprzyja koncentracji i relaksowi. Jeśli zależy Ci na jeszcze większej kontroli nad światłem i prywatnością, sprawdź <strong>shuttersy</strong> - <strong>okiennice wewnętrzne</strong>, które idealnie wpisują się w eklektyczne aranżacje, dodając im nuty elegancji i wyjątkowości.</p><p>Dla tych, którzy lubią elastyczność, polecamy także <strong>rolety pilsowane</strong> (plisy) - pozwalają zasłonić wybrany fragment okna, dając Ci dokładnie tyle światła, ile potrzebujesz o danej porze dnia. Każde z tych rozwiązań możesz dopasować do swoich potrzeb i stylu - zarówno pod względem koloru, jak i wykończenia. ROLBEST to gwarancja jakości, trwałości i designu, który nie wychodzi z mody, nawet gdy trendy się zmieniają.</p><h2>Poradnik praktyczny</h2><h3>1. Zacznij od bazy</h3><p>Postaw na białe ściany i proste meble, które będą neutralnym tłem dla reszty aranżacji.</p><h3>2. Wprowadź kontrast</h3><p>Dobierz czarne dodatki - lampę, organizer na biurko czy ramki na zdjęcia. To ożywi wnętrze i podkreśli charakter.</p><h3>3. Wybierz osłony okienne</h3><p><strong>Żaluzje drewniane</strong> ROLBEST podkreślą naturalność i wprowadzą ciepło. Cenisz sobie jeszcze więcej prywatności? Dodaj <strong>shuttersy</strong> lub <strong>rolety pilsowane</strong> (plisy) do swojego zestawu.</p><h3>4. Graj światłem</h3><p>Wykorzystuj możliwość ustawiania lameli w <strong>żaluzjach drewnianych</strong>, by regulować intensywność światła i uniknąć odblasków na monitorze.</p><h3>5. Nie bój się roślin</h3><p>Miękki dywan, lniana zasłona czy zielona monstera na parapecie dodadzą eklektycznego sznytu i poprawią mikroklimat biura.</p>[IMG3]<p>Umów bezpłatną wycenę: <a href=""tel:507704919"">507 704 919</a></p>","Eklektyczny home office jesienią 2025: biel, czerń i drewno jako przepis na produktywność - czy Twoje miejsce pracy w domu naprawdę wspiera efektywność? Prostym sposobem na lepszą koncentrację i nastrój są żaluzje drewniane, shuttersy lub plisy, idealnie dopasowane do stylu. Nasze 20-letnie doświadczenie pokazuje, że detale robią różnicę. Umów bezpłatną wycenę: 507 704 919. 🏠 💡 ✨","Poranna kawa w eklektycznym home office, gdzie biel, czerń i drewno otulają spokój myśli i inspirują do działania. Precyzyjna kontrola światła dzięki żaluzjom ROLBEST to klucz do produktywności i komfortu nawet w pochmurne, jesienne dni. Czy Twoje biuro naprawdę wspiera Twój rytm pracy? Zajrzyj na bloga - link w bio - i znajdź więcej pomysłów na własną przestrzeń! #żaluzje #shutters #wnętrza #dom #design #rolbest #inspiracje",https://drive.google.com/file/d/1qzjoiOU6dCWQpgni_BfTz1hY2_9bTRrx/view?usp=drivesdk,1qzjoiOU6dCWQpgni_BfTz1hY2_9bTRrx,Opublikowano,Do akceptacji,https://drive.google.com/file/d/1HsYDYsv_aNFiqyfP53y5F8tp3VHDKVqV/view?usp=drivesdk,1HsYDYsv_aNFiqyfP53y5F8tp3VHDKVqV,https://drive.google.com/file/d/1SrZCBQTJCKJW9LUubhgP8V4pSdLvqJyT/view?usp=drivesdk,1SrZCBQTJCKJW9LUubhgP8V4pSdLvqJyT
31-10-2025,Domowe spa na jesień - harmonia światła i natury z żaluzje drewniane i shuttersy ROLBEST,"<h1>Domowe spa na jesień - harmonia światła i natury z żaluzje drewniane i shuttersy ROLBEST</h1>

<strong>HOOK</strong>

Wyobraź sobie - wracasz do domu po długim, jesiennym dniu, wchodzisz do łazienki, a tam czeka na Ciebie światło, które otula, miękkie tekstylia, zapach świec, szum ulubionej muzyki. Chcesz poczuć się jak w spa, ale… na własnych zasadach? Tu pojawia się pytanie - jak stworzyć w domu miejsce, które naprawdę koi zmysły i pozwala złapać balans?

<strong>KONTEKST</strong>

Jesień to czas, gdy łazienka staje się prawdziwym azylem. Krótsze dni, chłód za oknem i potrzeba regeneracji sprawiają, że coraz więcej osób szuka sposobów na stworzenie domowego spa. Architekci wnętrz podkreślają, że kluczem jest harmonia światła dziennego, naturalnych materiałów i kolorów ziemi. To właśnie one pomagają zbudować atmosferę spokoju i luksusu, która działa na wszystkie zmysły. Dobrze zaprojektowane osłony okienne - takie jak żaluzje drewniane czy shuttersy ROLBEST - stają się nie tylko elementem dekoracyjnym, ale i narzędziem do budowania nastroju oraz poczucia prywatności. Właściwie dobrane rolety, żaluzje czy okiennice wewnętrzne pozwalają kontrolować światło i dźwięki, a tym samym - tworzyć unikalny klimat wellness, bez wychodzenia z domu.

<strong>PROBLEM</strong>

Klasyczny błąd? Zostawianie łazienki na końcu listy podczas remontu albo inwestowanie tylko w modne płytki i armaturę. Wielu z nas zapomina, jak ważne jest światło i faktura otaczających nas materiałów. Efekt? Zamiast relaksu - zimne, nieprzytulne wnętrze, w którym trudno się zresetować. Do tego dochodzi brak prywatności - przez źle dobrane rolety lub zupełny ich brak, światło ulicznych latarni czy spojrzenia sąsiadów mogą skutecznie popsuć nastrój. Kolejna pułapka to przesada z dekoracjami - nadmiar dodatków, sztuczne rośliny czy plastikowe żaluzje nie tylko nie pomagają w budowaniu atmosfery spa, ale wręcz ją psują. Często też nie zdajemy sobie sprawy, jak duży wpływ na komfort termiczny i akustyczny mają dobrze dobrane osłony okienne. Bez tego nawet najpiękniejsza łazienka nie będzie Twoją strefą relaksu.

<strong>ROZWIĄZANIE ROLBEST</strong>

Szukasz sposobu, żeby Twoja łazienka stała się domowym spa? Zacznij od światła i prywatności - tu na scenę wchodzą żaluzje drewniane ROLBEST oraz shuttersy ROLBEST, czyli okiennice wewnętrzne. Oba rozwiązania to nie tylko wyrafinowany design, ale przede wszystkim praktyczne narzędzie do modulowania światła dziennego. Żaluzje drewniane świetnie wpisują się w klimat slow life - naturalne drewno ociepla wnętrze, filtruje światło na miękkie, nieprzytłaczające promienie i pozwala osiągnąć zupełnie inny poziom komfortu. Shuttersy ROLBEST to z kolei synonim prywatności i luksusu. Dzięki nim możesz dowolnie regulować ilość wpadającego światła, a jednocześnie cieszyć się poczuciem intymności nawet w łazience z dużym oknem. Co ważne, oba produkty są tworzone na wymiar, więc idealnie wpasują się w nawet najbardziej nietypowe wnętrze. Dodatkowo, żaluzje drewniane i shuttersy pomagają utrzymać odpowiednią temperaturę i tłumią dźwięki z zewnątrz, co docenisz szczególnie podczas relaksujących kąpieli. Jeśli chcesz połączyć design, ekologię i funkcjonalność - te produkty są strzałem w dziesiątkę. A jeśli Twoja łazienka ma okno wychodzące na ogród lub taras, warto rozważyć też żaluzje fasadowe ROLBEST, które zapewnią komfort wizualny i termiczny przez cały rok.

<strong>PORADNIK PRAKTYCZNY</strong>

<strong>1. Wybierz naturalne materiały</strong> - Postaw na żaluzje drewniane ROLBEST lub shuttersy ROLBEST, by wprowadzić do łazienki ciepło i organiczny charakter. Drewno świetnie łączy się z kamieniem, ceramiką i roślinami.

<strong>2. Zaplanuj światło warstwowo</strong> - Połącz światło dzienne z nastrojowym oświetleniem LED. Dzięki regulacji kąta nachylenia lameli w żaluzjach drewnianych możesz dowolnie modelować nastrój - od jasnego poranka po wieczorną strefę relaksu.

<strong>3. Zadbaj o prywatność</strong> - Shuttersy ROLBEST to idealne rozwiązanie, jeśli Twoja łazienka jest dobrze doświetlona, ale nie chcesz rezygnować z intymności. Dodatkowy plus? Łatwo utrzymać je w czystości.

<strong>4. Postaw na zieleń i tekstylia</strong> - Rośliny doniczkowe, miękkie ręczniki i maty w połączeniu z naturalnymi osłonami okiennymi tworzą prawdziwy klimat spa.

<strong>5. Rozważ żaluzje fasadowe, jeśli masz duże okno</strong> - To rozwiązanie, które pozwoli Ci kontrolować ilość światła i temperaturę przez cały rok, nadając łazience nowoczesny, architektoniczny sznyt.

<strong>CTA</strong>

Zastanawiasz się, jak odmienić swoją łazienkę na jesień? Pozwól, że pomożemy Ci dobrać idealne żaluzje drewniane, shuttersy czy żaluzje fasadowe ROLBEST do Twojego domowego spa. Skorzystaj z bezpłatnej wyceny - tel: 507 704 919. Twój relaks zaczyna się od dobrego wyboru osłon okiennych!","<h2>Domowe spa na jesień</h2><p>Wyobraź sobie - wracasz do domu po długim, jesiennym dniu, wchodzisz do łazienki, a tam czeka na Ciebie światło, które otula, miękkie tekstylia, zapach świec, szum ulubionej muzyki. Chcesz poczuć się jak w spa, ale… na własnych zasadach? Tu pojawia się pytanie - jak stworzyć w domu miejsce, które naprawdę koi zmysły i pozwala złapać balans?</p><h2>Kontekst</h2><p>Jesień to czas, gdy łazienka staje się prawdziwym azylem. Krótsze dni, chłód za oknem i potrzeba regeneracji sprawiają, że coraz więcej osób szuka sposobów na stworzenie domowego spa. Architekci wnętrz podkreślają, że kluczem jest harmonia światła dziennego, naturalnych materiałów i kolorów ziemi. To właśnie one pomagają zbudować atmosferę spokoju i luksusu, która działa na wszystkie zmysły. Dobrze zaprojektowane <strong>osłony okienne</strong> - takie jak <strong>żaluzje drewniane</strong> czy <strong>shuttersy</strong> ROLBEST - stają się nie tylko elementem dekoracyjnym, ale i narzędziem do budowania nastroju oraz poczucia prywatności. Właściwie dobrane <strong>rolety</strong>, <strong>żaluzje</strong> czy <strong>okiennice wewnętrzne</strong> pozwalają kontrolować światło i dźwięki, a tym samym - tworzyć unikalny klimat wellness, bez wychodzenia z domu.</p><h2>Problem</h2><p>Klasyczny błąd? Zostawianie łazienki na końcu listy podczas remontu albo inwestowanie tylko w modne płytki i armaturę. Wielu z nas zapomina, jak ważne jest światło i faktura otaczających nas materiałów. Efekt? Zamiast relaksu - zimne, nieprzytulne wnętrze, w którym trudno się zresetować. Do tego dochodzi brak prywatności - przez źle dobrane <strong>rolety</strong> lub zupełny ich brak, światło ulicznych latarni czy spojrzenia sąsiadów mogą skutecznie popsuć nastrój. Kolejna pułapka to przesada z dekoracjami - nadmiar dodatków, sztuczne rośliny czy plastikowe <strong>żaluzje</strong> nie tylko nie pomagają w budowaniu atmosfery spa, ale wręcz ją psują. Często też nie zdajemy sobie sprawy, jak duży wpływ na komfort termiczny i akustyczny mają dobrze dobrane <strong>osłony okienne</strong>. Bez tego nawet najpiękniejsza łazienka nie będzie Twoją strefą relaksu.</p>[IMG2]<h2>Rozwiązanie ROLBEST</h2><p>Szukasz sposobu, żeby Twoja łazienka stała się domowym spa? Zacznij od światła i prywatności - tu na scenę wchodzą <strong>żaluzje drewniane</strong> ROLBEST oraz <strong>shuttersy</strong> ROLBEST, czyli <strong>okiennice wewnętrzne</strong>. Oba rozwiązania to nie tylko wyrafinowany design, ale przede wszystkim praktyczne narzędzie do modulowania światła dziennego. <strong>Żaluzje drewniane</strong> świetnie wpisują się w klimat slow life - naturalne drewno ociepla wnętrze, filtruje światło na miękkie, nieprzytłaczające promienie i pozwala osiągnąć zupełnie inny poziom komfortu. <strong>Shuttersy</strong> ROLBEST to z kolei synonim prywatności i luksusu. Dzięki nim możesz dowolnie regulować ilość wpadającego światła, a jednocześnie cieszyć się poczuciem intymności nawet w łazience z dużym oknem. Co ważne, oba produkty są tworzone na wymiar, więc idealnie wpasują się w nawet najbardziej nietypowe wnętrze. Dodatkowo, <strong>żaluzje drewniane</strong> i <strong>shuttersy</strong> pomagają utrzymać odpowiednią temperaturę i tłumią dźwięki z zewnątrz, co docenisz szczególnie podczas relaksujących kąpieli. Jeśli chcesz połączyć design, ekologię i funkcjonalność - te produkty są strzałem w dziesiątkę. A jeśli Twoja łazienka ma okno wychodzące na ogród lub taras, warto rozważyć też <strong>żaluzje fasadowe</strong> ROLBEST, które zapewnią komfort wizualny i termiczny przez cały rok.</p><h2>Poradnik praktyczny</h2><h3>1. Wybierz naturalne materiały</h3><p><strong>Postaw na żaluzje drewniane</strong> ROLBEST lub <strong>shuttersy</strong> ROLBEST, by wprowadzić do łazienki ciepło i organiczny charakter. Drewno świetnie łączy się z kamieniem, ceramiką i roślinami.</p><h3>2. Zaplanuj światło warstwowo</h3><p>Połącz światło dzienne z nastrojowym oświetleniem LED. Dzięki regulacji kąta nachylenia lameli w <strong>żaluzjach drewnianych</strong> możesz dowolnie modelować nastrój - od jasnego poranka po wieczorną strefę relaksu.</p><h3>3. Zadbaj o prywatność</h3><p><strong>Shuttersy</strong> ROLBEST to idealne rozwiązanie, jeśli Twoja łazienka jest dobrze doświetlona, ale nie chcesz rezygnować z intymności. Dodatkowy plus? Łatwo utrzymać je w czystości.</p><h3>4. Postaw na zieleń i tekstylia</h3><p>Rośliny doniczkowe, miękkie ręczniki i maty w połączeniu z naturalnymi <strong>osłonami okiennymi</strong> tworzą prawdziwy klimat spa.</p><h3>5. Rozważ żaluzje fasadowe</h3><p>Jeśli masz duże okno, to rozwiązanie, które pozwoli Ci kontrolować ilość światła i temperaturę przez cały rok, nadając łazience nowoczesny, architektoniczny sznyt.</p>[IMG3]<p>Umów bezpłatną wycenę: <a href=""tel:507704919"">507 704 919</a></p>","Domowe spa na jesień - harmonia światła i natury z żaluzjami drewnianymi i shuttersami ROLBEST? Zadbaj o komfort, prywatność i niepowtarzalny klimat w łazience dzięki naturalnym materiałom, które pozwalają modulować światło i tworzyć prawdziwą strefę relaksu. Nasze 20-letnie doświadczenie pokazuje, że detale robią różnicę. Umów bezpłatną wycenę: 507 704 919 🏠 ✨ 📞","Ciepłe światło, miękkie tkaniny i zapach świec - Twój dom może stać się prawdziwym spa, tuż po jesiennym zmierzchu. Drewniane żaluzje i shuttersy ROLBEST modulują światło i gwarantują prywatność, zanurzając Cię w harmonii natury. Jak zadbasz o relaks w swojej łazience tej jesieni? Sprawdź więcej inspiracji na blogu, link w bio! #żaluzje #shutters #wnętrza #dom #inspiracje #rolbest #design",https://drive.google.com/file/d/1Ycrz8tz7SqnZmEmRcY4lzGu2VJYCIyCI/view?usp=drivesdk,1Ycrz8tz7SqnZmEmRcY4lzGu2VJYCIyCI,Opublikowano,Do akceptacji,https://drive.google.com/file/d/1ZLUCEGTC7c6nC_JMvaWLKU2WYMW1fB-K/view?usp=drivesdk,1ZLUCEGTC7c6nC_JMvaWLKU2WYMW1fB-K,https://drive.google.com/file/d/1jIRbsiTQVwUVCR7nBl5WbTWHOH_lu6td/view?usp=drivesdk,1jIRbsiTQVwUVCR7nBl5WbTWHOH_lu6td
01-11-2025,Jesienne wyzwania na tarasie,"<strong>HOOK - Jesienne wyzwania na tarasie</strong>

Wyobraź sobie: zapadasz w miękką poduchę na tarasie, wokół ciepłe światło i zapach świeżej ziemi, a za oknem zaczyna się jesień. Brzmi jak południe Europy? Wcale nie musisz wyjeżdżać, żeby poczuć ten klimat. Właściciele domów coraz częściej pytają: jak przenieść śródziemnomorską energię na własny taras, zwłaszcza gdy dni stają się krótsze, a wieczory chłodniejsze? Sprawdź, jak to zrobić z głową i stylem.

<strong>KONTEKST - Dlaczego styl śródziemnomorski na jesień?</strong>

Trendy wnętrzarskie na 2025 rok nie pozostawiają złudzeń - naturalność, zieleń i słoneczna kolorystyka to klucz do komfortu nawet poza sezonem letnim. Taras przestał być „letnim luksusem” - dziś stanowi naturalne przedłużenie salonu, gdzie spędzamy czas z rodziną i przyjaciółmi także jesienią. Wnętrza inspirowane południem Europy – terakotowe donice, oliwkowe zielenie i ciepłe światło - nadają przestrzeni nie tylko styl, ale i energię do życia. W tym wszystkim kluczowa jest rola światła i osłon okiennych: bez nich trudno osiągnąć efekt przytulności, ochrony i modnego looku. Markizy, żaluzje fasadowe, shuttersy - to one pomagają kontrolować światło, ciepło i tworzą ten nieuchwytny klimat śródziemnomorskiego domu.

<strong>PROBLEM - Gdzie najczęściej popełniamy błędy?</strong>

Wielu właścicieli domów planuje metamorfozę tarasu, ale… kończy na zakupie kilku roślin i pledów. Efekt? Zamiast stylowego przedłużenia salonu - przypadkowy kącik, który poddaje się kaprysom pogody. Najczęstszy błąd? Brak spójności między tarasem a wnętrzem oraz niedocenianie roli światła i ochrony przed chłodem czy deszczem. Źle dobrane markizy czy żaluzje fasadowe nie tylko psują wygląd, ale i nie spełniają swojej funkcji - a shuttersy są pomijane, jakby były tylko dekoracją. Kolejna pułapka: myślenie, że z tarasu można korzystać tylko latem. W efekcie tracisz piękne miejsce na relaks i spotkania, które mogłoby działać cały rok. A przecież odpowiednio dobrane osłony okienne i dodatki pozwalają cieszyć się tarasem nawet przy kapryśnej aurze.

<strong>ROZWIĄZANIE ROLBEST - Markizy, żaluzje fasadowe i shuttersy</strong>

W ROLBEST stawiamy na rozwiązania, które łączą południowy klimat z funkcjonalnością na polskie warunki. Po pierwsze - <strong>markizy tarasowe</strong> w odcieniach naturalnej zieleni lub ciepłej terakoty. To nie tylko ochrona przed deszczem i jesiennym chłodem, ale też stylowy akcent, który „zamyka” przestrzeń i sprawia, że taras staje się drugim salonem. Po drugie - <strong>żaluzje fasadowe</strong> od ROLBEST. Dzięki nim precyzyjnie sterujesz ilością światła wpadającego do wnętrza, a jednocześnie podkreślasz nowoczesny, śródziemnomorski charakter przestrzeni. To także skuteczna bariera przed wiatrem czy nadmiarem słońca, gdy jesień zaskakuje ciepłymi popołudniami. Trzecim filarem są <strong>shuttersy - okiennice wewnętrzne</strong>. To nie tylko designerski detal - shuttersy pozwalają zachować ciepło, dają prywatność i idealnie komponują się z naturalnymi materiałami i kolorami. Wszystkie te produkty ROLBEST możesz dopasować do stylu swojego domu - od klasyki, przez nowoczesność, aż po eklektyczne miksy. Wspólny mianownik? Komfort, trwałość i efekt WOW, który zostaje na dłużej niż jeden sezon.

<strong>PORADNIK PRAKTYCZNY - 3 pro tipy na taras jesienią</strong>

<strong>H3: Markizy tarasowe na miarę Twojego stylu</strong>
Wybierz markizy w barwach oliwki, beżu lub terakoty. Dzięki nim nawet w pochmurny dzień taras nabierze śródziemnomorskiego luzu, a wieczorem poczujesz się jak na włoskim patio. Zwróć uwagę na modele z automatycznym sterowaniem - pełna wygoda i zero stresu przy pierwszym deszczu.

<strong>H3: Żaluzje fasadowe - kontrola światła i ciepła</strong>
Montując żaluzje fasadowe, zyskujesz nie tylko ochronę przed jesiennym wiatrem, ale i możliwość precyzyjnego doświetlenia tarasu. To idealne rozwiązanie, jeśli cenisz sobie klimat ciepłych, rozproszonych promieni słońca - dokładnie jak w śródziemnomorskich willach.

<strong>H3: Shuttersy - klimat i prywatność</strong>
Shuttersy, czyli okiennice wewnętrzne, sprawdzą się idealnie, gdy chcesz odgrodzić się od świata i poczuć przytulność nawet podczas wietrznych wieczorów. Ich ponadczasowy design i możliwość dopasowania koloru do reszty detali (np. donic czy tekstyliów) pozwala stworzyć spójną aranżację bez kompromisów.

<strong>H3: Zadbaj o detale i spójność</strong>
Dobrze dobrane rolety rzymskie we wnętrzu, miękkie tekstylia i terakotowe dodatki sprawią, że granica między salonem a tarasem się zatrze. Pamiętaj o roślinach - oliwki, lawenda lub rozmaryn w dużych donicach podkreślą południowy klimat.

<strong>H3: Rozszerz sezon - korzystaj z moskitier</strong>
Jeśli planujesz korzystać z tarasu do późnej jesieni, postaw na moskitiery na wymiar. Pozwolą cieszyć się relaksem bez nieproszonych gości, a przy okazji nie popsują efektu wizualnego Twojej aranżacji.

<strong>CTA - Przedłuż lato z ROLBEST</strong>
Jesienny taras w stylu śródziemnomorskim? Z ROLBEST to proste! Zadzwoń po bezpłatną wycenę, dobierz markizy, żaluzje fasadowe i shuttersy, i ciesz się drugim salonem przez cały rok. Działaj już teraz - tel: 507 704 919.","<h2>Dlaczego styl śródziemnomorski na jesień?</h2><p>Trendy wnętrzarskie na 2025 rok nie pozostawiają złudzeń - naturalność, zieleń i słoneczna kolorystyka to klucz do komfortu nawet poza sezonem letnim. Taras przestał być „letnim luksusem” - dziś stanowi naturalne przedłużenie salonu, gdzie spędzamy czas z rodziną i przyjaciółmi także jesienią. Wnętrza inspirowane południem Europy – terakotowe donice, oliwkowe zielenie i ciepłe światło - nadają przestrzeni nie tylko styl, ale i energię do życia. W tym wszystkim kluczowa jest rola światła i osłon okiennych: bez nich trudno osiągnąć efekt przytulności, ochrony i modnego looku. <strong>Markizy</strong>, <strong>żaluzje fasadowe</strong>, <strong>shuttersy</strong> - to one pomagają kontrolować światło, ciepło i tworzą ten nieuchwytny klimat śródziemnomorskiego domu.</p><h2>Gdzie najczęściej popełniamy błędy?</h2><p>Wielu właścicieli domów planuje metamorfozę tarasu, ale… kończy na zakupie kilku roślin i pledów. Efekt? Zamiast stylowego przedłużenia salonu - przypadkowy kącik, który poddaje się kaprysom pogody. Najczęstszy błąd? Brak spójności między tarasem a wnętrzem oraz niedocenianie roli światła i ochrony przed chłodem czy deszczem. Źle dobrane <strong>markizy</strong> czy <strong>żaluzje fasadowe</strong> nie tylko psują wygląd, ale i nie spełniają swojej funkcji - a <strong>shuttersy</strong> są pomijane, jakby były tylko dekoracją. Kolejna pułapka: myślenie, że z tarasu można korzystać tylko latem. W efekcie tracisz piękne miejsce na relaks i spotkania, które mogłoby działać cały rok. A przecież odpowiednio dobrane osłony okienne i dodatki pozwalają cieszyć się tarasem nawet przy kapryśnej aurze.</p>[IMG2]<h2>Rozwiązanie ROLBEST</h2><p>W ROLBEST stawiamy na rozwiązania, które łączą południowy klimat z funkcjonalnością na polskie warunki. Po pierwsze - <strong>markizy tarasowe</strong> w odcieniach naturalnej zieleni lub ciepłej terakoty. To nie tylko ochrona przed deszczem i jesiennym chłodem, ale też stylowy akcent, który „zamyka” przestrzeń i sprawia, że taras staje się drugim salonem. Po drugie - <strong>żaluzje fasadowe</strong> od ROLBEST. Dzięki nim precyzyjnie sterujesz ilością światła wpadającego do wnętrza, a jednocześnie podkreślasz nowoczesny, śródziemnomorski charakter przestrzeni. To także skuteczna bariera przed wiatrem czy nadmiarem słońca, gdy jesień zaskakuje ciepłymi popołudniami. Trzecim filarem są <strong>shuttersy</strong> - okiennice wewnętrzne. To nie tylko designerski detal - <strong>shuttersy</strong> pozwalają zachować ciepło, dają prywatność i idealnie komponują się z naturalnymi materiałami i kolorami. Wszystkie te produkty ROLBEST możesz dopasować do stylu swojego domu - od klasyki, przez nowoczesność, aż po eklektyczne miksy. Wspólny mianownik? Komfort, trwałość i efekt WOW, który zostaje na dłużej niż jeden sezon.</p><h2>Poradnik praktyczny</h2><h3>Markizy tarasowe na miarę Twojego stylu</h3><p>Wybierz <strong>markizy</strong> w barwach oliwki, beżu lub terakoty. Dzięki nim nawet w pochmurny dzień taras nabierze śródziemnomorskiego luzu, a wieczorem poczujesz się jak na włoskim patio. Zwróć uwagę na modele z automatycznym sterowaniem - pełna wygoda i zero stresu przy pierwszym deszczu.</p><h3>Żaluzje fasadowe - kontrola światła i ciepła</h3><p>Montując <strong>żaluzje fasadowe</strong>, zyskujesz nie tylko ochronę przed jesiennym wiatrem, ale i możliwość precyzyjnego doświetlenia tarasu. To idealne rozwiązanie, jeśli cenisz sobie klimat ciepłych, rozproszonych promieni słońca - dokładnie jak w śródziemnomorskich willach.</p><h3>Shuttersy - klimat i prywatność</h3><p><strong>Shuttersy</strong>, czyli okiennice wewnętrzne, sprawdzą się idealnie, gdy chcesz odgrodzić się od świata i poczuć przytulność nawet podczas wietrznych wieczorów. Ich ponadczasowy design i możliwość dopasowania koloru do reszty detali (np. donic czy tekstyliów) pozwala stworzyć spójną aranżację bez kompromisów.</p><h3>Zadbaj o detale i spójność</h3><p>Dobrze dobrane <strong>rolety rzymskie</strong> we wnętrzu, miękkie tekstylia i terakotowe dodatki sprawią, że granica między salonem a tarasem się zatrze. Pamiętaj o roślinach - oliwki, lawenda lub rozmaryn w dużych donicach podkreślą południowy klimat.</p><h3>Rozszerz sezon - korzystaj z moskitier</h3><p>Jeśli planujesz korzystać z tarasu do późnej jesieni, postaw na <strong>moskitiery</strong> na wymiar. Pozwolą cieszyć się relaksem bez nieproszonych gości, a przy okazji nie popsują efektu wizualnego Twojej aranżacji.</p>[IMG3]<p>Umów bezpłatną wycenę: <a href=""tel:507704919"">507 704 919</a></p>","Taras śródziemnomorski jesienią - naturalna zieleń, terakota i światło mogą zagościć u Ciebie na stałe! Prostym sposobem na ciepły klimat nawet w chłodniejsze dni są markizy, żaluzje fasadowe i shuttersy ROLBEST - zapewniają ochronę, styl i kontrolę światła. Nasze 20-letnie doświadczenie pokazuje, że to najlepszy sposób na przedłużenie sezonu na tarasie. Umów bezpłatną wycenę: 507 704 919 🏠 🌞 📞","Poranna kawa wśród terakotowych donic, ciepłe światło i zieleń - na Twoim tarasie nawet jesień może pachnieć południem Europy. Odpowiednie markizy, żaluzje fasadowe i shuttersy od ROLBEST pozwalają kontrolować światło i cień, wydłużając sezon relaksu. Jak wyglądałby Twój wymarzony taras, gdyby nic nie ograniczało wyobraźni? Po więcej pomysłów zajrzyj na naszego bloga - link w bio. #markizy #żaluzje #shutters #rolety #wnętrza #rolbest #inspiracje",https://drive.google.com/file/d/13-zL4edZZY53DGVuxEkAPlJ3zPI91JXn/view?usp=drivesdk,13-zL4edZZY53DGVuxEkAPlJ3zPI91JXn,Opublikowano,Do akceptacji,https://drive.google.com/file/d/163MQ6znqIrZCXDo9IPI9imFyKwINvqCX/view?usp=drivesdk,163MQ6znqIrZCXDo9IPI9imFyKwINvqCX,https://drive.google.com/file/d/1UE1k7V6qlnMX_d0y4b1eSN30bw6k3Pmx/view?usp=drivesdk,1UE1k7V6qlnMX_d0y4b1eSN30bw6k3Pmx
02-11-2025,Gabinet retro - magia jesieni z shuttersy i żaluzje drewniane ROLBEST,"<h1>Gabinet retro - magia jesieni z shuttersy i żaluzje drewniane ROLBEST</h1>

<strong>HOOK</strong>

Wyobraź sobie jesienny wieczór: za oknem pada deszcz, a Ty siedzisz w swoim domowym gabinecie. Ciemne drewno, aksamitny fotel, burgundowe zasłony i światło świec budują klimat skupienia. Ale czy wiesz, że całą tę atmosferę możesz łatwo popsuć nieodpowiednimi osłonami okiennymi? Właśnie dlatego warto przemyśleć wybór shuttersy lub żaluzje drewniane.

<strong>KONTEKST</strong>

Jesień to czas, kiedy więcej uwagi poświęcamy wnętrzom. Powrót do biura w domu, sezon refleksji i chęć otoczenia się pięknem sprawiają, że gabinet retro znów staje się obiektem pożądania. Trendy na 2025 rok są jasne: głębokie, nasycone barwy, klasyczne meble i wyrafinowane detale wracają do łask. Jednak prawdziwą duszę gabinetu buduje światło - naturalne i sztuczne, które można wyczarować, korzystając z odpowiednich osłon okiennych. To one decydują o klimacie przestrzeni, pozwalają kontrolować poziom prywatności i podkreślają szlachetność drewnianych mebli czy złotych dodatków. Niezależnie, czy urządzasz home office, czy domową bibliotekę - dobrze zaaranżowane okno to połowa sukcesu.

<strong>Błędy w aranżacji okien - czego unikać?</strong>

Wielu właścicieli domów, zafascynowanych retro klimatem, skupia się na wyborze biurka czy lampy, zapominając o oknie. Najczęstszy błąd? Zwykłe rolety lub przypadkowe zasłony, które nie pasują do reszty wystroju albo tłumią światło. Często spotykam się też z próbami ""odświeżenia"" wnętrza modnymi, ale zupełnie niepasującymi żaluzjami aluminiowymi czy roletami screen. Efekt? Zamiast przytulnej, eleganckiej przestrzeni do pracy - mamy nieprzemyślany miks stylów. Jeszcze gorzej, gdy osłony nie pozwalają regulować światła - raz jest zbyt ciemno, innym razem razi nas słońce prosto w monitor. Brakuje też często praktycznych rozwiązań na jesienne chłody i wilgoć - przecież okno to miejsce, przez które ucieka najwięcej ciepła. Chcesz uniknąć tych wpadek? Postaw na rozwiązania, które są nie tylko stylowe, ale przede wszystkim funkcjonalne i ponadczasowe.

<strong>Shuttersy i żaluzje drewniane ROLBEST - klimat, klasa, komfort</strong>

Jeśli marzysz o gabinecie w stylu retro, shuttersy - czyli okiennice wewnętrzne ROLBEST - to prawdziwy must have. Wykonane z drewna, dostępne w kolorze ciemnego orzecha, burgundu czy głębokiego granatu, świetnie wpisują się w jesienną paletę i vintage klimat. Shuttersy pozwalają precyzyjnie kontrolować ilość światła, a przy tym zapewniają niesamowitą prywatność - możesz skupić się na pracy lub lekturze bez wścibskich spojrzeń z zewnątrz. Ich masywna, szlachetna forma podkreśla prestiż wnętrza i ""robi"" całą aranżację. 

Alternatywą, równie elegancką, są żaluzje drewniane ROLBEST. To klasyka w nowoczesnym wydaniu - naturalne drewno, precyzyjne wykończenie, możliwość wyboru szerokości lameli i koloru. Żaluzje drewniane świetnie komponują się z regałami, parkietem, złotymi detalami czy klasycznymi lampami. W przeciwieństwie do zwykłych rolet, pozwalają bawić się światłem - rozproszyć je, skierować na biurko albo całkowicie zaciemnić pomieszczenie. Co ważne, zarówno shuttersy, jak i żaluzje drewniane są trwałe, łatwe do utrzymania w czystości i podnoszą wartość nieruchomości - nic dziwnego, że architekci wnętrz coraz częściej polecają je do domowych gabinetów czy bibliotek.

<strong>Poradnik - jak urządzić okno w stylu vintage?</strong>

<strong>1. Dopasuj kolor shuttersy lub żaluzji drewnianych do palety wnętrza.</strong> Jeśli stawiasz na burgund lub granat na ścianach, wybierz shuttersy w ciemnym orzechu albo żaluzje drewniane w głębokim odcieniu. To podkreśli szlachetność całości.

<strong>2. Zadbaj o światło.</strong> Ustaw biurko tak, by korzystać z naturalnego światła, a shuttersy pozwolą Ci je dowolnie modulować - rozproszyć lub całkiem odciąć, kiedy potrzebujesz skupienia.

<strong>3. Łącz faktury.</strong> Obok drewna (na oknach i meblach) postaw na aksamitne zasłony lub pledy, mosiężne lampy i złote detale. Rolety rzymskie w ciepłym kolorze mogą być ciekawym dodatkiem do żaluzji drewnianych.

<strong>4. Myśl praktycznie.</strong> Jeśli okno wychodzi na ruchliwą ulicę albo masz problem z chłodem, shuttersy dodatkowo izolują od hałasu i poprawiają komfort termiczny.

<strong>5. Detal robi różnicę.</strong> Nie zapomnij o klamkach, ozdobnych zawiasach czy drewnianych ramkach na zdjęcia. Całość powinna być spójna - od parapetu po uchwyt na długopisy.

<strong>Shuttersy czy żaluzje drewniane? Skonsultuj się z ekspertem!</strong>

Chcesz, żeby Twój gabinet retro zachwycał nie tylko jesienią? Postaw na shuttersy lub żaluzje drewniane ROLBEST. Zadzwoń po bezpłatną wycenę - doradzimy, jak je dobrać i zamontować, by stworzyć wymarzoną przestrzeń do pracy, nauki i relaksu. Twój styl, nasze doświadczenie - sprawdź, jak łatwo zmienić klimat domu na lepszy. Bezpłatna wycena - tel: 507 704 919","<h2>Gabinet retro w jesiennej aurze</h2><p>Wyobraź sobie jesienny wieczór: za oknem pada deszcz, a Ty siedzisz w swoim domowym gabinecie. Ciemne drewno, aksamitny fotel, burgundowe zasłony i światło świec budują klimat skupienia. Ale czy wiesz, że całą tę atmosferę możesz łatwo popsuć nieodpowiednimi osłonami okiennymi? Właśnie dlatego warto przemyśleć wybór <strong>shuttersy</strong> lub <strong>żaluzje drewniane</strong>.</p><h2>Jesień w aranżacji wnętrz</h2><p>Jesień to czas, kiedy więcej uwagi poświęcamy wnętrzom. Powrót do biura w domu, sezon refleksji i chęć otoczenia się pięknem sprawiają, że gabinet retro znów staje się obiektem pożądania. Trendy na 2025 rok są jasne: głębokie, nasycone barwy, klasyczne meble i wyrafinowane detale wracają do łask. Jednak prawdziwą duszę gabinetu buduje światło - naturalne i sztuczne, które można wyczarować, korzystając z odpowiednich <strong>osłon okiennych</strong>. To one decydują o klimacie przestrzeni, pozwalają kontrolować poziom prywatności i podkreślają szlachetność drewnianych mebli czy złotych dodatków. Niezależnie, czy urządzasz home office, czy domową bibliotekę - dobrze zaaranżowane okno to połowa sukcesu.</p><h2>Błędy w aranżacji okien - czego unikać?</h2><p>Wielu właścicieli domów, zafascynowanych retro klimatem, skupia się na wyborze biurka czy lampy, zapominając o oknie. Najczęstszy błąd? Zwykłe <strong>rolety</strong> lub przypadkowe zasłony, które nie pasują do reszty wystroju albo tłumią światło. Często spotykam się też z próbami ""odświeżenia"" wnętrza modnymi, ale zupełnie niepasującymi <strong>żaluzjami</strong> aluminiowymi czy <strong>roletami screen</strong>. Efekt? Zamiast przytulnej, eleganckiej przestrzeni do pracy - mamy nieprzemyślany miks stylów. Jeszcze gorzej, gdy osłony nie pozwalają regulować światła - raz jest zbyt ciemno, innym razem razi nas słońce prosto w monitor. Brakuje też często praktycznych rozwiązań na jesienne chłody i wilgoć - przecież okno to miejsce, przez które ucieka najwięcej ciepła. Chcesz uniknąć tych wpadek? Postaw na rozwiązania, które są nie tylko stylowe, ale przede wszystkim funkcjonalne i ponadczasowe.</p>[IMG2]<h2>Shuttersy i żaluzje drewniane ROLBEST</h2><p>Jeśli marzysz o gabinecie w stylu retro, <strong>shuttersy</strong> - czyli <strong>okiennice wewnętrzne</strong> ROLBEST - to prawdziwy must have. Wykonane z drewna, dostępne w kolorze ciemnego orzecha, burgundu czy głębokiego granatu, świetnie wpisują się w jesienną paletę i vintage klimat. <strong>Shuttersy</strong> pozwalają precyzyjnie kontrolować ilość światła, a przy tym zapewniają niesamowitą prywatność - możesz skupić się na pracy lub lekturze bez wścibskich spojrzeń z zewnątrz. Ich masywna, szlachetna forma podkreśla prestiż wnętrza i ""robi"" całą aranżację.</p><p>Alternatywą, równie elegancką, są <strong>żaluzje drewniane</strong> ROLBEST. To klasyka w nowoczesnym wydaniu - naturalne drewno, precyzyjne wykończenie, możliwość wyboru szerokości lameli i koloru. <strong>Żaluzje drewniane</strong> świetnie komponują się z regałami, parkietem, złotymi detalami czy klasycznymi lampami. W przeciwieństwie do zwykłych rolet, pozwalają bawić się światłem - rozproszyć je, skierować na biurko albo całkowicie zaciemnić pomieszczenie. Co ważne, zarówno <strong>shuttersy</strong>, jak i <strong>żaluzje drewniane</strong> są trwałe, łatwe do utrzymania w czystości i podnoszą wartość nieruchomości - nic dziwnego, że architekci wnętrz coraz częściej polecają je do domowych gabinetów czy bibliotek.</p><h2>Poradnik - jak urządzić okno w stylu vintage?</h2><h3>1. Dopasuj kolor</h3><p><strong>Shuttersy</strong> lub <strong>żaluzje drewniane</strong> dopasuj do palety wnętrza. Jeśli stawiasz na burgund lub granat na ścianach, wybierz <strong>shuttersy</strong> w ciemnym orzechu albo <strong>żaluzje drewniane</strong> w głębokim odcieniu. To podkreśli szlachetność całości.</p><h3>2. Zadbaj o światło</h3><p>Ustaw biurko tak, by korzystać z naturalnego światła, a <strong>shuttersy</strong> pozwolą Ci je dowolnie modulować - rozproszyć lub całkiem odciąć, kiedy potrzebujesz skupienia.</p><h3>3. Łącz faktury</h3><p>Obok drewna (na oknach i meblach) postaw na aksamitne zasłony lub pledy, mosiężne lampy i złote detale. <strong>Rolety rzymskie</strong> w ciepłym kolorze mogą być ciekawym dodatkiem do <strong>żaluzji drewnianych</strong>.</p><h3>4. Myśl praktycznie</h3><p>Jeśli okno wychodzi na ruchliwą ulicę albo masz problem z chłodem, <strong>shuttersy</strong> dodatkowo izolują od hałasu i poprawiają komfort termiczny.</p><h3>5. Detal robi różnicę</h3><p>Nie zapomnij o klamkach, ozdobnych zawiasach czy drewnianych ramkach na zdjęcia. Całość powinna być spójna - od parapetu po uchwyt na długopisy.</p><h2>Shuttersy czy żaluzje drewniane?</h2><p>Chcesz, żeby Twój gabinet retro zachwycał nie tylko jesienią? Postaw na <strong>shuttersy</strong> lub <strong>żaluzje drewniane</strong> ROLBEST. Zadzwoń po bezpłatną wycenę - doradzimy, jak je dobrać i zamontować, by stworzyć wymarzoną przestrzeń do pracy, nauki i relaksu. Twój styl, nasze doświadczenie - sprawdź, jak łatwo zmienić klimat domu na lepszy.</p>[IMG3]<p>Umów bezpłatną wycenę: <a href=""tel:507704919"">507 704 919</a></p>","Gabinet retro jako przestrzeń do kontemplacji - jak stworzyć klimat z burgundem, granatem i starym złotem? 🏠✨ Z odpowiednimi shuttersami lub żaluzjami drewnianymi szybko podkreślisz urok wnętrza i zadbasz o idealne światło, ciszę oraz komfort. Nasze 20-letnie doświadczenie pokazuje, że to detal decyduje o całości. Umów bezpłatną wycenę: 507 704 919 👨‍🔧","Wieczorny relaks w gabinecie, gdzie burgund, granat i złoto tworzą wyjątkowy klimat skupienia... Odpowiednie światło i szlachetne detale sprawiają, że każda chwila pracy lub lektury staje się prawdziwą przyjemnością. Marzysz o wnętrzu z duszą? Jak wyglądałoby Twoje miejsce do kontemplacji? Więcej inspiracji czeka na blogu - link w bio. #shutters #żaluzje #rolbest #wnętrza #dom #inspiracje #design",https://drive.google.com/file/d/1d-u2LWpoGqYh8NeHFUhhwD-rzprjj18l/view?usp=drivesdk,1d-u2LWpoGqYh8NeHFUhhwD-rzprjj18l,Opublikowano,Do akceptacji,https://drive.google.com/file/d/1zYfBSpVAGn7AZo9LF5zDKSJula3W3SdJ/view?usp=drivesdk,1zYfBSpVAGn7AZo9LF5zDKSJula3W3SdJ,https://drive.google.com/file/d/1fPFVPfe92nMy0gb2CCa8upQU-lntVMIi/view?usp=drivesdk,1fPFVPfe92nMy0gb2CCa8upQU-lntVMIi
03-11-2025,"Salon bez barier - jak żaluzje fasadowe, shuttersy i rolety rzymskie ROLBEST tworzą komfortowy smart home na jesień","<h1>Salon bez barier - jak żaluzje fasadowe, shuttersy i rolety rzymskie ROLBEST tworzą komfortowy smart home na jesień</h1>

<strong>HOOK</strong> - Nowoczesny dom to nie tylko piękna przestrzeń, ale przede wszystkim komfort dla całej rodziny. Wyobraź sobie, że jednym kliknięciem sterujesz światłem, temperaturą i prywatnością w swoim salonie - bez wstawania z kanapy. Brzmi jak luksus? Dzięki innowacyjnym rozwiązaniom ROLBEST to już codzienność. Jesień to idealny moment, by zadbać o wygodę i bezpieczeństwo w domu, zanim chłód i ciemność na dobre zagoszczą za oknem.

<strong>KONTEKST</strong> - Smart home nie jest już domeną gadżeciarzy - coraz więcej rodzin dostrzega, jak technologia upraszcza codzienność i podnosi komfort życia. Jesienią spędzamy więcej czasu w domu, a duże przeszklenia, popularne w nowoczesnych salonach, wymagają szczególnej troski o prywatność, oszczędność energii i optymalne doświetlenie wnętrza. Inteligentne osłony okienne - takie jak żaluzje fasadowe, shuttersy czy rolety rzymskie ROLBEST - pozwalają precyzyjnie zarządzać światłem i ciepłem, a jednocześnie podkreślają styl wnętrza. Co więcej, coraz więcej rozwiązań integruje się z systemami smart home, dając pełną kontrolę nad domem z poziomu smartfona lub tabletu. To nie moda - to realna zmiana, która przekłada się na wygodę, oszczędność i bezpieczeństwo Twojej rodziny.

<strong>PROBLEM</strong> - Wciąż wiele osób urządzając salon, skupia się głównie na kolorach ścian czy wyborze mebli, ignorując rolę nowoczesnych osłon okiennych. Efekt? Zimą zmagamy się z utratą ciepła przez duże okna, latem wnętrze nagrzewa się ponad miarę, a wieczorami brakuje nam prywatności. Popularnym błędem jest montaż przypadkowych, tanich rolet czy zasłon, które szybko się niszczą lub nie pasują do stylu wnętrza. Kolejna pułapka to wybór rozwiązań, które nie współpracują z domowym systemem smart - przez co sterowanie światłem i temperaturą wymaga ręcznej obsługi. W rezultacie domownicy zamiast cieszyć się odpoczynkiem, muszą ciągle podnosić, opuszczać lub poprawiać rolety. Zamiast oszczędności - rosną rachunki za prąd i ogrzewanie. Brzmi znajomo?

<strong>ROZWIĄZANIE ROLBEST</strong> - ROLBEST od 20 lat wyznacza standardy w branży osłon okiennych, oferując innowacyjne produkty, które spełniają oczekiwania nawet najbardziej wymagających rodzin. <br> <strong>Żaluzje fasadowe</strong> to idealny wybór do nowoczesnych salonów z dużymi przeszkleniami. Pozwalają skutecznie ograniczyć nadmierne nasłonecznienie i utrzymać optymalną temperaturę wnętrza - zimą chronią przed stratami ciepła, latem zapewniają przyjemny chłód. Sterowanie może odbywać się ręcznie lub automatycznie - przez aplikację, pilot lub smart home. <br> <strong>Shuttersy</strong> - okiennice wewnętrzne - to nie tylko designerski akcent, ale także praktyczne rozwiązanie, które pozwala precyzyjnie regulować ilość światła w salonie oraz zapewnia pełną prywatność. Ich solidna konstrukcja i naturalne materiały wpływają na przytulną atmosferę wnętrza. <br> <strong>Rolety rzymskie</strong> dodają salonowi elegancji, a dzięki możliwości integracji z systemami smart home pozwalają jednym kliknięciem dostosować nastrój do pory dnia czy aktywności. Wszystkie produkty ROLBEST wykonujemy na wymiar, dbając o najwyższą jakość i spójność aranżacji. Dzięki temu Twój salon staje się funkcjonalny, energooszczędny i stylowy - gotowy na każdą porę roku.

<strong>PORADNIK PRAKTYCZNY</strong>

<strong>Jak wybrać nowoczesne osłony okienne do salonu?</strong>

<strong>H3: Żaluzje fasadowe - automatyzacja i energooszczędność</strong>
1. Rozważ montaż żaluzji fasadowych z automatycznym sterowaniem - pozwolą Ci zyskać pełną kontrolę nad światłem i temperaturą z poziomu smartfona lub pilota.
2. Dobierz kolor i rodzaj lameli do charakteru elewacji oraz wnętrza salonu - to podkreśli spójność całej aranżacji.

<strong>H3: Shuttersy - prywatność i styl</strong>
3. Shuttersy dobierz pod kątem szerokości lameli i koloru drewna - jasne odcienie powiększą optycznie salon i dodadzą mu lekkości. Wybierz model z łatwym systemem otwierania.

<strong>H3: Rolety rzymskie - klimat na każdą okazję</strong>
4. Rolety rzymskie sprawdzą się zarówno w nowoczesnych, jak i bardziej klasycznych salonach. Wybierz tkaniny o naturalnej fakturze i ciepłej kolorystyce, które podkreślą przytulność wnętrza.
5. Postaw na integrację z systemem smart home, by jednym kliknięciem zasłonić okna, kiedy domownicy odpoczywają lub oglądają film.

<strong>CTA</strong> - Masz ochotę na prawdziwie komfortowy, bezpieczny i stylowy salon tej jesieni? Postaw na sprawdzone rozwiązania ROLBEST - od żaluzji fasadowych, przez shuttersy, po rolety rzymskie - i zobacz, jak technologia może służyć Twojej rodzinie. <strong>Bezpłatna wycena - tel: 507 704 919</strong>","<h2>Komfortowy smart home</h2><p>Nowoczesny dom to nie tylko piękna przestrzeń, ale przede wszystkim komfort dla całej rodziny. Wyobraź sobie, że jednym kliknięciem sterujesz światłem, temperaturą i prywatnością w swoim salonie - bez wstawania z kanapy. Brzmi jak luksus? Dzięki innowacyjnym rozwiązaniom ROLBEST to już codzienność. Jesień to idealny moment, by zadbać o wygodę i bezpieczeństwo w domu, zanim chłód i ciemność na dobre zagoszczą za oknem.</p><h2>Technologia w codziennym życiu</h2><p>Smart home nie jest już domeną gadżeciarzy - coraz więcej rodzin dostrzega, jak technologia upraszcza codzienność i podnosi komfort życia. Jesienią spędzamy więcej czasu w domu, a duże przeszklenia, popularne w nowoczesnych salonach, wymagają szczególnej troski o prywatność, oszczędność energii i optymalne doświetlenie wnętrza. Inteligentne <strong>osłony okienne</strong> - takie jak <strong>żaluzje fasadowe</strong>, <strong>shuttersy</strong> czy <strong>rolety rzymskie</strong> ROLBEST - pozwalają precyzyjnie zarządzać światłem i ciepłem, a jednocześnie podkreślają styl wnętrza. Co więcej, coraz więcej rozwiązań integruje się z systemami smart home, dając pełną kontrolę nad domem z poziomu smartfona lub tabletu. To nie moda - to realna zmiana, która przekłada się na wygodę, oszczędność i bezpieczeństwo Twojej rodziny.</p><h2>Problem z aranżacją</h2><p>Wciąż wiele osób urządzając salon, skupia się głównie na kolorach ścian czy wyborze mebli, ignorując rolę nowoczesnych <strong>osłon okiennych</strong>. Efekt? Zimą zmagamy się z utratą ciepła przez duże okna, latem wnętrze nagrzewa się ponad miarę, a wieczorami brakuje nam prywatności. Popularnym błędem jest montaż przypadkowych, tanich <strong>rolet</strong> czy zasłon, które szybko się niszczą lub nie pasują do stylu wnętrza. Kolejna pułapka to wybór rozwiązań, które nie współpracują z domowym systemem smart - przez co sterowanie światłem i temperaturą wymaga ręcznej obsługi. W rezultacie domownicy zamiast cieszyć się odpoczynkiem, muszą ciągle podnosić, opuszczać lub poprawiać <strong>rolety</strong>. Zamiast oszczędności - rosną rachunki za prąd i ogrzewanie. Brzmi znajomo?</p>[IMG2]<h2>Rozwiązanie ROLBEST</h2><p><strong>ROLBEST</strong> od 20 lat wyznacza standardy w branży <strong>osłon okiennych</strong>, oferując innowacyjne produkty, które spełniają oczekiwania nawet najbardziej wymagających rodzin. <strong>Żaluzje fasadowe</strong> to idealny wybór do nowoczesnych salonów z dużymi przeszkleniami. Pozwalają skutecznie ograniczyć nadmierne nasłonecznienie i utrzymać optymalną temperaturę wnętrza - zimą chronią przed stratami ciepła, latem zapewniają przyjemny chłód. Sterowanie może odbywać się ręcznie lub automatycznie - przez aplikację, pilot lub smart home. <strong>Shuttersy</strong> - okiennice wewnętrzne - to nie tylko designerski akcent, ale także praktyczne rozwiązanie, które pozwala precyzyjnie regulować ilość światła w salonie oraz zapewnia pełną prywatność. Ich solidna konstrukcja i naturalne materiały wpływają na przytulną atmosferę wnętrza. <strong>Rolety rzymskie</strong> dodają salonowi elegancji, a dzięki możliwości integracji z systemami smart home pozwalają jednym kliknięciem dostosować nastrój do pory dnia czy aktywności. Wszystkie produkty ROLBEST wykonujemy na wymiar, dbając o najwyższą jakość i spójność aranżacji. Dzięki temu Twój salon staje się funkcjonalny, energooszczędny i stylowy - gotowy na każdą porę roku.</p><h2>Poradnik praktyczny</h2><h3>Jak wybrać nowoczesne osłony okienne do salonu?</h3><h3>Żaluzje fasadowe - automatyzacja i energooszczędność</h3><p>Rozważ montaż <strong>żaluzji fasadowych</strong> z automatycznym sterowaniem - pozwolą Ci zyskać pełną kontrolę nad światłem i temperaturą z poziomu smartfona lub pilota.</p><p>Dobierz kolor i rodzaj lameli do charakteru elewacji oraz wnętrza salonu - to podkreśli spójność całej aranżacji.</p><h3>Shuttersy - prywatność i styl</h3><p><strong>Shuttersy</strong> dobierz pod kątem szerokości lameli i koloru drewna - jasne odcienie powiększą optycznie salon i dodadzą mu lekkości. Wybierz model z łatwym systemem otwierania.</p><h3>Rolety rzymskie - klimat na każdą okazję</h3><p><strong>Rolety rzymskie</strong> sprawdzą się zarówno w nowoczesnych, jak i bardziej klasycznych salonach. Wybierz tkaniny o naturalnej fakturze i ciepłej kolorystyce, które podkreślą przytulność wnętrza.</p><p>Postaw na integrację z systemem smart home, by jednym kliknięciem zasłonić okna, kiedy domownicy odpoczywają lub oglądają film.</p>[IMG3]<p>Umów bezpłatną wycenę: <a href=""tel:507704919"">507 704 919</a></p>","Salon bez barier - czy wiesz, że żaluzje fasadowe, shuttersy i rolety rzymskie ROLBEST mogą stworzyć komfortowy smart home na jesień? Prosty sposób na sterowanie światłem, ciepłem i prywatnością jednym kliknięciem sprawi, że odpoczynek będzie w pełni relaksujący. Nasze 20-letnie doświadczenie pokazuje, że nowoczesne osłony gwarantują wygodę i styl. Umów bezpłatną wycenę: 507 704 919 🏠👨‍🔧💡","Poranna kawa w salonie, w którym każdy detal dostosowuje się do Twoich potrzeb - światło, temperatura, prywatność. Inteligentne żaluzje fasadowe, shuttersy i rolety rzymskie ROLBEST zmieniają zwykły salon w smart home pełen komfortu. Czy Twoja przestrzeń jest gotowa na jesienne hygge? Sprawdź więcej inspiracji na blogu - link w bio. #rolbest #wnętrza #shutters #żaluzje #rolety #dom #design",https://drive.google.com/file/d/1SBOGoIyzs_tKqni5MDTgfNs65WOKBjdS/view?usp=drivesdk,1SBOGoIyzs_tKqni5MDTgfNs65WOKBjdS,Opublikowano,Do akceptacji,https://drive.google.com/file/d/14QjFs3GLNmrECngFlBXM58KaQDPvgYZp/view?usp=drivesdk,14QjFs3GLNmrECngFlBXM58KaQDPvgYZp,https://drive.google.com/file/d/1dWWqwv3ikkAm5tTjCZZwZ7HPZt-CuKHz/view?usp=drivesdk,1dWWqwv3ikkAm5tTjCZZwZ7HPZt-CuKHz
04-11-2025,Industrialna kuchnia z jadalnią - światło i harmonia dzięki żaluzjom fasadowym i żaluzjom drewnianym ROLBEST,"<h1>Industrialna kuchnia z jadalnią - światło i harmonia dzięki żaluzjom fasadowym i żaluzjom drewnianym ROLBEST</h1>

<strong>HOOK - Industrialna kuchnia, jesienne światło, ciepło domu</strong>

Wyobraź sobie, że wchodzisz do swojej kuchni, gdzie cegła, stal i ciepłe drewno tworzą wyjątkowy klimat. Za oknem jesień w pełni - potrzebujesz światła, ale nie chcesz rezygnować z przytulności. Właśnie tu zaczyna się historia industrialnej kuchni z jadalnią, w której światło gra główną rolę, a odpowiednie osłony okienne pomagają stworzyć miejsce, do którego zawsze chętnie wracasz.

<strong>KONTEKST - Dlaczego styl industrialny i światło to must-have jesieni 2025?</strong>

Industrialne kuchnie z jadalnią to trend, który zdominuje jesień 2025. Coraz więcej osób szuka wnętrz otwartych, surowych, ale jednocześnie pełnych ciepła i domowej energii. Cegła, beton, stalowe elementy i ciemne drewno zyskują na popularności - szczególnie gdy zestawisz je z dużymi przeszkleniami. Jesienią, kiedy słońce zagląda do domu krócej, kwestia maksymalnego wykorzystania światła dziennego nabiera szczególnego znaczenia. Właściwa gra światła, cieni i kolorów może kompletnie odmienić atmosferę w sercu domu. A jeśli do tego dodasz odpowiednio dobrane żaluzje fasadowe lub żaluzje drewniane ROLBEST, efekt WOW masz gwarantowany.

<strong>PROBLEM - Typowe błędy w aranżacji światła i osłon okiennych</strong>

Wielu właścicieli domów i mieszkań marzy o industrialnej kuchni, ale na etapie aranżacji często popełnia kilka kluczowych błędów. Najczęstszy? Nieprzemyślane podejście do światła - zbyt ciężkie zasłony, przypadkowe rolety, które tłumią naturalne promienie i odbierają wnętrzu charakter. Często wybierane są materiały, które nie współgrają z industrialnym klimatem: zbyt delikatne, pastelowe, zamiast surowych i wyrazistych. Zdarza się też, że inwestorzy skupiają się na samych meblach i dodatkach, zapominając, jak ważne są osłony okienne w budowaniu nastroju. Efekt? Kuchnia traci swoją otwartość, światło jest chaotyczne, a całość wydaje się chłodna lub zbyt przytłaczająca. Właśnie tu pojawia się pole do popisu dla rozwiązań takich jak żaluzje fasadowe i żaluzje drewniane, które nie tylko podkreślają charakter przestrzeni, ale pozwalają w pełni zarządzać światłem.

<strong>ROZWIĄZANIE ROLBEST - Żaluzje fasadowe i żaluzje drewniane na miarę industrialu</strong>

Jeśli chcesz, by Twoja industrialna kuchnia z jadalnią była miejscem, do którego chętnie wracasz po całym dniu, postaw na osłony okienne ROLBEST. Żaluzje fasadowe to absolutny must-have przy dużych przeszkleniach - ich minimalistyczna forma, wytrzymałość i możliwość precyzyjnej regulacji światła sprawiają, że pomieszczenie zyskuje nową jakość. Z zewnątrz podkreślają nowoczesną linię budynku, a od środka pozwalają wpuścić dokładnie tyle światła, ile potrzebujesz - niezależnie od pory dnia czy pogody. Dla tych, którzy chcą dodatkowo ocieplić industrialny klimat, żaluzje drewniane będą strzałem w dziesiątkę. Naturalne drewno świetnie współgra z cegłą i stalą, dodając wnętrzu przytulności i charakteru. Oba rozwiązania świetnie wpisują się w filozofię ""mniej znaczy więcej"" - są funkcjonalne, trwałe i po prostu piękne. Dzięki ROLBEST możesz mieć pełną kontrolę nad światłem, prywatnością i temperaturą w kuchni. A jeśli marzysz o jeszcze bardziej spersonalizowanym efekcie, możesz połączyć różne typy osłon (np. żaluzje fasadowe z żaluzjami drewnianymi), by stworzyć aranżację na miarę swojego stylu życia.

<strong>PORADNIK PRAKTYCZNY - 5 wskazówek do industrialnej kuchni</strong>

1. <strong>Wybierz żaluzje fasadowe przy dużych oknach</strong> - Pozwolą Ci precyzyjnie sterować światłem, podkreślą loftowy charakter i ochronią wnętrze przed nadmiernym nagrzewaniem.

2. <strong>Postaw na żaluzje drewniane w strefie jadalni</strong> - Naturalne drewno ociepli industrialną przestrzeń i doda przytulności podczas rodzinnych kolacji.

3. <strong>Kombinuj różne osłony okienne</strong> - Połączenie żaluzji fasadowych z żaluzjami drewnianymi daje maksymalną funkcjonalność i efekt architektoniczny.

4. <strong>Zwróć uwagę na kolorystykę</strong> - Ciemne drewno, grafit, stal lub klasyczna biel żaluzji świetnie wpiszą się w paletę jesiennych barw.

5. <strong>Nie bój się wyrazistych detali</strong> - Dodatki z metalu, cegły czy szkła połączone z oryginalnymi osłonami okiennymi stworzą spójną, stylową całość.

<strong>CTA - Zamów bezpłatną wycenę i odkryj, jak Twoja kuchnia może zyskać nowy wymiar!</strong>

Masz dość kompromisów i chcesz, by Twoja industrialna kuchnia z jadalnią była naprawdę wyjątkowa? Postaw na żaluzje fasadowe i żaluzje drewniane od ROLBEST. Zadzwoń po bezpłatną wycenę - tel: 507 704 919. Pokażemy Ci, jak światło może zmienić wszystko!","<h2>Industrialna kuchnia i jesienne światło</h2><p>Wyobraź sobie, że wchodzisz do swojej kuchni, gdzie cegła, stal i ciepłe drewno tworzą wyjątkowy klimat. Za oknem jesień w pełni - potrzebujesz światła, ale nie chcesz rezygnować z przytulności. Właśnie tu zaczyna się historia industrialnej kuchni z jadalnią, w której światło gra główną rolę, a odpowiednie <strong>osłony okienne</strong> pomagają stworzyć miejsce, do którego zawsze chętnie wracasz.</p><h2>Styl industrialny i światło</h2><p><strong>Industrialne kuchnie</strong> z jadalnią to trend, który zdominuje jesień 2025. Coraz więcej osób szuka wnętrz otwartych, surowych, ale jednocześnie pełnych ciepła i domowej energii. Cegła, beton, stalowe elementy i ciemne drewno zyskują na popularności - szczególnie gdy zestawisz je z dużymi przeszkleniami. Jesienią, kiedy słońce zagląda do domu krócej, kwestia maksymalnego wykorzystania światła dziennego nabiera szczególnego znaczenia. Właściwa gra światła, cieni i kolorów może kompletnie odmienić atmosferę w sercu domu. A jeśli do tego dodasz odpowiednio dobrane <strong>żaluzje fasadowe</strong> lub <strong>żaluzje drewniane</strong> ROLBEST, efekt WOW masz gwarantowany.</p><h2>Typowe błędy w aranżacji</h2><p>Wielu właścicieli domów i mieszkań marzy o industrialnej kuchni, ale na etapie aranżacji często popełnia kilka kluczowych błędów. Najczęstszy? Nieprzemyślane podejście do światła - zbyt ciężkie zasłony, przypadkowe <strong>rolety</strong>, które tłumią naturalne promienie i odbierają wnętrzu charakter. Często wybierane są materiały, które nie współgrają z industrialnym klimatem: zbyt delikatne, pastelowe, zamiast surowych i wyrazistych. Zdarza się też, że inwestorzy skupiają się na samych meblach i dodatkach, zapominając, jak ważne są <strong>osłony okienne</strong> w budowaniu nastroju. Efekt? Kuchnia traci swoją otwartość, światło jest chaotyczne, a całość wydaje się chłodna lub zbyt przytłaczająca. Właśnie tu pojawia się pole do popisu dla rozwiązań takich jak <strong>żaluzje fasadowe</strong> i <strong>żaluzje drewniane</strong>, które nie tylko podkreślają charakter przestrzeni, ale pozwalają w pełni zarządzać światłem.</p>[IMG2]<h2>Rozwiązanie ROLBEST</h2><p>Jeśli chcesz, by Twoja industrialna kuchnia z jadalnią była miejscem, do którego chętnie wracasz po całym dniu, postaw na <strong>osłony okienne</strong> ROLBEST. <strong>Żaluzje fasadowe</strong> to absolutny must-have przy dużych przeszkleniach - ich minimalistyczna forma, wytrzymałość i możliwość precyzyjnej regulacji światła sprawiają, że pomieszczenie zyskuje nową jakość. Z zewnątrz podkreślają nowoczesną linię budynku, a od środka pozwalają wpuścić dokładnie tyle światła, ile potrzebujesz - niezależnie od pory dnia czy pogody. Dla tych, którzy chcą dodatkowo ocieplić industrialny klimat, <strong>żaluzje drewniane</strong> będą strzałem w dziesiątkę. Naturalne drewno świetnie współgra z cegłą i stalą, dodając wnętrzu przytulności i charakteru. Oba rozwiązania świetnie wpisują się w filozofię 'mniej znaczy więcej' - są funkcjonalne, trwałe i po prostu piękne. Dzięki ROLBEST możesz mieć pełną kontrolę nad światłem, prywatnością i temperaturą w kuchni. A jeśli marzysz o jeszcze bardziej spersonalizowanym efekcie, możesz połączyć różne typy <strong>osłon okiennych</strong> (np. <strong>żaluzje fasadowe</strong> z <strong>żaluzjami drewnianymi</strong>), by stworzyć aranżację na miarę swojego stylu życia.</p><h2>Poradnik praktyczny</h2><h3>Wybierz żaluzje fasadowe</h3><p><strong>Żaluzje fasadowe</strong> przy dużych oknach - Pozwolą Ci precyzyjnie sterować światłem, podkreślą loftowy charakter i ochronią wnętrze przed nadmiernym nagrzewaniem.</p><h3>Postaw na żaluzje drewniane</h3><p><strong>Żaluzje drewniane</strong> w strefie jadalni - Naturalne drewno ociepli industrialną przestrzeń i doda przytulności podczas rodzinnych kolacji.</p><h3>Kombinuj różne osłony</h3><p>Kombinacja <strong>żaluzji fasadowych</strong> z <strong>żaluzjami drewnianymi</strong> daje maksymalną funkcjonalność i efekt architektoniczny.</p><h3>Zwróć uwagę na kolorystykę</h3><p>Ciemne drewno, grafit, stal lub klasyczna biel <strong>żaluzji</strong> świetnie wpiszą się w paletę jesiennych barw.</p><h3>Nie bój się detali</h3><p>Dodatki z metalu, cegły czy szkła połączone z oryginalnymi <strong>osłonami okiennymi</strong> stworzą spójną, stylową całość.</p>[IMG3]<p>Umów bezpłatną wycenę: <a href=""tel:507704919"">507 704 919</a></p>","Industrialna kuchnia z jadalnią - światło i harmonia dzięki żaluzjom fasadowym i żaluzjom drewnianym ROLBEST. Chcesz więcej światła i niepowtarzalny klimat bez kompromisów? Dobierz żaluzje, które podkreślą styl i wprowadzą ciepło do wnętrza. Nasze 20-letnie doświadczenie pokazuje, jak ważna jest rola światła w kuchni. Umów bezpłatną wycenę: 507 704 919. 🏠 🌞 💡","Poranna kawa w industrialnej kuchni zalanej ciepłym światłem - cegła, stal i drewno otulają codzienność przytulnością. Precyzyjna kontrola światła dzięki żaluzjom ROLBEST zmienia zwykły dzień w prawdziwą domową celebrację. Jak Twoje okna tworzą harmonię w kuchni? Zobacz więcej inspiracji na blogu - link w bio! #rolbest #żaluzje #wnętrza #dom #design #okna #inspiracje",https://drive.google.com/file/d/1N5HPb_h0rnMsTKtawTkG1_zTD1cdr_Vv/view?usp=drivesdk,1N5HPb_h0rnMsTKtawTkG1_zTD1cdr_Vv,Opublikowano,Do akceptacji,https://drive.google.com/file/d/178y8tSIx6LNLnBSDCWNQqed0422Gkj6V/view?usp=drivesdk,178y8tSIx6LNLnBSDCWNQqed0422Gkj6V,https://drive.google.com/file/d/1727dB-D-HEgUOfcJZcaKVTifGviZfNtZ/view?usp=drivesdk,1727dB-D-HEgUOfcJZcaKVTifGviZfNtZ
05-11-2025,Jak stworzyć boho oazę spokoju w sypialni,"<strong>HOOK</strong>
Wyobraź sobie jesienny poranek: ciepła kawa, miękka pościel i delikatne promienie słońca wpadające do sypialni przez rolety rzymskie. Brzmi dobrze? Właśnie taką atmosferę możesz mieć na co dzień, jeśli zadbasz o odpowiednie osłony okienne i kilka sprytnych trików aranżacyjnych. Jesień to idealny moment, żeby stworzyć w swoim domu prawdziwą boho oazę spokoju.

<strong>KONTEKST</strong>
Dlaczego właśnie teraz warto pomyśleć o metamorfozie sypialni w klimacie boho? Przede wszystkim, jesień to czas, kiedy coraz więcej czasu spędzamy w domu, szukając ciepła, ukojenia i komfortu. Trendy wnętrzarskie na 2025 rok wskazują wyraźnie - naturalne materiały, kolory ziemi i przytulność są na topie. Styl boho w sypialni pozwala połączyć wygodę z estetyką, a przy tym daje dużą swobodę personalizacji. Dodatkowo, coraz większą wagę przykładamy do jakości snu i regeneracji - odpowiednia aranżacja oraz dobrze dobrane osłony okienne, takie jak rolety rzymskie, żaluzje drewniane czy shuttersy, pomagają zbudować spokojną atmosferę i zadbać o codzienny komfort.

<strong>BŁĘDY W ARANŻACJI OSŁON OKIENNYCH</strong>
Wielu właścicieli domów popełnia te same błędy: wybierają przypadkowe zasłony lub rolety, nie zwracając uwagi na styl wnętrza, funkcjonalność czy jakość materiałów. Efekt? Przestrzeń traci na przytulności, a światło staje się trudne do kontrolowania - zwłaszcza jesienią, kiedy każdy promień słońca jest na wagę złota. Innym częstym problemem jest zbyt mała różnorodność tekstur i kolorów, co sprawia, że sypialnia wydaje się płaska i pozbawiona charakteru. Wiele osób zapomina też o tym, że osłony okienne to nie tylko dekoracja, ale przede wszystkim narzędzie do zarządzania światłem, prywatnością i temperaturą. W rezultacie mamy wrażenie chaosu, braku spójności oraz niewykorzystanego potencjału okna jako centrum aranżacji.

<strong>ROZWIĄZANIA ROLBEST - OSŁONY OKIENNE DO BOHO OAZY</strong>
W ROLBEST od 20 lat wiemy, jak ważna jest harmonia światła i stylu. Dlatego polecamy połączenie trzech naszych flagowych produktów. <strong>Rolety rzymskie</strong> to absolutny must-have w sypialni boho - wykonane z naturalnych tkanin, subtelnie filtrują światło i wprowadzają miękkość. Idealnie prezentują się na tle lnianej pościeli i makram. <strong>Żaluzje drewniane</strong> to z kolei świetny wybór do kącika do czytania lub przy komodzie - drewno ociepla wnętrze, pozwala na precyzyjną regulację światła i pięknie współgra z roślinami. Jeśli masz wyjście na balkon lub większe okno - <strong>shuttersy</strong> (okiennice wewnętrzne) zrobią ogromne wrażenie - nie tylko elegancko podzielą światło, ale też zapewnią prywatność i przytulność, jakiej nie dają zwykłe zasłony. Każdy z tych produktów możesz dobrać pod kolor ścian, podłóg czy dodatków - beże, brązy, oliwkowa zieleń? Żaden problem. Wspólnie tworzą spójną, bardzo naturalną kompozycję, która sprawdzi się przez cały rok.

<strong>PORADY - JAK WYKORZYSTAĆ ROLETY, ŻALUZJE I SHUTTERSY</strong>
1. <strong>Stwórz warstwy światła</strong> - Połącz rolety rzymskie w jasnych, ciepłych kolorach z żaluzjami drewnianymi w ciemniejszym odcieniu. Dzięki temu możesz regulować ilość światła o każdej porze dnia i dostosować atmosferę do swojego nastroju.
2. <strong>Dobierz shuttersy do wyjścia na balkon</strong> - Okiennice wewnętrzne znakomicie sprawdzą się tam, gdzie potrzebujesz zarówno prywatności, jak i dostępu do światła. Wybierz model z szerokimi lamelami, by uzyskać efekt lekkości i przestronności.
3. <strong>Zadbaj o harmonię kolorów i materiałów</strong> - Wybieraj odcienie beżu, brązu lub zgaszonej zieleni, które współgrają z tekstyliami i drewnianymi dodatkami. Naturalne materiały i kolory ziemi to klucz do boho klimatu.
4. <strong>Nie bój się łączyć faktur</strong> - Rolety rzymskie z lnu, żaluzje drewniane z widocznym usłojeniem, shuttersy w macie - to wszystko razem daje efekt przytulności i głębi.
5. <strong>Postaw na jakość i precyzję wykonania</strong> - Zaufaj sprawdzonym markom, takim jak ROLBEST. Nasze osłony okienne dobierzesz idealnie do wymiaru i stylu swojego wnętrza.

<strong>CTA</strong>
Masz ochotę zmienić swoją sypialnię w boho oazę? Skorzystaj z bezpłatnej wyceny i zamów rolety rzymskie, żaluzje drewniane lub shuttersy ROLBEST - zadzwoń już dziś: 507 704 919. Sprawdź, jak łatwo poprawić komfort i styl swojego wnętrza!","<h2>Jesienna atmosfera w sypialni</h2><p>Wyobraź sobie jesienny poranek: ciepła kawa, miękka pościel i delikatne promienie słońca wpadające do sypialni przez <strong>rolety rzymskie</strong>. Brzmi dobrze? Właśnie taką atmosferę możesz mieć na co dzień, jeśli zadbasz o odpowiednie osłony okienne i kilka sprytnych trików aranżacyjnych. Jesień to idealny moment, żeby stworzyć w swoim domu prawdziwą boho oazę spokoju.</p><h2>Dlaczego boho teraz?</h2><p>Dlaczego właśnie teraz warto pomyśleć o metamorfozie sypialni w klimacie boho? Przede wszystkim, jesień to czas, kiedy coraz więcej czasu spędzamy w domu, szukając ciepła, ukojenia i komfortu. Trendy wnętrzarskie na 2025 rok wskazują wyraźnie - naturalne materiały, kolory ziemi i przytulność są na topie. Styl boho w sypialni pozwala połączyć wygodę z estetyką, a przy tym daje dużą swobodę personalizacji. Dodatkowo, coraz większą wagę przykładamy do jakości snu i regeneracji - odpowiednia aranżacja oraz dobrze dobrane osłony okienne, takie jak <strong>rolety rzymskie</strong>, <strong>żaluzje drewniane</strong> czy <strong>shuttersy</strong>, pomagają zbudować spokojną atmosferę i zadbać o codzienny komfort.</p><h2>Błędy w aranżacji osłon okiennych</h2><p>Wielu właścicieli domów popełnia te same błędy: wybierają przypadkowe zasłony lub <strong>rolety</strong>, nie zwracając uwagi na styl wnętrza, funkcjonalność czy jakość materiałów. Efekt? Przestrzeń traci na przytulności, a światło staje się trudne do kontrolowania - zwłaszcza jesienią, kiedy każdy promień słońca jest na wagę złota. Innym częstym problemem jest zbyt mała różnorodność tekstur i kolorów, co sprawia, że sypialnia wydaje się płaska i pozbawiona charakteru. Wiele osób zapomina też o tym, że osłony okienne to nie tylko dekoracja, ale przede wszystkim narzędzie do zarządzania światłem, prywatnością i temperaturą. W rezultacie mamy wrażenie chaosu, braku spójności oraz niewykorzystanego potencjału okna jako centrum aranżacji.</p>[IMG2]<h2>Rozwiązania ROLBEST - osłony okienne do boho oazy</h2><p>W ROLBEST od 20 lat wiemy, jak ważna jest harmonia światła i stylu. Dlatego polecamy połączenie trzech naszych flagowych produktów. <strong>Rolety rzymskie</strong> to absolutny must-have w sypialni boho - wykonane z naturalnych tkanin, subtelnie filtrują światło i wprowadzają miękkość. Idealnie prezentują się na tle lnianej pościeli i makram. <strong>Żaluzje drewniane</strong> to z kolei świetny wybór do kącika do czytania lub przy komodzie - drewno ociepla wnętrze, pozwala na precyzyjną regulację światła i pięknie współgra z roślinami. Jeśli masz wyjście na balkon lub większe okno - <strong>shuttersy</strong> (okiennice wewnętrzne) zrobią ogromne wrażenie - nie tylko elegancko podzielą światło, ale też zapewnią prywatność i przytulność, jakiej nie dają zwykłe zasłony. Każdy z tych produktów możesz dobrać pod kolor ścian, podłóg czy dodatków - beże, brązy, oliwkowa zieleń? Żaden problem. Wspólnie tworzą spójną, bardzo naturalną kompozycję, która sprawdzi się przez cały rok.</p><h2>Porady - jak wykorzystać osłony okienne</h2><h3>Stwórz warstwy światła</h3><p><strong>Połącz rolety rzymskie</strong> w jasnych, ciepłych kolorach z <strong>żaluzjami drewnianymi</strong> w ciemniejszym odcieniu. Dzięki temu możesz regulować ilość światła o każdej porze dnia i dostosować atmosferę do swojego nastroju.</p><h3>Dobierz shuttersy do wyjścia na balkon</h3><p><strong>Okiennice wewnętrzne</strong> znakomicie sprawdzą się tam, gdzie potrzebujesz zarówno prywatności, jak i dostępu do światła. Wybierz model z szerokimi lamelami, by uzyskać efekt lekkości i przestronności.</p><h3>Zadbaj o harmonię kolorów i materiałów</h3><p>Wybieraj odcienie beżu, brązu lub zgaszonej zieleni, które współgrają z tekstyliami i drewnianymi dodatkami. Naturalne materiały i kolory ziemi to klucz do boho klimatu.</p><h3>Nie bój się łączyć faktur</h3><p><strong>Rolety rzymskie</strong> z lnu, <strong>żaluzje drewniane</strong> z widocznym usłojeniem, <strong>shuttersy</strong> w macie - to wszystko razem daje efekt przytulności i głębi.</p><h3>Postaw na jakość i precyzję wykonania</h3><p>Zaufaj sprawdzonym markom, takim jak ROLBEST. Nasze osłony okienne dobierzesz idealnie do wymiaru i stylu swojego wnętrza.</p>[IMG3]<p>Umów bezpłatną wycenę: <a href=""tel:507704919"">507 704 919</a></p>","Jesienna sypialnia - ciepło i styl dzięki roletom rzymskim, żaluzjom drewnianym i shuttersom - marzysz o przytulnym wnętrzu na chłodne dni? Odpowiednio dobrane osłony okienne pomogą stworzyć boho oazę spokoju i komfortu przez cały rok. Nasze 20-letnie doświadczenie pokazuje, że to prosta droga do harmonii i piękna. Umów bezpłatną wycenę: 507 704 919 🏠 ✨ 📞","Poranne promienie słońca, ciepła kawa i miękka pościel - jesienna sypialnia to synonim ukojenia. Odpowiednio dobrane rolety rzymskie, żaluzje drewniane i shuttersy zmieniają światło, nadając wnętrzu wyjątkową atmosferę i styl. Może czas stworzyć swoją boho oazę spokoju? Po więcej inspiracji zajrzyj na bloga - link w bio. #rolety #żaluzje #shutters #wnętrza #dom #design #rolbest",https://drive.google.com/file/d/15RgWd-CVg7Rs-MpNqbojFtypgW2TLSdK/view?usp=drivesdk,15RgWd-CVg7Rs-MpNqbojFtypgW2TLSdK,Opublikowano,Do akceptacji,https://drive.google.com/file/d/1i6vzoPNfki_BO6EWqOyL1eXmmcD9RhWj/view?usp=drivesdk,1i6vzoPNfki_BO6EWqOyL1eXmmcD9RhWj,https://drive.google.com/file/d/1eQVOvF8Aiwp-9JMZd6Z2Cw_clkCjIFHC/view?usp=drivesdk,1eQVOvF8Aiwp-9JMZd6Z2Cw_clkCjIFHC
06-11-2025,Nowoczesny home office - więcej efektywności dzięki żaluzje fasadowe i rolety screen od ROLBEST,"# Nowoczesny home office - więcej efektywności dzięki żaluzje fasadowe i rolety screen od ROLBEST

<strong>HOOK</strong> - Jesienią Twój home office zamienia się w miejsce walki ze światłem? Dni są coraz krótsze, słońce znika za chmurami, a Ty nie masz ochoty znowu pracować przy sztucznym świetle. Problemy z odbiciami na ekranie, przeszkadzający cień czy zmęczenie oczu - brzmi znajomo? Jeśli marzysz o biurze, w którym światło gra pod Twoje zasady, czytaj dalej.

<strong>KONTEKST</strong> - Dlaczego to właśnie teraz temat inteligentnego zarządzania światłem w domowym biurze zyskuje na znaczeniu? Po pierwsze, coraz więcej z nas pracuje zdalnie - home office to już nie luksus, a codzienność. Po drugie, rosnąca popularność rozwiązań smart home sprawia, że oczekujemy od przestrzeni pracy nie tylko wygody, ale i elastyczności. Jesień dodatkowo wystawia nas na próbę, bo dostęp do światła dziennego jest ograniczony, a prawidłowe doświetlenie wpływa nie tylko na produktywność, ale i na zdrowie. Nowoczesne rolety, żaluzje czy shuttersy mogą naprawdę odmienić sposób, w jaki funkcjonujesz na co dzień. Czas postawić na rozwiązania, które myślą za Ciebie!

<strong>PROBLEM</strong> - Główne wyzwania? Typowe błędy to poleganie wyłącznie na sztucznym świetle, wybieranie przypadkowych osłon okiennych (bo „coś trzeba było powiesić”) i brak kontroli nad tym, ile światła wpada do biura w ciągu dnia. W efekcie - zmęczone oczy, bóle głowy, problemy z koncentracją, a nawet pogorszenie samopoczucia. Wiele osób ignoruje fakt, że światło wpływa nie tylko na komfort pracy, ale i na jej efektywność. Najczęściej spotykane pułapki? Zbyt ciemne żaluzje, które blokują naturalne światło, rolety bez opcji płynnej regulacji, brak integracji z systemami smart home, a do tego zero ochrony przed nagłymi refleksami czy przegrzewaniem się pomieszczenia przy ostatnich promieniach słońca.

<strong>ROZWIĄZANIE ROLBEST</strong> - Tu wkracza ROLBEST! Żaluzje fasadowe to must-have każdego nowoczesnego biura. Dzięki nim nie tylko precyzyjnie ustawiasz ilość światła dziennego, ale też chronisz wnętrze przed nadmiernym nagrzewaniem i niechcianymi refleksami. Co więcej - możesz je zintegrować z systemem smart home i sterować zdalnie: jednym kliknięciem dostosowujesz nastrój do tego, co akurat robisz. Żaluzje fasadowe ROLBEST są nie tylko designerskie, ale też energooszczędne, co docenisz podczas jesiennych chłodów (lepsza termoizolacja, mniej strat ciepła). Jeśli zależy Ci na delikatniejszym efekcie lub masz przestrzenie z dużymi przeszkleniami - rolety screen to strzał w dziesiątkę. Filtrują światło, dają prywatność, ale nie zamieniają pokoju w jaskinię. Wisienka na torcie? Wszystkie osłony okienne ROLBEST projektujemy i montujemy na wymiar - zero kompromisów, maksimum efektu. Dzięki naszym rozwiązaniom możesz pracować o każdej porze roku w idealnie doświetlonym, komfortowym biurze.

<strong>PORADNIK PRAKTYCZNY</strong> -
<strong>H2: Żaluzje fasadowe i rolety screen - praktyka w home office</strong>
<strong>H3: Żaluzje fasadowe ROLBEST w codziennej pracy</strong> -

1. <strong>Automatyzacja to podstawa</strong> - Wybierz żaluzje fasadowe lub rolety screen z napędem elektrycznym i połącz je z systemem smart home. Ustaw harmonogram podnoszenia i opuszczania - rano więcej światła, wieczorem pełna prywatność.
2. <strong>Strefy świetlne</strong> - Jeśli Twój home office to część większego salonu, możesz podzielić przestrzeń na strefy - żaluzje fasadowe na dużych oknach i rolety screen przy stanowisku pracy. Dzięki temu stworzysz idealne warunki do wideokonferencji i pracy przy komputerze.
3. <strong>Nie bój się kolorów!</strong> - Nowoczesne żaluzje i rolety ROLBEST są dostępne w szerokiej palecie kolorów. Wybierz odcień, który nie tylko pasuje do wystroju, ale też optycznie rozjaśni Twoje biuro.
4. <strong>Regularna pielęgnacja</strong> - Kurz i zabrudzenia potrafią skutecznie zatrzymać promienie słoneczne. Czyść żaluzje fasadowe i rolety screen co kilka tygodni - zyskasz więcej światła i świeżości.
5. <strong>Eksperymentuj z ustawieniem lameli</strong> - Kilka stopni w górę lub w dół robi różnicę. Sprawdź, jak zmienia się atmosfera w pomieszczeniu i wybierz ustawienie idealne dla siebie.

<strong>CTA</strong> - Masz dość kompromisów i niechcianych cieni w swoim home office? Postaw na komfort - sprawdź żaluzje fasadowe i rolety screen od ROLBEST! Zadzwoń po bezpłatną wycenę - tel: 507 704 919 i pracuj w świetle, które lubisz!","<h2>Nowoczesny home office</h2><p><strong>Jesienią</strong> Twój home office zamienia się w miejsce walki ze światłem? Dni są coraz krótsze, słońce znika za chmurami, a Ty nie masz ochoty znowu pracować przy sztucznym świetle. Problemy z odbiciami na ekranie, przeszkadzający cień czy zmęczenie oczu - brzmi znajomo? Jeśli marzysz o biurze, w którym światło gra pod Twoje zasady, czytaj dalej.</p><h2>Dlaczego teraz?</h2><p>Dlaczego to właśnie teraz temat inteligentnego zarządzania światłem w domowym biurze zyskuje na znaczeniu? Po pierwsze, coraz więcej z nas pracuje zdalnie - home office to już nie luksus, a codzienność. Po drugie, rosnąca popularność rozwiązań smart home sprawia, że oczekujemy od przestrzeni pracy nie tylko wygody, ale i elastyczności. Jesień dodatkowo wystawia nas na próbę, bo dostęp do światła dziennego jest ograniczony, a prawidłowe doświetlenie wpływa nie tylko na produktywność, ale i na zdrowie. Nowoczesne <strong>rolety</strong>, <strong>żaluzje</strong> czy <strong>shuttersy</strong> mogą naprawdę odmienić sposób, w jaki funkcjonujesz na co dzień. Czas postawić na rozwiązania, które myślą za Ciebie!</p><h2>Problem</h2><p>Główne wyzwania? Typowe błędy to poleganie wyłącznie na sztucznym świetle, wybieranie przypadkowych osłon okiennych (bo „coś trzeba było powiesić”) i brak kontroli nad tym, ile światła wpada do biura w ciągu dnia. W efekcie - zmęczone oczy, bóle głowy, problemy z koncentracją, a nawet pogorszenie samopoczucia. Wiele osób ignoruje fakt, że światło wpływa nie tylko na komfort pracy, ale i na jej efektywność. Najczęściej spotykane pułapki? Zbyt ciemne <strong>żaluzje</strong>, które blokują naturalne światło, <strong>rolety</strong> bez opcji płynnej regulacji, brak integracji z systemami smart home, a do tego zero ochrony przed nagłymi refleksami czy przegrzewaniem się pomieszczenia przy ostatnich promieniach słońca.</p>[IMG2]<h2>Rozwiązanie ROLBEST</h2><p>Tu wkracza ROLBEST! <strong>Żaluzje fasadowe</strong> to must-have każdego nowoczesnego biura. Dzięki nim nie tylko precyzyjnie ustawiasz ilość światła dziennego, ale też chronisz wnętrze przed nadmiernym nagrzewaniem i niechcianymi refleksami. Co więcej - możesz je zintegrować z systemem smart home i sterować zdalnie: jednym kliknięciem dostosowujesz nastrój do tego, co akurat robisz. <strong>Żaluzje fasadowe</strong> ROLBEST są nie tylko designerskie, ale też energooszczędne, co docenisz podczas jesiennych chłodów (lepsza termoizolacja, mniej strat ciepła). Jeśli zależy Ci na delikatniejszym efekcie lub masz przestrzenie z dużymi przeszkleniami - <strong>rolety screen</strong> to strzał w dziesiątkę. Filtrują światło, dają prywatność, ale nie zamieniają pokoju w jaskinię. Wisienka na torcie? Wszystkie osłony okienne ROLBEST projektujemy i montujemy na wymiar - zero kompromisów, maksimum efektu. Dzięki naszym rozwiązaniom możesz pracować o każdej porze roku w idealnie doświetlonym, komfortowym biurze.</p><h2>Poradnik praktyczny</h2><h3>Automatyzacja to podstawa</h3><p>Wybierz <strong>żaluzje fasadowe</strong> lub <strong>rolety screen</strong> z napędem elektrycznym i połącz je z systemem smart home. Ustaw harmonogram podnoszenia i opuszczania - rano więcej światła, wieczorem pełna prywatność.</p><h3>Strefy świetlne</h3><p>Jeśli Twój home office to część większego salonu, możesz podzielić przestrzeń na strefy - <strong>żaluzje fasadowe</strong> na dużych oknach i <strong>rolety screen</strong> przy stanowisku pracy. Dzięki temu stworzysz idealne warunki do wideokonferencji i pracy przy komputerze.</p><h3>Nie bój się kolorów!</h3><p>Nowoczesne <strong>żaluzje</strong> i <strong>rolety</strong> ROLBEST są dostępne w szerokiej palecie kolorów. Wybierz odcień, który nie tylko pasuje do wystroju, ale też optycznie rozjaśni Twoje biuro.</p><h3>Regularna pielęgnacja</h3><p>Kurz i zabrudzenia potrafią skutecznie zatrzymać promienie słoneczne. Czyść <strong>żaluzje fasadowe</strong> i <strong>rolety screen</strong> co kilka tygodni - zyskasz więcej światła i świeżości.</p><h3>Eksperymentuj z ustawieniem lameli</h3><p>Kilka stopni w górę lub w dół robi różnicę. Sprawdź, jak zmienia się atmosfera w pomieszczeniu i wybierz ustawienie idealne dla siebie.</p>[IMG3]<p>Masz dość kompromisów i niechcianych cieni w swoim home office? Postaw na komfort - sprawdź <strong>żaluzje fasadowe</strong> i <strong>rolety screen</strong> od ROLBEST! Zadzwoń po bezpłatną wycenę - tel: <a href=""tel:507704919"">507 704 919</a> i pracuj w świetle, które lubisz!</p>","Nowoczesny home office a innowacje w inteligentnym zarządzaniu światłem - szukasz rozwiązań, które podnoszą efektywność pracy w domu? Dzięki żaluzjom fasadowym i roletom screen od ROLBEST zyskasz maksimum komfortu, kontrolę nad światłem i estetykę każdego dnia. Nasze 20-letnie doświadczenie pokazuje, że dobór idealnych osłon potrafi totalnie odmienić Twoje biuro. Umów bezpłatną wycenę: 507 704 919 🏠 💡 ✨","Poranna kawa w domowym biurze, w którym światło idealnie współgra z rytmem dnia - brzmi jak marzenie? Inteligentne żaluzje fasadowe i rolety screen od ROLBEST nie tylko chronią przed refleksami, ale podnoszą komfort i efektywność pracy przez cały sezon. Jak Twoje wnętrze wpływa na Twoją energię? Odkryj więcej inspiracji na naszym blogu - link w bio. #rolety #żaluzje #wnętrza #dom #design #rolbest #inspiracje",https://drive.google.com/file/d/1hlRGgKwjyQac3jqvFMEHyTJSMFa6aRfb/view?usp=drivesdk,1hlRGgKwjyQac3jqvFMEHyTJSMFa6aRfb,Opublikowano,Do akceptacji,https://drive.google.com/file/d/1vUQxye1WGoPlS5gHi9keIuMRCFFGErxM/view?usp=drivesdk,1vUQxye1WGoPlS5gHi9keIuMRCFFGErxM,https://drive.google.com/file/d/1M_pK4UfCtYg5U2rBXopc_4ROGdv-c2FY/view?usp=drivesdk,1M_pK4UfCtYg5U2rBXopc_4ROGdv-c2FY
07-11-2025,Domowe spa w łazience - luksus dzięki shuttersy i żaluzje drewniane ROLBEST. Trendy jesień 2025,"<h1>Domowe spa w łazience - luksus dzięki shuttersy i żaluzje drewniane ROLBEST. Trendy jesień 2025</h1>

<strong>HOOK - Twoje domowe spa bez kompromisów</strong>

Wyobraź sobie łazienkę, która nie tylko wygląda jak z katalogu ekskluzywnych hoteli, ale też daje Ci codzienny relaks i wyciszenie po ciężkim dniu. Ciepło drewna, szlachetność kamienia i światło, które masz pod kontrolą - czy to nie o takim domowym spa marzysz, patrząc za okno w jesienny wieczór? Właśnie teraz możesz to mieć u siebie.

<strong>KONTEKST - Dlaczego łazienka w stylu spa to hit jesieni 2025?</strong>

Jesień 2025 przynosi modę na wnętrza, które są czymś więcej niż tylko funkcjonalne. Architekci i designerzy podkreślają, że łazienka staje się centrum domowego relaksu - miejscem, gdzie regenerujesz ciało i głowę. Inspiracje czerpiemy z luksusowych hoteli i wellness - królują kamień, drewno, jasne kolory i minimalistyczne formy. Kluczowa jest też gra światłem: odpowiednia ilość promieni słonecznych, miękkie cienie, odrobina intymności. To właśnie tutaj shuttersy i żaluzje drewniane ROLBEST wnoszą wartość nie do przecenienia - pozwalają Ci regulować nastrój i światło dokładnie tak, jak lubisz.

<strong>PROBLEM - Typowe błędy w aranżacji łazienki spa</strong>

Wielu właścicieli domów, planując domowe spa, skupia się wyłącznie na armaturze czy płytkach, a zapomina o jednym z najważniejszych elementów: świetle. Zbyt mocne lub niedostateczne oświetlenie, źle dobrane osłony okienne, które nie dają prywatności albo psują harmonię wnętrza - to najczęstsze grzechy. Często wybierane są przypadkowe rolety, które nie pasują do stylu spa, albo montowane są tanie żaluzje z tworzywa, które nie wytrzymują wilgoci i tracą kolor. W efekcie łazienka zamiast być oazą relaksu, staje się kolejnym przeciętnym pomieszczeniem. Kolejny problem to brak możliwości subtelnej regulacji światła - a przecież chwila spokoju w wannie wymaga zupełnie innej atmosfery niż szybki poranek przy lustrze. Warto więc już na starcie postawić na rozwiązania, które łączą funkcjonalność z estetyką na lata.

<strong>ROZWIĄZANIE ROLBEST - Shuttersy i żaluzje drewniane do łazienki spa</strong>

Jeśli marzysz o łazience w stylu spa, produkty ROLBEST to Twój najlepszy sprzymierzeniec. <strong>Shuttersy - okiennice wewnętrzne</strong> to absolutny hit wśród architektów - nie tylko genialnie wyglądają (biel, jasny beż, subtelne szarości), ale pozwalają perfekcyjnie kontrolować ilość światła i poziom prywatności. Dzięki shuttersom możesz wpuścić do łazienki miękkie, rozproszone światło, które podkreśli fakturę kamienia i drewna i stworzy przytulny klimat. To rozwiązanie odporne na wilgoć i łatwe do utrzymania w czystości - idealne do łazienek.

Równie stylowe są <strong>żaluzje drewniane</strong> ROLBEST. Wykonane z wysokogatunkowego drewna, dodają wnętrzu naturalnej elegancji, a do tego świetnie pasują do jasnych, minimalistycznych aranżacji. Możesz precyzyjnie sterować kątem nachylenia lameli, więc raz masz pełną intymność, a innym razem łazienkę skąpaną w naturalnym świetle. To też inwestycja na lata - drewno użytkowane przez ROLBEST jest zabezpieczone przed wilgocią, więc nie grożą mu deformacje czy utrata koloru.

W obu przypadkach - shuttersy oraz żaluzje drewniane - masz pewność, że Twoja łazienka zyska nie tylko styl, ale i maksymalną funkcjonalność. To właśnie te osłony okienne sprawiają, że domowe spa staje się codziennym luksusem, a nie tylko sezonową nowinką.

<strong>PORADNIK PRAKTYCZNY - 5 kroków do łazienki spa z ROLBEST</strong>

1. <strong>Dopasuj kolor osłon do łazienki</strong> - Biel shuttersów lub naturalny odcień żaluzji drewnianych świetnie współgrają z kamieniem i jasnymi płytkami. Unikaj krzykliwych barw - stawiaj na harmonię.
2. <strong>Zadbaj o prywatność</strong> - Wybierając shuttersy, możesz przymknąć lamele tylko częściowo, zyskując światło i intymność jednocześnie. To szczególnie ważne przy dużych oknach w łazience.
3. <strong>Postaw na odporność na wilgoć</strong> - Produkty ROLBEST są zabezpieczone przed wilgocią - to klucz w łazience spa. Unikaj tanich zamienników, które szybko się odkształcą.
4. <strong>Reguluj światło do nastroju</strong> - W shuttersach i żaluzjach drewnianych możesz sterować kątem lameli, uzyskując efekt od delikatnego półmroku do pełnego światła dziennego.
5. <strong>Nie bój się dużych okien</strong> - Jeśli masz panoramiczne przeszklenia, tym lepiej! Shuttersy lub żaluzje drewniane ROLBEST nie tylko je podkreślą, ale sprawią, że Twoja łazienka będzie wyglądać jak luksusowy apartament.

<strong>CTA - Zainwestuj w relaks z ROLBEST!</strong>

Chcesz stworzyć swoją strefę wellness w domu? Wybierz shuttersy lub żaluzje drewniane ROLBEST i przekonaj się, jak szybko Twoja łazienka zamieni się w domowe spa z prawdziwego zdarzenia. Zadzwoń po bezpłatną wycenę - tel: 507 704 919. Zainspiruj się trendami, postaw na sprawdzone rozwiązania!","<h2>Domowe spa bez kompromisów</h2><p>Wyobraź sobie łazienkę, która nie tylko wygląda jak z katalogu ekskluzywnych hoteli, ale też daje Ci codzienny relaks i wyciszenie po ciężkim dniu. Ciepło drewna, szlachetność kamienia i światło, które masz pod kontrolą - czy to nie o takim domowym spa marzysz, patrząc za okno w jesienny wieczór? Właśnie teraz możesz to mieć u siebie.</p><h2>Dlaczego łazienka w stylu spa to hit jesieni 2025?</h2><p>Jesień 2025 przynosi modę na wnętrza, które są czymś więcej niż tylko funkcjonalne. Architekci i designerzy podkreślają, że łazienka staje się centrum domowego relaksu - miejscem, gdzie regenerujesz ciało i głowę. Inspiracje czerpiemy z luksusowych hoteli i wellness - królują kamień, drewno, jasne kolory i minimalistyczne formy. Kluczowa jest też gra światłem: odpowiednia ilość promieni słonecznych, miękkie cienie, odrobina intymności. To właśnie tutaj <strong>shuttersy</strong> i <strong>żaluzje drewniane</strong> ROLBEST wnoszą wartość nie do przecenienia - pozwalają Ci regulować nastrój i światło dokładnie tak, jak lubisz.</p><h2>Typowe błędy w aranżacji łazienki spa</h2><p>Wielu właścicieli domów, planując domowe spa, skupia się wyłącznie na armaturze czy płytkach, a zapomina o jednym z najważniejszych elementów: świetle. Zbyt mocne lub niedostateczne oświetlenie, źle dobrane osłony okienne, które nie dają prywatności albo psują harmonię wnętrza - to najczęstsze grzechy. Często wybierane są przypadkowe <strong>rolety</strong>, które nie pasują do stylu spa, albo montowane są tanie <strong>żaluzje</strong> z tworzywa, które nie wytrzymują wilgoci i tracą kolor. W efekcie łazienka zamiast być oazą relaksu, staje się kolejnym przeciętnym pomieszczeniem. Kolejny problem to brak możliwości subtelnej regulacji światła - a przecież chwila spokoju w wannie wymaga zupełnie innej atmosfery niż szybki poranek przy lustrze. Warto więc już na starcie postawić na rozwiązania, które łączą funkcjonalność z estetyką na lata.</p>[IMG2]<h2>Shuttersy i żaluzje drewniane do łazienki spa</h2><p>Jeśli marzysz o łazience w stylu spa, produkty ROLBEST to Twój najlepszy sprzymierzeniec. <strong>Shuttersy</strong> - <strong>okiennice wewnętrzne</strong> to absolutny hit wśród architektów - nie tylko genialnie wyglądają (biel, jasny beż, subtelne szarości), ale pozwalają perfekcyjnie kontrolować ilość światła i poziom prywatności. Dzięki shuttersom możesz wpuścić do łazienki miękkie, rozproszone światło, które podkreśli fakturę kamienia i drewna i stworzy przytulny klimat. To rozwiązanie odporne na wilgoć i łatwe do utrzymania w czystości - idealne do łazienek.</p><p>Równie stylowe są <strong>żaluzje drewniane</strong> ROLBEST. Wykonane z wysokogatunkowego drewna, dodają wnętrzu naturalnej elegancji, a do tego świetnie pasują do jasnych, minimalistycznych aranżacji. Możesz precyzyjnie sterować kątem nachylenia lameli, więc raz masz pełną intymność, a innym razem łazienkę skąpaną w naturalnym świetle. To też inwestycja na lata - drewno użytkowane przez ROLBEST jest zabezpieczone przed wilgocią, więc nie grożą mu deformacje czy utrata koloru.</p><p>W obu przypadkach - <strong>shuttersy</strong> oraz <strong>żaluzje drewniane</strong> - masz pewność, że Twoja łazienka zyska nie tylko styl, ale i maksymalną funkcjonalność. To właśnie te <strong>osłony okienne</strong> sprawiają, że domowe spa staje się codziennym luksusem, a nie tylko sezonową nowinką.</p><h2>5 kroków do łazienki spa z ROLBEST</h2><h3>Dopasuj kolor osłon do łazienki</h3><p><strong>Biel shuttersów</strong> lub naturalny odcień <strong>żaluzji drewnianych</strong> świetnie współgrają z kamieniem i jasnymi płytkami. Unikaj krzykliwych barw - stawiaj na harmonię.</p><h3>Zadbaj o prywatność</h3><p>Wybierając <strong>shuttersy</strong>, możesz przymknąć lamele tylko częściowo, zyskując światło i intymność jednocześnie. To szczególnie ważne przy dużych oknach w łazience.</p><h3>Postaw na odporność na wilgoć</h3><p>Produkty ROLBEST są zabezpieczone przed wilgocią - to klucz w łazience spa. Unikaj tanich zamienników, które szybko się odkształcą.</p><h3>Reguluj światło do nastroju</h3><p>W <strong>shuttersach</strong> i <strong>żaluzjach drewnianych</strong> możesz sterować kątem lameli, uzyskując efekt od delikatnego półmroku do pełnego światła dziennego.</p><h3>Nie bój się dużych okien</h3><p>Jeśli masz panoramiczne przeszklenia, tym lepiej! <strong>Shuttersy</strong> lub <strong>żaluzje drewniane</strong> ROLBEST nie tylko je podkreślą, ale sprawią, że Twoja łazienka będzie wyglądać jak luksusowy apartament.</p>[IMG3]<p>Umów bezpłatną wycenę: <a href=""tel:507704919"">507 704 919</a></p>","Domowe spa w łazience - luksus dzięki shuttersy i żaluzje drewniane ROLBEST. Chcesz mieć codzienny relaks i pełną kontrolę nad światłem? Prostym sposobem jest wybór naszych osłon okiennych odpornych na wilgoć i zapewniających intymność. Nasze 20-letnie doświadczenie pokazuje, że każdy dom może zyskać wyjątkowy klimat. Umów bezpłatną wycenę: 507 704 919 🏠✨📞","Poranna kawa w łazience pachnącej drewnem i spokojem - wyobraź sobie ten relaks po długim dniu. Luksus shuttersów i żaluzji drewnianych ROLBEST pozwala sterować światłem i intymnością, zamieniając łazienkę w Twoje codzienne spa. Jak wyglądałoby Twoje miejsce na wyciszenie? Odkryj więcej inspiracji na naszym blogu - link w bio. #shutters #żaluzje #wnętrza #rolbest #inspiracje #dom #design",https://drive.google.com/file/d/1yDoI-jGprmXstlu_sA9yrKvtnRWm0nwr/view?usp=drivesdk,1yDoI-jGprmXstlu_sA9yrKvtnRWm0nwr,Opublikowano,Do akceptacji,https://drive.google.com/file/d/1NqVqW4Nx3_GPyA6pgdD3YKUM8BXwyEyl/view?usp=drivesdk,1NqVqW4Nx3_GPyA6pgdD3YKUM8BXwyEyl,https://drive.google.com/file/d/1r2ATB25eWTUPp3O8b0YvpckPqp9n4-mA/view?usp=drivesdk,1r2ATB25eWTUPp3O8b0YvpckPqp9n4-mA
08-11-2025,"Jesień na tarasie - komfort i styl dzięki żaluzje drewniane, shuttersy i rolety screen","<h1><strong>Jesień na tarasie - komfort i styl dzięki żaluzje drewniane, shuttersy i rolety screen</strong></h1>

<strong>HOOK</strong>

Wyobraź sobie jesienny wieczór: ciepły koc, filiżanka herbaty i widok na ogród, który zamiast znikać z Twojego życia - staje się jego przedłużeniem. Właściciele domów często żałują, że z nadejściem chłodów taras zamienia się w pustą przestrzeń. Ale co, jeśli to właśnie jesień może być najlepszym sezonem na taras?

<strong>KONTEKST</strong>

Jesień to nie tylko spadające liście i coraz krótsze dni. Coraz więcej architektów wnętrz i projektantów ogrodów podkreśla, że to idealny moment, aby na nowo zdefiniować funkcję tarasu. Trendy 2024-2025 jasno pokazują: pojęcie „czterech ścian” zanika, a przestrzeń outdoorowa staje się naturalnym przedłużeniem salonu. Zamiast rezygnować z tarasu po sezonie letnim, możesz zamienić go w prawdziwą strefę relaksu i spotkań nawet w październiku czy listopadzie. Odpowiednie oświetlenie, tekstylia, rośliny i - co najważniejsze - przemyślane osłony okienne, takie jak żaluzje drewniane, shuttersy czy rolety screen, pozwolą Ci cieszyć się tarasem przez większą część roku.

<strong>H2: <strong>Błędy w aranżacji tarasu - rola żaluzje i shuttersy</strong></strong>

<strong>Typowe problemy - czego unikać?</strong>

Najczęstszym błędem właścicieli domów jest traktowanie tarasu wyłącznie jako letniego „dodatku”. Po sezonie grillowym taras pustoszeje - znikają meble, a cała przestrzeń traci swój urok. Kolejna pułapka to niewłaściwe zabezpieczenie przed chłodem i utrata prywatności - chłodne podmuchy wiatru i wścibskie spojrzenia sąsiadów skutecznie odstraszają od korzystania z tarasu jesienią. Wielu zapomina także o odpowiednim oświetleniu i brakuje im praktycznych osłon okiennych, takich jak żaluzje fasadowe czy shuttersy. Efekt? Taras staje się ciemny i nieprzyjazny, a Ty tracisz szansę na jesienne przyjemności na świeżym powietrzu. Warto też wspomnieć o błędach w doborze materiałów - te niezabezpieczone przed wilgocią szybko tracą na wyglądzie i funkcjonalności.

<strong>H2: <strong>Shuttersy i żaluzje drewniane - sekret przytulnego tarasu</strong></strong>

<strong>ROLBEST - rozwiązania na miarę sezonu</strong>

W ROLBEST od 20 lat pomagamy właścicielom domów tworzyć tarasy, które żyją nie tylko w lipcu, ale i w październiku. Klucz? Dobre osłony okienne. Shuttersy - czyli okiennice wewnętrzne - są absolutnym hitem wśród architektów, którzy chcą połączyć klimat śródziemnomorskich willi z funkcjonalnością polskiej jesieni. Dzięki nim możesz płynnie kontrolować ilość światła oraz zapewnić sobie prywatność, nawet gdy za oknem szarówka. Żaluzje drewniane z kolei wprowadzają ciepły, domowy akcent i doskonale współgrają z jesiennymi tekstyliami oraz naturalnym drewnem na tarasie.

Nie można zapomnieć o roletach screen, które skutecznie chronią przed jesiennym wiatrem i deszczem, a przy tym nie zabierają światła dziennego - pozwalają cieszyć się widokiem na ogród przez cały sezon. Jeśli masz nowoczesny taras z dużymi przeszkleniami, żaluzje fasadowe będą idealnym wyborem - zapewnią komfort termiczny i zapobiegną utracie ciepła z salonu. W ROLBEST dobierzesz rozwiązania na wymiar i pod konkretny styl Twojego domu.

<strong>H2: <strong>Rolety screen i żaluzje fasadowe - praktyczne wskazówki</strong></strong>

<strong>Produkty ROLBEST w praktyce - jak najlepiej je wykorzystać</strong>

1. <strong>Strefuj przestrzeń z pomocą shuttersy</strong> - Zamontuj shuttersy między salonem a tarasem, by stworzyć płynne przejście i zyskać elastyczność w kontroli światła oraz prywatności. Idealne do stref relaksu i jadalni na świeżym powietrzu.

2. <strong>Wybierz żaluzje drewniane do ciepłych aranżacji</strong> - Połącz żaluzje drewniane z miękkimi poduszkami, pledami i lampionami, by uzyskać przytulny efekt i zachować kontrolę nad światłem wpadającym z tarasu do salonu.

3. <strong>Zainwestuj w rolety screen na przeszklenia</strong> - Rolety screen pozwalają korzystać z tarasu nawet w wietrzne czy deszczowe dni - blokują zimny wiatr i nadmiar wilgoci, ale nie zamykają widoku na ogród.

4. <strong>Postaw na żaluzje fasadowe przy dużych oknach</strong> - Dzięki żaluzjom fasadowym możesz regulować temperaturę w salonie, ograniczyć straty ciepła i zachować nowoczesny, minimalistyczny look elewacji.

5. <strong>Nie zapomnij o oświetleniu i tekstyliach</strong> - Uzupełnij aranżację o ciepłe światło, wełniane pledy i dywany outdoorowe - to one w połączeniu z osłonami okiennymi tworzą klimat, który zachęca do spędzania czasu na tarasie nawet po zmierzchu.

<strong>H2: <strong>Osłony okienne ROLBEST - nowy sezon na Twoim tarasie</strong></strong>

<strong>Zamów bezpłatną wycenę - ciesz się tarasem jesienią!</strong>

Nie pozwól, by Twój taras stał pusty do wiosny. Zainwestuj w shuttersy, żaluzje drewniane, rolety screen lub żaluzje fasadowe od ROLBEST i stwórz przestrzeń, do której chce się wracać nawet w chłodniejsze dni. Zadzwoń po bezpłatną wycenę - tel: 507 704 919 i sprawdź, jak szybko możesz zmienić swój taras w jesienny salon na świeżym powietrzu!","<h2>Jesień na tarasie</h2><p>Wyobraź sobie jesienny wieczór: ciepły koc, filiżanka herbaty i widok na ogród, który zamiast znikać z Twojego życia - staje się jego przedłużeniem. Właściciele domów często żałują, że z nadejściem chłodów taras zamienia się w pustą przestrzeń. Ale co, jeśli to właśnie jesień może być najlepszym sezonem na taras?</p><h2>Problem</h2><p>Jesień to nie tylko spadające liście i coraz krótsze dni. Coraz więcej architektów wnętrz i projektantów ogrodów podkreśla, że to idealny moment, aby na nowo zdefiniować funkcję tarasu. Trendy 2024-2025 jasno pokazują: pojęcie „czterech ścian” zanika, a przestrzeń outdoorowa staje się naturalnym przedłużeniem salonu. Zamiast rezygnować z tarasu po sezonie letnim, możesz zamienić go w prawdziwą strefę relaksu i spotkań nawet w październiku czy listopadzie. Odpowiednie oświetlenie, tekstylia, rośliny i - co najważniejsze - przemyślane <strong>osłony okienne</strong>, takie jak <strong>żaluzje drewniane</strong>, <strong>shuttersy</strong> czy <strong>rolety screen</strong>, pozwolą Ci cieszyć się tarasem przez większą część roku.</p>[IMG2]<h2>Błędy w aranżacji tarasu</h2><p><strong>Typowe problemy - czego unikać?</strong></p><p>Najczęstszym błędem właścicieli domów jest traktowanie tarasu wyłącznie jako letniego „dodatku”. Po sezonie grillowym taras pustoszeje - znikają meble, a cała przestrzeń traci swój urok. Kolejna pułapka to niewłaściwe zabezpieczenie przed chłodem i utrata prywatności - chłodne podmuchy wiatru i wścibskie spojrzenia sąsiadów skutecznie odstraszają od korzystania z tarasu jesienią. Wielu zapomina także o odpowiednim oświetleniu i brakuje im praktycznych osłon okiennych, takich jak <strong>żaluzje fasadowe</strong> czy <strong>shuttersy</strong>. Efekt? Taras staje się ciemny i nieprzyjazny, a Ty tracisz szansę na jesienne przyjemności na świeżym powietrzu. Warto też wspomnieć o błędach w doborze materiałów - te niezabezpieczone przed wilgocią szybko tracą na wyglądzie i funkcjonalności.</p><h2>Shuttersy i żaluzje drewniane</h2><p><strong>ROLBEST</strong> - rozwiązania na miarę sezonu</p><p>W <strong>ROLBEST</strong> od 20 lat pomagamy właścicielom domów tworzyć tarasy, które żyją nie tylko w lipcu, ale i w październiku. Klucz? Dobre <strong>osłony okienne</strong>. <strong>Shuttersy</strong> - czyli <strong>okiennice wewnętrzne</strong> - są absolutnym hitem wśród architektów, którzy chcą połączyć klimat śródziemnomorskich willi z funkcjonalnością polskiej jesieni. Dzięki nim możesz płynnie kontrolować ilość światła oraz zapewnić sobie prywatność, nawet gdy za oknem szarówka. <strong>Żaluzje drewniane</strong> z kolei wprowadzają ciepły, domowy akcent i doskonale współgrają z jesiennymi tekstyliami oraz naturalnym drewnem na tarasie.</p><p>Nie można zapomnieć o <strong>roletach screen</strong>, które skutecznie chronią przed jesiennym wiatrem i deszczem, a przy tym nie zabierają światła dziennego - pozwalają cieszyć się widokiem na ogród przez cały sezon. Jeśli masz nowoczesny taras z dużymi przeszkleniami, <strong>żaluzje fasadowe</strong> będą idealnym wyborem - zapewnią komfort termiczny i zapobiegną utracie ciepła z salonu. W <strong>ROLBEST</strong> dobierzesz rozwiązania na wymiar i pod konkretny styl Twojego domu.</p><h2>Rolety screen i żaluzje fasadowe</h2><p><strong>Produkty ROLBEST w praktyce - jak najlepiej je wykorzystać</strong></p><h3>Strefuj przestrzeń z pomocą shuttersy</h3><p>Zamontuj <strong>shuttersy</strong> między salonem a tarasem, by stworzyć płynne przejście i zyskać elastyczność w kontroli światła oraz prywatności. Idealne do stref relaksu i jadalni na świeżym powietrzu.</p><h3>Wybierz żaluzje drewniane do ciepłych aranżacji</h3><p>Połącz <strong>żaluzje drewniane</strong> z miękkimi poduszkami, pledami i lampionami, by uzyskać przytulny efekt i zachować kontrolę nad światłem wpadającym z tarasu do salonu.</p><h3>Zainwestuj w rolety screen na przeszklenia</h3><p><strong>Rolety screen</strong> pozwalają korzystać z tarasu nawet w wietrzne czy deszczowe dni - blokują zimny wiatr i nadmiar wilgoci, ale nie zamykają widoku na ogród.</p><h3>Postaw na żaluzje fasadowe przy dużych oknach</h3><p>Dzięki <strong>żaluzjom fasadowym</strong> możesz regulować temperaturę w salonie, ograniczyć straty ciepła i zachować nowoczesny, minimalistyczny look elewacji.</p><h3>Nie zapomnij o oświetleniu i tekstyliach</h3><p>Uzupełnij aranżację o ciepłe światło, wełniane pledy i dywany outdoorowe - to one w połączeniu z <strong>osłonami okiennymi</strong> tworzą klimat, który zachęca do spędzania czasu na tarasie nawet po zmierzchu.</p><h2>Osłony okienne ROLBEST</h2><p><strong>Zamów bezpłatną wycenę - ciesz się tarasem jesienią!</strong></p><p>Nie pozwól, by Twój taras stał pusty do wiosny. Zainwestuj w <strong>shuttersy</strong>, <strong>żaluzje drewniane</strong>, <strong>rolety screen</strong> lub <strong>żaluzje fasadowe</strong> od <strong>ROLBEST</strong> i stwórz przestrzeń, do której chce się wracać nawet w chłodniejsze dni. Zadzwoń po bezpłatną wycenę - tel: <a href=""tel:507704919"">507 704 919</a> i sprawdź, jak szybko możesz zmienić swój taras w jesienny salon na świeżym powietrzu!</p>[IMG3]<p>Umów bezpłatną wycenę: <a href=""tel:507704919"">507 704 919</a></p>","Jesień na tarasie według architektów: Jak stworzyć przytulną przestrzeń do życia poza salonem? Wyobraź sobie wieczory na tarasie, który dzięki shuttersom i żaluzjom drewnianym staje się przedłużeniem Twojego salonu - nawet gdy za oknem chłód. Nasze 20-letnie doświadczenie pokazuje, że dobrze dobrane osłony zmieniają komfort codzienności. Umów bezpłatną wycenę: 507 704 919. 🏠 ✨ 📞","Złap ciepło jesieni na własnym tarasie - kubek herbaty, cichy wieczór i widok na ogród, który nie kończy się wraz z latem. Drewniane żaluzje, shuttersy i rolety screen tworzą przytulną, prywatną strefę relaksu także w chłodniejsze dni. A Ty - czy Ty wykorzystujesz swój taras jesienią? Po więcej inspiracji zajrzyj na bloga - link w bio. #rolbest #wnętrza #shutters #żaluzje #rolety #dom #inspiracje",https://drive.google.com/file/d/1PUA7EnbU2j1RLs3hCXZHpuLuk2VJcM-R/view?usp=drivesdk,1PUA7EnbU2j1RLs3hCXZHpuLuk2VJcM-R,Do akceptacji,Do akceptacji,https://drive.google.com/file/d/12-5_0VOmpMBZXkVdD2-t8PbdIVI744Cr/view?usp=drivesdk,12-5_0VOmpMBZXkVdD2-t8PbdIVI744Cr,https://drive.google.com/file/d/1e7G6lPeu3OSie61Wsg5usbee47ZeyCi3/view?usp=drivesdk,1e7G6lPeu3OSie61Wsg5usbee47ZeyCi3
09-11-2025,Gabinet marzeń - klasyczna elegancja i skupienie dzięki shuttersy i żaluzje drewniane ROLBEST,"<h1>Gabinet marzeń - klasyczna elegancja i skupienie dzięki shuttersy i żaluzje drewniane ROLBEST</h1>

<strong>HOOK</strong>

Wyobraź sobie jesienny wieczór - kubek kawy, książka i cisza w Twoim domowym gabinecie. Światło miękko wpada przez drewniane żaluzje, a Ty w końcu możesz skupić się na tym, co ważne. Brzmi jak luksus? Wcale nie! Odpowiednia aranżacja okna to podstawa komfortowej pracy i relaksu. Zobacz, jak stworzyć miejsce pełne klasy i spokoju, które pokochasz każdą jesienią.

<strong>KONTEKST</strong>

Jesień 2025 to czas powrotu do klasyki w aranżacji wnętrz. Wielu właścicieli domów i mieszkań szuka inspiracji, by zamienić zwykły pokój w gabinet marzeń - przestrzeń do pracy, nauki, czytania i wyciszenia. Trendy mówią jasno: eleganckie drewno, zieleń roślin, złote detale i światło naturalne to przepis na ponadczasowy styl i skupienie. Coraz więcej osób rezygnuje z przypadkowych rozwiązań na rzecz świadomego projektowania miejsca pracy. Kluczowy jest tu wybór osłon okiennych - nie tylko dla funkcjonalności, ale i klimatu wnętrza. Właściwe shuttersy i żaluzje drewniane mogą całkowicie odmienić atmosferę gabinetu, nadając mu wyjątkowy, luksusowy charakter bez zbędnego przepychu.

<strong>PROBLEM</strong>

Wielu z nas popełnia podstawowe błędy podczas urządzania domowego gabinetu. Najczęściej kończy się na losowo dobranej roletce lub firance, która nijak nie pasuje do reszty wystroju. Efekt? Zamiast klasycznego gabinetu, mamy wnętrze pozbawione duszy, gdzie trudno się skupić lub odpocząć. Drugi częsty problem to zbyt mało światła dziennego, albo wręcz przeciwnie - jego nadmiar, który razi podczas pracy przy komputerze lub lekturze. Zapominamy, że osłony okienne, takie jak żaluzje drewniane czy shuttersy, to nie tylko ochrona przed słońcem, ale też element budujący nastrój i styl wnętrza. W efekcie gabinet staje się miejscem, w którym nie chce się przebywać. Dodatkowo, wybierając tanie, plastikowe rolety, możemy popsuć cały efekt eleganckiego, klasycznego designu, a przecież to właśnie detale decydują o luksusie.

<strong>Żaluzje drewniane i shuttersy ROLBEST - rozwiązanie idealne</strong>

Co zrobić, żeby Twój gabinet stał się miejscem, o którym zawsze marzyłeś? Zacznij od okna! ROLBEST od ponad 20 lat specjalizuje się w stylowych i praktycznych osłonach okiennych. <strong>Shuttersy - okiennice wewnętrzne ROLBEST</strong> to synonim klasy i ponadczasowej elegancji. Wykonane z najwyższej jakości drewna, idealnie podkreślają styl klasycznego gabinetu, a przy tym pozwalają na pełną kontrolę światła. Dzięki nim możesz stworzyć półmrok idealny do czytania lub wpuścić maksymalnie dużo jesiennego słońca, kiedy tego potrzebujesz. Jeśli marzysz o cieple drewna, <strong>żaluzje drewniane ROLBEST</strong> będą strzałem w dziesiątkę. Ich naturalna faktura i głęboka kolorystyka idealnie wpisują się w atmosferę skupienia, a przy tym są niezwykle funkcjonalne. Możesz precyzyjnie regulować ilość światła, co sprawdzi się zarówno podczas pracy, jak i wieczornego relaksu. To produkty, które nie tylko zdobią, ale przede wszystkim podnoszą komfort codziennego użytkowania gabinetu. W ofercie znajdziesz również <strong>rolety pilsowane (plisy)</strong> czy <strong>rolety rzymskie</strong> - jeśli chcesz dodać nieco miękkości i tekstury. Każde z tych rozwiązań możesz zamówić na wymiar, idealnie dopasowane do Twojego projektu. Z ROLBEST nie musisz wybierać między luksusem a wygodą - możesz mieć oba!

<strong>Praktyczny poradnik - jak wybrać idealne osłony okienne do gabinetu</strong>

<strong>1. Postaw na naturalne materiały</strong> - Drewniane żaluzje i shuttersy wprowadzą ciepło i elegancję. Unikaj plastiku - drewno zawsze wygląda lepiej i jest przyjemniejsze w dotyku.

<strong>2. Dopasuj kolor do reszty wnętrza</strong> - Ciemne żaluzje drewniane świetnie komponują się z regałami z orzecha lub dębu, a białe shuttersy rozjaśnią klasyczny gabinet i dodadzą mu lekkości.

<strong>3. Zadbaj o kontrolę światła</strong> - Wybierz rozwiązania, które pozwalają Ci regulować ilość światła w ciągu dnia. Shuttersy i żaluzje drewniane ROLBEST umożliwiają precyzyjne ustawienie kąta padania promieni.

<strong>4. Pamiętaj o funkcjonalności</strong> - Jeśli Twój gabinet jest na parterze lub od strony ruchliwej ulicy, rozważ dodatkowo <strong>moskitiery na wymiar</strong>. Dzięki temu otworzysz okno bez obaw o owady.

<strong>5. Nie bój się łączyć różnych rozwiązań</strong> - Żaluzje drewniane możesz połączyć z <strong>rolety rzymskie</strong> dla większej przytulności. Wszystko zależy od Twoich potrzeb i gustu.

<strong>Wezwanie do działania</strong>

Chcesz, aby Twój gabinet stał się prawdziwą oazą skupienia i stylu? Postaw na shuttersy lub żaluzje drewniane ROLBEST szyte na miarę Twoich potrzeb. Zadzwoń po bezpłatną wycenę - tel: 507 704 919 i stwórz miejsce, w którym poczujesz się jak w domowej bibliotece marzeń!","<h2>Gabinet marzeń</h2><p>Wyobraź sobie jesienny wieczór - kubek kawy, książka i cisza w Twoim domowym gabinecie. Światło miękko wpada przez <strong>żaluzje drewniane</strong>, a Ty w końcu możesz skupić się na tym, co ważne. Brzmi jak luksus? Wcale nie! Odpowiednia aranżacja okna to podstawa komfortowej pracy i relaksu. Zobacz, jak stworzyć miejsce pełne klasy i spokoju, które pokochasz każdą jesienią.</p><h2>Trendy w aranżacji</h2><p>Jesień 2025 to czas powrotu do klasyki w aranżacji wnętrz. Wielu właścicieli domów i mieszkań szuka inspiracji, by zamienić zwykły pokój w gabinet marzeń - przestrzeń do pracy, nauki, czytania i wyciszenia. Trendy mówią jasno: eleganckie drewno, zieleń roślin, złote detale i światło naturalne to przepis na ponadczasowy styl i skupienie. Coraz więcej osób rezygnuje z przypadkowych rozwiązań na rzecz świadomego projektowania miejsca pracy. Kluczowy jest tu wybór <strong>osłon okiennych</strong> - nie tylko dla funkcjonalności, ale i klimatu wnętrza. Właściwe <strong>shuttersy</strong> i <strong>żaluzje drewniane</strong> mogą całkowicie odmienić atmosferę gabinetu, nadając mu wyjątkowy, luksusowy charakter bez zbędnego przepychu.</p><h2>Problem</h2><p>Wielu z nas popełnia podstawowe błędy podczas urządzania domowego gabinetu. Najczęściej kończy się na losowo dobranej roletce lub firance, która nijak nie pasuje do reszty wystroju. Efekt? Zamiast klasycznego gabinetu, mamy wnętrze pozbawione duszy, gdzie trudno się skupić lub odpocząć. Drugi częsty problem to zbyt mało światła dziennego, albo wręcz przeciwnie - jego nadmiar, który razi podczas pracy przy komputerze lub lekturze. Zapominamy, że <strong>osłony okienne</strong>, takie jak <strong>żaluzje drewniane</strong> czy <strong>shuttersy</strong>, to nie tylko ochrona przed słońcem, ale też element budujący nastrój i styl wnętrza. W efekcie gabinet staje się miejscem, w którym nie chce się przebywać. Dodatkowo, wybierając tanie, plastikowe rolety, możemy popsuć cały efekt eleganckiego, klasycznego designu, a przecież to właśnie detale decydują o luksusie.</p>[IMG2]<h2>Rozwiązanie ROLBEST</h2><p>Co zrobić, żeby Twój gabinet stał się miejscem, o którym zawsze marzyłeś? Zacznij od okna! ROLBEST od ponad 20 lat specjalizuje się w stylowych i praktycznych <strong>osłonach okiennych</strong>. <strong>Shuttersy</strong> - <strong>okiennice wewnętrzne</strong> ROLBEST to synonim klasy i ponadczasowej elegancji. Wykonane z najwyższej jakości drewna, idealnie podkreślają styl klasycznego gabinetu, a przy tym pozwalają na pełną kontrolę światła. Dzięki nim możesz stworzyć półmrok idealny do czytania lub wpuścić maksymalnie dużo jesiennego słońca, kiedy tego potrzebujesz. Jeśli marzysz o cieple drewna, <strong>żaluzje drewniane ROLBEST</strong> będą strzałem w dziesiątkę. Ich naturalna faktura i głęboka kolorystyka idealnie wpisują się w atmosferę skupienia, a przy tym są niezwykle funkcjonalne. Możesz precyzyjnie regulować ilość światła, co sprawdzi się zarówno podczas pracy, jak i wieczornego relaksu. To produkty, które nie tylko zdobią, ale przede wszystkim podnoszą komfort codziennego użytkowania gabinetu. W ofercie znajdziesz również <strong>rolety pilsowane</strong> (<strong>plisy</strong>) czy <strong>rolety rzymskie</strong> - jeśli chcesz dodać nieco miękkości i tekstury. Każde z tych rozwiązań możesz zamówić na wymiar, idealnie dopasowane do Twojego projektu. Z ROLBEST nie musisz wybierać między luksusem a wygodą - możesz mieć oba!</p><h2>Poradnik praktyczny</h2><h3>Naturalne materiały</h3><p><strong>Postaw na naturalne materiały</strong> - <strong>Drewniane żaluzje</strong> i <strong>shuttersy</strong> wprowadzą ciepło i elegancję. Unikaj plastiku - drewno zawsze wygląda lepiej i jest przyjemniejsze w dotyku.</p><h3>Dopasowanie kolorów</h3><p><strong>Dopasuj kolor do reszty wnętrza</strong> - Ciemne <strong>żaluzje drewniane</strong> świetnie komponują się z regałami z orzecha lub dębu, a białe <strong>shuttersy</strong> rozjaśnią klasyczny gabinet i dodadzą mu lekkości.</p><h3>Kontrola światła</h3><p><strong>Zadbaj o kontrolę światła</strong> - Wybierz rozwiązania, które pozwalają Ci regulować ilość światła w ciągu dnia. <strong>Shuttersy</strong> i <strong>żaluzje drewniane ROLBEST</strong> umożliwiają precyzyjne ustawienie kąta padania promieni.</p><h3>Funkcjonalność</h3><p><strong>Pamiętaj o funkcjonalności</strong> - Jeśli Twój gabinet jest na parterze lub od strony ruchliwej ulicy, rozważ dodatkowo <strong>moskitiery na wymiar</strong>. Dzięki temu otworzysz okno bez obaw o owady.</p><h3>Łączenie rozwiązań</h3><p><strong>Nie bój się łączyć różnych rozwiązań</strong> - <strong>Żaluzje drewniane</strong> możesz połączyć z <strong>rolety rzymskie</strong> dla większej przytulności. Wszystko zależy od Twoich potrzeb i gustu.</p>[IMG3]<p>Umów bezpłatną wycenę: <a href=""tel:507704919"">507 704 919</a></p>","Gabinet marzeń - klasyczna elegancja i skupienie dzięki shuttersy i żaluzje drewniane ROLBEST - brzmi jak Twój plan na jesień? Odpowiednio dobrane okienne osłony to nie tylko piękno, ale też komfort pracy i relaksu. Nasze 20-letnie doświadczenie pokazuje, jak dużą różnicę potrafią zrobić drewniane detale. Umów bezpłatną wycenę: 507 704 919 🏠✨📞","Jesienne wieczory w gabinecie, gdzie drewno żaluzji otula ciepłem, a każdy promień światła daje wytchnienie i skupienie. Przemyślana aranżacja okna zmienia zwykłe miejsce pracy w luksusową strefę komfortu i inspiracji - dokładnie tak, jak lubisz. A jak wygląda Twój domowy gabinet marzeń? Zajrzyj na bloga po więcej inspiracji - link w bio. #żaluzje #shutters #wnętrza #dom #rolbest #inspiracje #design",https://drive.google.com/file/d/1GiaoGKbj0zFH64uXX0MqbiGCtBdxOa7-/view?usp=drivesdk,1GiaoGKbj0zFH64uXX0MqbiGCtBdxOa7-,Do akceptacji,Do akceptacji,https://drive.google.com/file/d/11qTu0ALUwBI-tXECZHGSNfUvKzfkRhvh/view?usp=drivesdk,11qTu0ALUwBI-tXECZHGSNfUvKzfkRhvh,https://drive.google.com/file/d/1ufcqrJaBgsRbN7w-YbpY0iJ1TJmrAkl0/view?usp=drivesdk,1ufcqrJaBgsRbN7w-YbpY0iJ1TJmrAkl0
10-11-2025,"Salon pełen światła jesienią - klimat i funkcjonalność z rolety pilsowane (plisy), shuttersy i żaluzje drewniane ROLBEST","<h1>Salon pełen światła jesienią - klimat i funkcjonalność z rolety pilsowane (plisy), shuttersy i żaluzje drewniane ROLBEST</h1>

<strong>HOOK</strong>

Wyobraź sobie jesienny wieczór: słońce szybciej znika za horyzontem, a Twój salon powoli pogrąża się w półmroku. Marzysz o przytulnej atmosferze, ale nie chcesz rezygnować z naturalnego światła i poczucia przestrzeni. Właśnie teraz, gdy światło dzienne jest na wagę złota, odpowiednie osłony okienne mogą całkowicie odmienić Twój dom.

<strong>KONTEKST</strong>

Jesień w Polsce to czas, gdy każdy promień słońca liczy się podwójnie. Architekci wnętrz podkreślają, że sposób, w jaki wpuszczasz światło do salonu, ma gigantyczny wpływ na Twój nastrój i codzienny komfort. Odpowiednia aranżacja okien pozwala nie tylko optycznie powiększyć przestrzeń, ale też buduje ciepły, rodzinny klimat. Współczesne trendy wnętrzarskie stawiają na elastyczność i naturalność - dlatego coraz częściej w nowoczesnych domach pojawiają się rolety pilsowane (plisy), shuttersy - okiennice wewnętrzne oraz żaluzje drewniane. To nie tylko modne ""gadżety"" - to realne narzędzia do kreowania światła i prywatności. Z opinii architektów wynika jedno: inwestycja w dobrze dobrane osłony okienne to szybki sposób na poprawę jakości życia, szczególnie gdy za oknem szaro i ponuro.

<strong>H2>Najczęstsze błędy - rolety i żaluzje jesienią</strong>

<strong>H3>Rolety pilsowane (plisy) - zbyt mało światła</strong>

Wielu właścicieli domów na jesień montuje ciężkie zasłony lub grube rolety, licząc na ciepło i przytulność. Efekt? Salon zamienia się w ciemną jaskinię, a Ty szybko tęsknisz za naturalnym światłem. Częstym błędem jest też wybór osłon okiennych, które nie pozwalają na precyzyjną regulację światła - na przykład klasycznych rolet bez możliwości częściowego odsłonięcia.

<strong>H3>Shuttersy i żaluzje drewniane - nieprzemyślany montaż</strong>

Architekci ostrzegają przed montażem żaluzji lub shuttersów bez dopasowania do konkretnego wnętrza. Zbyt ciemne, masywne żaluzje drewniane mogą przytłoczyć mały salon, a źle dobrane shuttersy potrafią zabrać za dużo światła. Błąd? Kierowanie się wyłącznie wyglądem, bez konsultacji z fachowcem.

<strong>H3>Brak elastyczności - tylko jedno rozwiązanie</strong>

Jesień wymaga elastyczności - czasem potrzebujesz pełnego światła, czasem prywatności i ciepła. Stawianie tylko na jedną funkcję osłon okiennych (np. wyłącznie zaciemnienie) to prosty sposób na rozczarowanie. Architekci polecają łączenie różnych typów osłon, by dopasować się do zmiennej pory dnia i nastroju domowników.

<strong>H2>ROLBEST - żaluzje fasadowe, shuttersy i żaluzje drewniane do zadań specjalnych</strong>

<strong>H3>Rolety pilsowane (plisy) - światło pod kontrolą</strong>

Rolety pilsowane (plisy) ROLBEST to prawdziwy gamechanger, jeśli chodzi o zarządzanie światłem w salonie. Pozwalają Ci precyzyjnie regulować ilość wpadających promieni, bez efektu całkowitego zaciemnienia. Ich subtelna faktura pięknie rozprasza światło, tworząc miękki, naturalny klimat. Plisy świetnie wpisują się w jesienne trendy - są lekkie, minimalistyczne i pasują do każdego stylu. Architekci podkreślają, że to idealne rozwiązanie do salonów, gdzie zależy Ci na elastyczności i optycznym powiększeniu przestrzeni.

<strong>H3>Shuttersy - okiennice wewnętrzne ROLBEST - ponadczasowa elegancja</strong>

Shuttersy ROLBEST, czyli okiennice wewnętrzne, to wybór dla tych, którzy cenią design z najwyższej półki i praktyczność w jednym. Możesz ustawić lamele pod takim kątem, jaki chcesz - rano otworzyć je szeroko na świat, wieczorem zapewnić sobie prywatność. Dodatkowy plus? Shuttersy świetnie izolują termicznie, więc Twój salon dłużej pozostanie ciepły.

<strong>H3>Żaluzje drewniane ROLBEST - ciepło natury</strong>

Żaluzje drewniane ROLBEST to kwintesencja przytulności. Drewno ociepla każde wnętrze i pięknie współgra z jesienną paletą barw. Dzięki szerokiemu wyborowi kolorów i szerokości lamel, łatwo dobierzesz żaluzje drewniane do swojego stylu. Architekci polecają je do salonów, gdzie liczy się klimat hygge i kontakt z naturą.

<strong>H2>Poradnik - jak wybrać osłony okienne na jesień?</strong>

<strong>H3>Rolety pilsowane (plisy) - praktyczna wskazówka</strong>

Wybieraj rolety pilsowane (plisy) w jasnych, naturalnych kolorach - biel, len, ciepły beż. Pozwolą one maksymalnie doświetlić salon, nie odbierając mu przytulności. Zwróć uwagę na modele z obsługą smart (np. sterowanie pilotem lub aplikacją), które pozwolą Ci zmieniać nastrój jednym kliknięciem.

<strong>H3>Shuttersy - kiedy warto?</strong>

Jeśli Twój salon wychodzi na ruchliwą ulicę lub sąsiedni dom, shuttersy ROLBEST dadzą Ci pełną kontrolę nad prywatnością. Szczególnie polecane do dużych przeszkleń, gdzie tradycyjne rolety się nie sprawdzają.

<strong>H3>Żaluzje drewniane - trik architekta</strong>

Łącz żaluzje drewniane z delikatnymi zasłonami lub lnianymi roletami rzymskimi. To duet, który pozwala Ci sterować światłem i stylem w zależności od pory dnia - rano więcej światła, wieczorem przytulny półmrok.

<strong>H3>Nie zapomnij o montażu!</strong>

Zawsze korzystaj z profesjonalnego pomiaru i montażu. Źle zamontowane osłony okienne mogą przepuszczać światło lub utrudniać otwieranie okien. Zespół ROLBEST pomoże Ci dobrać najlepsze rozwiązanie do Twojego wnętrza.

<strong>CTA</strong>

Chcesz, żeby Twój salon był pełen światła i ciepła tej jesieni? Skorzystaj z bezpłatnej wyceny i umów się na pomiar z ekspertem ROLBEST - zadzwoń: 507 704 919. Nie pozwól, żeby jesień odebrała Ci radość z domowego życia!","<h2>Salon pełen światła</h2><p>Wyobraź sobie jesienny wieczór: słońce szybciej znika za horyzontem, a Twój salon powoli pogrąża się w półmroku. Marzysz o przytulnej atmosferze, ale nie chcesz rezygnować z naturalnego światła i poczucia przestrzeni. Właśnie teraz, gdy światło dzienne jest na wagę złota, odpowiednie <strong>osłony okienne</strong> mogą całkowicie odmienić Twój dom.</p><h2>Problem</h2><p>Jesień w Polsce to czas, gdy każdy promień słońca liczy się podwójnie. Architekci wnętrz podkreślają, że sposób, w jaki wpuszczasz światło do salonu, ma gigantyczny wpływ na Twój nastrój i codzienny komfort. Odpowiednia aranżacja okien pozwala nie tylko optycznie powiększyć przestrzeń, ale też buduje ciepły, rodzinny klimat. Współczesne trendy wnętrzarskie stawiają na elastyczność i naturalność - dlatego coraz częściej w nowoczesnych domach pojawiają się <strong>rolety pilsowane</strong> (plisy), <strong>shuttersy</strong> - okiennice wewnętrzne oraz <strong>żaluzje drewniane</strong>. To nie tylko modne ""gadżety"" - to realne narzędzia do kreowania światła i prywatności. Z opinii architektów wynika jedno: inwestycja w dobrze dobrane <strong>osłony okienne</strong> to szybki sposób na poprawę jakości życia, szczególnie gdy za oknem szaro i ponuro.</p>[IMG2]<h2>Najczęstsze błędy</h2><p><strong>Rolety pilsowane</strong> (plisy) - zbyt mało światła</p><p>Wielu właścicieli domów na jesień montuje ciężkie zasłony lub grube <strong>rolety</strong>, licząc na ciepło i przytulność. Efekt? Salon zamienia się w ciemną jaskinię, a Ty szybko tęsknisz za naturalnym światłem. Częstym błędem jest też wybór <strong>osłon okiennych</strong>, które nie pozwalają na precyzyjną regulację światła - na przykład klasycznych <strong>rolet</strong> bez możliwości częściowego odsłonięcia.</p><p><strong>Shuttersy</strong> i <strong>żaluzje drewniane</strong> - nieprzemyślany montaż</p><p>Architekci ostrzegają przed montażem <strong>żaluzji</strong> lub <strong>shuttersów</strong> bez dopasowania do konkretnego wnętrza. Zbyt ciemne, masywne <strong>żaluzje drewniane</strong> mogą przytłoczyć mały salon, a źle dobrane <strong>shuttersy</strong> potrafią zabrać za dużo światła. Błąd? Kierowanie się wyłącznie wyglądem, bez konsultacji z fachowcem.</p><p>Brak elastyczności - tylko jedno rozwiązanie</p><p>Jesień wymaga elastyczności - czasem potrzebujesz pełnego światła, czasem prywatności i ciepła. Stawianie tylko na jedną funkcję <strong>osłon okiennych</strong> (np. wyłącznie zaciemnienie) to prosty sposób na rozczarowanie. Architekci polecają łączenie różnych typów <strong>osłon</strong>, by dopasować się do zmiennej pory dnia i nastroju domowników.</p><h2>ROLBEST - żaluzje fasadowe</h2><p><strong>Rolety pilsowane</strong> (plisy) - światło pod kontrolą</p><p><strong>Rolety pilsowane</strong> (plisy) ROLBEST to prawdziwy gamechanger, jeśli chodzi o zarządzanie światłem w salonie. Pozwalają Ci precyzyjnie regulować ilość wpadających promieni, bez efektu całkowitego zaciemnienia. Ich subtelna faktura pięknie rozprasza światło, tworząc miękki, naturalny klimat. Plisy świetnie wpisują się w jesienne trendy - są lekkie, minimalistyczne i pasują do każdego stylu. Architekci podkreślają, że to idealne rozwiązanie do salonów, gdzie zależy Ci na elastyczności i optycznym powiększeniu przestrzeni.</p><p><strong>Shuttersy</strong> - okiennice wewnętrzne ROLBEST - ponadczasowa elegancja</p><p><strong>Shuttersy</strong> ROLBEST, czyli okiennice wewnętrzne, to wybór dla tych, którzy cenią design z najwyższej półki i praktyczność w jednym. Możesz ustawić lamele pod takim kątem, jaki chcesz - rano otworzyć je szeroko na świat, wieczorem zapewnić sobie prywatność. Dodatkowy plus? <strong>Shuttersy</strong> świetnie izolują termicznie, więc Twój salon dłużej pozostanie ciepły.</p><p><strong>Żaluzje drewniane</strong> ROLBEST - ciepło natury</p><p><strong>Żaluzje drewniane</strong> ROLBEST to kwintesencja przytulności. Drewno ociepla każde wnętrze i pięknie współgra z jesienną paletą barw. Dzięki szerokiemu wyborowi kolorów i szerokości lamel, łatwo dobierzesz <strong>żaluzje drewniane</strong> do swojego stylu. Architekci polecają je do salonów, gdzie liczy się klimat hygge i kontakt z naturą.</p><h2>Poradnik - jak wybrać osłony okienne na jesień?</h2><p><strong>Rolety pilsowane</strong> (plisy) - praktyczna wskazówka</p><p>Wybieraj <strong>rolety pilsowane</strong> (plisy) w jasnych, naturalnych kolorach - biel, len, ciepły beż. Pozwolą one maksymalnie doświetlić salon, nie odbierając mu przytulności. Zwróć uwagę na modele z obsługą smart (np. sterowanie pilotem lub aplikacją), które pozwolą Ci zmieniać nastrój jednym kliknięciem.</p><p><strong>Shuttersy</strong> - kiedy warto?</p><p>Jeśli Twój salon wychodzi na ruchliwą ulicę lub sąsiedni dom, <strong>shuttersy</strong> ROLBEST dadzą Ci pełną kontrolę nad prywatnością. Szczególnie polecane do dużych przeszkleń, gdzie tradycyjne <strong>rolety</strong> się nie sprawdzają.</p><p><strong>Żaluzje drewniane</strong> - trik architekta</p><p>Łącz <strong>żaluzje drewniane</strong> z delikatnymi zasłonami lub lnianymi <strong>roletami rzymskimi</strong>. To duet, który pozwala Ci sterować światłem i stylem w zależności od pory dnia - rano więcej światła, wieczorem przytulny półmrok.</p><p><strong>Nie zapomnij o montażu!</strong></p><p>Zawsze korzystaj z profesjonalnego pomiaru i montażu. Źle zamontowane <strong>osłony okienne</strong> mogą przepuszczać światło lub utrudniać otwieranie okien. Zespół ROLBEST pomoże Ci dobrać najlepsze rozwiązanie do Twojego wnętrza.</p>[IMG3]<p>Umów bezpłatną wycenę: <a href=""tel:507704919"">507 704 919</a></p>","Salon pełen światła jesienią - jak naturalne oświetlenie i osłony okienne budują Twój nastrój? Prostym sposobem na przytulność i optyczne powiększenie przestrzeni są plisy, shuttersy lub żaluzje drewniane, które precyzyjnie regulują światło. Nasze 20-letnie doświadczenie pokazuje, że odpowiedni wybór naprawdę robi różnicę. Umów bezpłatną wycenę: 507 704 919. 🏠 ✨ 📞","Poranna kawa w salonie zalanym miękkim, jesiennym światłem - to codzienny luksus, który możesz mieć na wyciągnięcie ręki. Odpowiednie osłony okienne sprawiają, że każdy dzień staje się bardziej przytulny i pełen energii, nawet gdy za oknem plucha. Jak wygląda Twój idealny jesienny salon? Po więcej inspiracji zajrzyj na bloga - link w bio. #rolbest #wnętrza #shutters #żaluzje #rolety #design #dom",https://drive.google.com/file/d/1ukuI_0jcvehFaQiJiJO4a2Zv6W23d4fr/view?usp=drivesdk,1ukuI_0jcvehFaQiJiJO4a2Zv6W23d4fr,Do akceptacji,Do akceptacji,https://drive.google.com/file/d/1mpc2HdgxiO9cRdjx5Kk9kUDEYm-VYaVP/view?usp=drivesdk,1mpc2HdgxiO9cRdjx5Kk9kUDEYm-VYaVP,https://drive.google.com/file/d/1wZnsS4nq93wj06YxYySUJyY6sTMzrKEi/view?usp=drivesdk,1wZnsS4nq93wj06YxYySUJyY6sTMzrKEi
11-11-2025,Industrialna kuchnia z jadalnią - światło i ergonomia z żaluzjami fasadowymi i roletami pilsowanymi (plisami) ROLBEST,"<h1>Industrialna kuchnia z jadalnią - światło i ergonomia z żaluzjami fasadowymi i roletami pilsowanymi (plisami) ROLBEST</h1>

<strong>HOOK - Jesienne światło, industrialne wyzwania</strong>

Wyobraź sobie chłodny, jesienny poranek. Wchodzisz do kuchni - serca domu. Chcesz poczuć energię, ale zamiast tego zderzasz się z szarością, przytłumionym światłem i... chłodem. Industrialna kuchnia z jadalnią wygląda świetnie na Instagramie, ale w realu? Bez dobrego światła i ergonomii, taka przestrzeń gubi swój klimat. Jak nie zepsuć efektu wow i stworzyć miejsce, które zachwyca nie tylko stylizacją?

<strong>KONTEKST - Industrialna kuchnia na topie</strong>

Industrialne kuchnie z jadalnią wkraczają do polskich domów i mieszkań z impetem - i nie bez powodu. Surowe drewno, metal, matowe czernie, szarości i szkło tworzą wnętrza z charakterem. Jesień 2025 to czas, gdy domowa kuchnia staje się centrum spotkań i codziennych rytuałów. Ale tu pojawia się haczyk: industrialny styl kocha światło, przestrzeń i sprytne rozwiązania. W praktyce, duże przeszklenia mogą oznaczać problem z nadmiarem lub brakiem światła, a ciemne akcenty - ryzyko, że kuchnia straci przytulność. Właśnie dlatego coraz więcej osób szuka rozwiązań, które pozwolą im cieszyć się modną kuchnią, ale bez kompromisów w komforcie. I tu wchodzą osłony okienne - nie tylko „dodatek”, ale kluczowy element aranżacji.

<strong>Błędy w aranżacji okien – typowe pułapki</strong>

Industrialna kuchnia z jadalnią to nie tylko wybór materiałów czy kolorów - to przede wszystkim gra światłem. Najczęstszy problem? Zbyt mało przemyślane osłony okienne. Wiele osób ogranicza się do klasycznych rolet lub firanek, które kompletnie nie pasują do industrialnego klimatu. Kolejna pułapka to nadmiar światła - duże okna wpuszczają jesienne słońce, ale bez kontroli robi się zbyt jasno, a nawet chłodno. Z kolei ciemne meble i ściany potrafią „pożreć” światło, przez co kuchnia staje się ponura. Często zapominamy też o ergonomii - nieprzemyślany układ stołu, wyspy czy sprzętów sprawia, że poranne gotowanie zamienia się w slalom między cieniami. W efekcie nawet najpiękniejsza kuchnia traci swój urok, a domownicy coraz rzadziej z niej korzystają.

<strong>Żaluzje fasadowe i rolety pilsowane (plisy) ROLBEST – idealne do industrialnej kuchni</strong>

Tutaj z pomocą przychodzą żaluzje fasadowe ROLBEST i rolety pilsowane (plisy) ROLBEST. Oba rozwiązania wpisują się w industrialny klimat – są minimalistyczne, efektowne i piekielnie funkcjonalne. Żaluzje fasadowe pozwalają precyzyjnie sterować ilością światła wpadającego do kuchni. Rano możesz wpuścić maksymalnie dużo naturalnego światła, a po południu - zmniejszyć nagrzewanie albo zyskać więcej prywatności, kiedy za oknem robi się ciemniej. Dodatkowy bonus? Nowoczesne, antracytowe żaluzje fasadowe fenomenalnie komponują się z metalowymi lampami czy czarnymi uchwytami mebli.

Rolety pilsowane (plisy) ROLBEST to strzał w dziesiątkę do dużych, industrialnych okien czy drzwi tarasowych, które często goszczą w takich kuchniach. Dzięki nim możesz zasłonić wybraną część przeszklenia - od dołu, od góry albo tylko na wysokości jadalni. To daje pełną kontrolę nad światłem i prywatnością, bez utraty stylu. Plisy w odcieniach szarości czy grafitu dyskretnie wtapiają się w loftowe wnętrze, a jednocześnie dodają mu miękkości i ciepła. Zaletą obu rozwiązań ROLBEST jest też łatwość czyszczenia – żadne kuchenne opary czy para im nie straszne. Efekt? Kuchnia, która zawsze wygląda jak z katalogu i… po prostu działa na co dzień.

<strong>Poradnik - jak ograć światło i ergonomię w industrialnej kuchni z żaluzjami fasadowymi i roletami pilsowanymi (plisami)</strong>

1. <strong>Przemyśl rozmieszczenie okien i osłon</strong> - Duże przeszklenia są super, ale tylko wtedy, gdy możesz je łatwo regulować. Zamontuj żaluzje fasadowe ROLBEST, by wpuścić światło tam, gdzie go potrzebujesz - i ograniczyć je tam, gdzie przeszkadza.
2. <strong>Strefuj przestrzeń światłem</strong> - Rolety pilsowane (plisy) ROLBEST pozwalają zasłonić tylko fragment okna - np. na wysokości stołu. Dzięki temu możesz jeść śniadanie w ciepłym, rozproszonym świetle, a blat kuchenny zostawić w pełnym słońcu.
3. <strong>Postaw na kontrast materiałów</strong> - Połącz matowe żaluzje fasadowe z surowym drewnem i szkłem. Rolety pilsowane (plisy) w odcieniach antracytu lub grafitu podkreślą industrialny charakter, a jednocześnie zmiękczą klimat wnętrza.
4. <strong>Zadbaj o łatwy dostęp i czyszczenie</strong> - W kuchni liczy się praktyczność. Wybierając produkty ROLBEST, masz pewność, że osłony okienne będą nie tylko stylowe, ale i łatwe do utrzymania w czystości - nawet przy codziennym gotowaniu.
5. <strong>Nie bój się nowoczesnych rozwiązań</strong> - Osłony okienne ROLBEST można dopasować do systemów smart-home. Sterowanie światłem jednym kliknięciem? Czemu nie!

<strong>Chcesz industrialnej kuchni, która zachwyca nie tylko stylem?</strong>

Skontaktuj się z nami po bezpłatną wycenę - tel: 507 704 919. Razem dobierzemy żaluzje fasadowe i rolety pilsowane (plisy) ROLBEST, które przemienią Twoją kuchnię w prawdziwe serce domu - idealne na jesienne poranki i długie, rodzinne wieczory.","<h2>Jesienne światło i industrialne wyzwania</h2><p>Wyobraź sobie chłodny, jesienny poranek. Wchodzisz do kuchni - serca domu. Chcesz poczuć energię, ale zamiast tego zderzasz się z szarością, przytłumionym światłem i... chłodem. Industrialna kuchnia z jadalnią wygląda świetnie na Instagramie, ale w realu? Bez dobrego światła i ergonomii, taka przestrzeń gubi swój klimat. Jak nie zepsuć efektu wow i stworzyć miejsce, które zachwyca nie tylko stylizacją?</p><h2>Industrialna kuchnia na topie</h2><p>Industrialne kuchnie z jadalnią wkraczają do polskich domów i mieszkań z impetem - i nie bez powodu. Surowe drewno, metal, matowe czernie, szarości i szkło tworzą wnętrza z charakterem. Jesień 2025 to czas, gdy domowa kuchnia staje się centrum spotkań i codziennych rytuałów. Ale tu pojawia się haczyk: industrialny styl kocha światło, przestrzeń i sprytne rozwiązania. W praktyce, duże przeszklenia mogą oznaczać problem z nadmiarem lub brakiem światła, a ciemne akcenty - ryzyko, że kuchnia straci przytulność. Właśnie dlatego coraz więcej osób szuka rozwiązań, które pozwolą im cieszyć się modną kuchnią, ale bez kompromisów w komforcie. I tu wchodzą <strong>osłony okienne</strong> - nie tylko „dodatek”, ale kluczowy element aranżacji.</p><h2>Błędy w aranżacji okien</h2><p>Industrialna kuchnia z jadalnią to nie tylko wybór materiałów czy kolorów - to przede wszystkim gra światłem. Najczęstszy problem? Zbyt mało przemyślane <strong>osłony okienne</strong>. Wiele osób ogranicza się do klasycznych <strong>rolet</strong> lub firanek, które kompletnie nie pasują do industrialnego klimatu. Kolejna pułapka to nadmiar światła - duże okna wpuszczają jesienne słońce, ale bez kontroli robi się zbyt jasno, a nawet chłodno. Z kolei ciemne meble i ściany potrafią „pożreć” światło, przez co kuchnia staje się ponura. Często zapominamy też o ergonomii - nieprzemyślany układ stołu, wyspy czy sprzętów sprawia, że poranne gotowanie zamienia się w slalom między cieniami. W efekcie nawet najpiękniejsza kuchnia traci swój urok, a domownicy coraz rzadziej z niej korzystają.</p>[IMG2]<h2>Żaluzje fasadowe i rolety pilsowane ROLBEST</h2><p>Tutaj z pomocą przychodzą <strong>żaluzje fasadowe</strong> ROLBEST i <strong>rolety pilsowane</strong> (plisy) ROLBEST. Oba rozwiązania wpisują się w industrialny klimat – są minimalistyczne, efektowne i piekielnie funkcjonalne. <strong>Żaluzje fasadowe</strong> pozwalają precyzyjnie sterować ilością światła wpadającego do kuchni. Rano możesz wpuścić maksymalnie dużo naturalnego światła, a po południu - zmniejszyć nagrzewanie albo zyskać więcej prywatności, kiedy za oknem robi się ciemniej. Dodatkowy bonus? Nowoczesne, antracytowe <strong>żaluzje fasadowe</strong> fenomenalnie komponują się z metalowymi lampami czy czarnymi uchwytami mebli.</p><p><strong>Rolety pilsowane</strong> (plisy) ROLBEST to strzał w dziesiątkę do dużych, industrialnych okien czy drzwi tarasowych, które często goszczą w takich kuchniach. Dzięki nim możesz zasłonić wybraną część przeszklenia - od dołu, od góry albo tylko na wysokości jadalni. To daje pełną kontrolę nad światłem i prywatnością, bez utraty stylu. Plisy w odcieniach szarości czy grafitu dyskretnie wtapiają się w loftowe wnętrze, a jednocześnie dodają mu miękkości i ciepła. Zaletą obu rozwiązań ROLBEST jest też łatwość czyszczenia – żadne kuchenne opary czy para im nie straszne. Efekt? Kuchnia, która zawsze wygląda jak z katalogu i… po prostu działa na co dzień.</p><h2>Poradnik praktyczny</h2><h3>Przemyśl rozmieszczenie okien</h3><p><strong>Duże przeszklenia</strong> są super, ale tylko wtedy, gdy możesz je łatwo regulować. Zamontuj <strong>żaluzje fasadowe</strong> ROLBEST, by wpuścić światło tam, gdzie go potrzebujesz - i ograniczyć je tam, gdzie przeszkadza.</p><h3>Strefuj przestrzeń światłem</h3><p><strong>Rolety pilsowane</strong> (plisy) ROLBEST pozwalają zasłonić tylko fragment okna - np. na wysokości stołu. Dzięki temu możesz jeść śniadanie w ciepłym, rozproszonym świetle, a blat kuchenny zostawić w pełnym słońcu.</p><h3>Postaw na kontrast materiałów</h3><p><strong>Połącz matowe żaluzje fasadowe</strong> z surowym drewnem i szkłem. <strong>Rolety pilsowane</strong> (plisy) w odcieniach antracytu lub grafitu podkreślą industrialny charakter, a jednocześnie zmiękczą klimat wnętrza.</p><h3>Zadbaj o łatwy dostęp</h3><p>W kuchni liczy się praktyczność. Wybierając produkty ROLBEST, masz pewność, że <strong>osłony okienne</strong> będą nie tylko stylowe, ale i łatwe do utrzymania w czystości - nawet przy codziennym gotowaniu.</p><h3>Nie bój się nowoczesnych rozwiązań</h3><p><strong>Osłony okienne</strong> ROLBEST można dopasować do systemów smart-home. Sterowanie światłem jednym kliknięciem? Czemu nie!</p><h2>Chcesz industrialnej kuchni, która zachwyca?</h2><p>Skontaktuj się z nami po bezpłatną wycenę - tel: <a href=""tel:507704919"">507 704 919</a>. Razem dobierzemy <strong>żaluzje fasadowe</strong> i <strong>rolety pilsowane</strong> (plisy) ROLBEST, które przemienią Twoją kuchnię w prawdziwe serce domu - idealne na jesienne poranki i długie, rodzinne wieczory.</p>[IMG3]<p>Umów bezpłatną wycenę: <a href=""tel:507704919"">507 704 919</a></p>","Industrialna kuchnia z jadalnią - światło i ergonomia z żaluzjami fasadowymi i roletami pilsowanymi (plisami) ROLBEST - czy wiesz, jak zadbać o klimat i funkcjonalność tej przestrzeni? Proste rozwiązania, jak nasze żaluzje i plisy, pomagają kontrolować światło i zachować przytulność nawet w industrialnych wnętrzach. Nasze 20-letnie doświadczenie pokazuje, że odpowiednia aranżacja okna zmienia wszystko. Umów bezpłatną wycenę: 507 704 919. 🏠 💡 👨‍🔧","Poranna kawa w kuchni pełnej światła, industrialne akcenty zyskują ciepło, a każdy detal działa na zmysły. Kontrolując światło żaluzjami fasadowymi i plisami ROLBEST, tworzysz wyjątkową atmosferę i komfort każdego dnia. Jak wygląda Twoja idealna kuchnia? Zainspiruj się na naszym blogu - link w bio! #żaluzje #rolety #wnętrza #design #rolbest #inspiracje #dom",https://drive.google.com/file/d/1o2pjHt_k87eN9hMZiICzu6L33n555Noc/view?usp=drivesdk,1o2pjHt_k87eN9hMZiICzu6L33n555Noc,Do akceptacji,Do akceptacji,https://drive.google.com/file/d/1ywtTrUdrNAwEhGciWP1157KOz4_H_54e/view?usp=drivesdk,1ywtTrUdrNAwEhGciWP1157KOz4_H_54e,https://drive.google.com/file/d/1k_-zauBF6QkgDcF6LaNg6VBJ7P7boDsZ/view?usp=drivesdk,1k_-zauBF6QkgDcF6LaNg6VBJ7P7boDsZ
12-11-2025,Inteligentne osłony okienne na jesień 2025,"HOOK

Wyobraź sobie: budzisz się jesiennym porankiem, a światło w Twojej sypialni delikatnie zmienia barwę i natężenie, automatycznie dostosowując się do Twojego rytmu dnia. Masz pełną kontrolę nad prywatnością, komfortem i… swoim snem. Brzmi futurystycznie? To już rzeczywistość, jeśli wiesz, jak wybrać odpowiednie osłony okienne.

<strong>KONTEKST</strong>

Jesień 2025 to czas, gdy technologia wkracza do naszych domów szybciej niż kiedykolwiek. Zmieniające się pory roku i coraz krótsze dni sprawiają, że światło dzienne staje się towarem deficytowym. Jednocześnie eksperci biją na alarm - jakość snu i domowe warunki świetlne mają bezpośredni wpływ na zdrowie, samopoczucie i produktywność. Coraz więcej osób szuka więc sposobów na zautomatyzowanie codziennych czynności, także tych związanych z aranżacją okien. Inteligentne zarządzanie światłem w sypialni to nie tylko wygoda, ale też inwestycja w lepszy sen, energię na co dzień i bezpieczeństwo domowników. Trendy architektoniczne idą w parze z technologią - żaluzje fasadowe, shuttersy i żaluzje drewniane stają się kluczowym elementem smart home.

<strong>PROBLEM</strong>

Wielu właścicieli domów wciąż traktuje wybór osłon okiennych po macoszemu. Założenie prostych rolet lub zasłon często kończy się frustracją: zbyt dużo światła o świcie, brak prywatności wieczorem, nagrzewanie się pomieszczeń latem, a zimą uczucie wyziębienia. Jesienią problem się pogłębia - sypialnia staje się miejscem, gdzie trudno uzyskać równowagę między jasnością a przytulnością. Zdarza się, że inwestujemy w nowoczesne technologie, ale nie integrujemy ich z systemem osłon okiennych. Efekt? Przypadkowe światło, rozregulowany rytm dobowy, a nawet niepotrzebne straty ciepła. Typowy błąd to też dobór produktów, które nie współpracują z domową automatyką lub nie pozwalają na precyzyjną kontrolę światła o różnych porach dnia.

<strong>ROZWIĄZANIE ROLBEST</strong>

Tu właśnie wkracza ROLBEST z ofertą, która odpowiada na realne potrzeby nowoczesnych domów. Jeśli marzysz o idealnych warunkach do snu i wypoczynku, postaw na żaluzje fasadowe, shuttersy - okiennice wewnętrzne i żaluzje drewniane od ROLBEST. Dlaczego te produkty? Żaluzje fasadowe pozwalają na dynamiczne sterowanie ilością światła już na etapie elewacji, redukując przegrzewanie się sypialni i chroniąc prywatność. Shuttersy, czyli okiennice wewnętrzne, to synonim elegancji i funkcjonalności - możesz nimi precyzyjnie zarządzać światłem, a ich masywna konstrukcja zapewnia dodatkową izolację akustyczną. Żaluzje drewniane z kolei to kwintesencja stylu i technologii: naturalne drewno ociepla wnętrze, a nowoczesne systemy sterowania (także smart home) pozwalają na ustawienie dokładnie takiego klimatu, jakiego potrzebujesz - czy to do czytania, czy do błogiego snu. Wszystkie te rozwiązania kompatybilne są z systemami automatyki domowej - możesz sterować nimi z poziomu aplikacji, pilota lub… swojego głosu. Produkty ROLBEST to nie tylko wygoda, ale też bezpieczeństwo, trwałość i świetny design - inwestujesz w codzienny komfort na lata.

<strong>PORADNIK PRAKTYCZNY</strong>

<strong>H3: Żaluzje fasadowe - ustaw harmonogram dnia</strong>
Zautomatyzuj żaluzje fasadowe tak, by rano delikatnie wpuszczały światło, a wieczorem zapewniały pełną intymność. Integracja z czujnikami światła pozwoli Ci dopasować natężenie do pogody.

<strong>H3: Shuttersy - personalizacja klimatu w sypialni</strong>
Ustaw shuttersy tak, by w dzień odbijały promienie słoneczne, a w nocy izolowały od hałasu i chłodu. Możesz ustawiać kąty lamel w zależności od potrzeb - wszystko za pomocą jednego kliknięcia.

<strong>H3: Żaluzje drewniane - steruj światłem z łóżka</strong>
Zainstaluj żaluzje drewniane z napędem elektrycznym. Dzięki temu możesz zmieniać ustawienia nawet nie wstając z łóżka - przez aplikację lub głosowo, np. przez Alexa lub Google Home.

<strong>H3: Rolety pilsowane (plisy) - dodatkowa warstwa komfortu</strong>
Rolety pilsowane (plisy) świetnie sprawdzą się jako dodatkowa warstwa - pozwalają na subtelne rozproszenie światła i podniesienie poczucia przytulności, zwłaszcza w mniejszych sypialniach.

<strong>H3: Zadbaj o detale i integrację</strong>
Decydując się na osłony okienne od ROLBEST, od razu zapytaj o możliwość integracji z istniejącym systemem smart home. Unikniesz późniejszych niespodzianek i zyskasz pełną spójność technologii w domu.

<strong>CTA</strong>

Chcesz spać lepiej tej jesieni - i każdego kolejnego poranka? Skorzystaj z bezpłatnej wyceny i sprawdź, jak żaluzje fasadowe, shuttersy i żaluzje drewniane od ROLBEST zmienią Twoją sypialnię w prawdziwą smart oazę. Zadzwoń: 507 704 919 i przekonaj się, jak komfort może być prosty!","<h2>Inteligentne osłony okienne</h2><p>Wyobraź sobie: budzisz się jesiennym porankiem, a światło w Twojej sypialni delikatnie zmienia barwę i natężenie, automatycznie dostosowując się do Twojego rytmu dnia. Masz pełną kontrolę nad prywatnością, komfortem i… swoim snem. Brzmi futurystycznie? To już rzeczywistość, jeśli wiesz, jak wybrać odpowiednie <strong>osłony okienne</strong>.</p><h2>Kontekst</h2><p>Jesień 2025 to czas, gdy technologia wkracza do naszych domów szybciej niż kiedykolwiek. Zmieniające się pory roku i coraz krótsze dni sprawiają, że światło dzienne staje się towarem deficytowym. Jednocześnie eksperci biją na alarm - jakość snu i domowe warunki świetlne mają bezpośredni wpływ na zdrowie, samopoczucie i produktywność. Coraz więcej osób szuka więc sposobów na zautomatyzowanie codziennych czynności, także tych związanych z aranżacją okien. Inteligentne zarządzanie światłem w sypialni to nie tylko wygoda, ale też inwestycja w lepszy sen, energię na co dzień i bezpieczeństwo domowników. Trendy architektoniczne idą w parze z technologią - <strong>żaluzje fasadowe</strong>, <strong>shuttersy</strong> i <strong>żaluzje drewniane</strong> stają się kluczowym elementem smart home.</p><h2>Problem</h2><p>Wielu właścicieli domów wciąż traktuje wybór <strong>osłon okiennych</strong> po macoszemu. Założenie prostych <strong>rolet</strong> lub zasłon często kończy się frustracją: zbyt dużo światła o świcie, brak prywatności wieczorem, nagrzewanie się pomieszczeń latem, a zimą uczucie wyziębienia. Jesienią problem się pogłębia - sypialnia staje się miejscem, gdzie trudno uzyskać równowagę między jasnością a przytulnością. Zdarza się, że inwestujemy w nowoczesne technologie, ale nie integrujemy ich z systemem <strong>osłon okiennych</strong>. Efekt? Przypadkowe światło, rozregulowany rytm dobowy, a nawet niepotrzebne straty ciepła. Typowy błąd to też dobór produktów, które nie współpracują z domową automatyką lub nie pozwalają na precyzyjną kontrolę światła o różnych porach dnia.</p>[IMG2]<h2>Rozwiązanie ROLBEST</h2><p>Tu właśnie wkracza <strong>ROLBEST</strong> z ofertą, która odpowiada na realne potrzeby nowoczesnych domów. Jeśli marzysz o idealnych warunkach do snu i wypoczynku, postaw na <strong>żaluzje fasadowe</strong>, <strong>shuttersy</strong> - <strong>okiennice wewnętrzne</strong> i <strong>żaluzje drewniane</strong> od ROLBEST. Dlaczego te produkty? <strong>Żaluzje fasadowe</strong> pozwalają na dynamiczne sterowanie ilością światła już na etapie elewacji, redukując przegrzewanie się sypialni i chroniąc prywatność. <strong>Shuttersy</strong>, czyli <strong>okiennice wewnętrzne</strong>, to synonim elegancji i funkcjonalności - możesz nimi precyzyjnie zarządzać światłem, a ich masywna konstrukcja zapewnia dodatkową izolację akustyczną. <strong>Żaluzje drewniane</strong> z kolei to kwintesencja stylu i technologii: naturalne drewno ociepla wnętrze, a nowoczesne systemy sterowania (także smart home) pozwalają na ustawienie dokładnie takiego klimatu, jakiego potrzebujesz - czy to do czytania, czy do błogiego snu. Wszystkie te rozwiązania kompatybilne są z systemami automatyki domowej - możesz sterować nimi z poziomu aplikacji, pilota lub… swojego głosu. Produkty ROLBEST to nie tylko wygoda, ale też bezpieczeństwo, trwałość i świetny design - inwestujesz w codzienny komfort na lata.</p><h2>Poradnik praktyczny</h2><h3>Żaluzje fasadowe - ustaw harmonogram dnia</h3><p>Zautomatyzuj <strong>żaluzje fasadowe</strong> tak, by rano delikatnie wpuszczały światło, a wieczorem zapewniały pełną intymność. Integracja z czujnikami światła pozwoli Ci dopasować natężenie do pogody.</p><h3>Shuttersy - personalizacja klimatu w sypialni</h3><p>Ustaw <strong>shuttersy</strong> tak, by w dzień odbijały promienie słoneczne, a w nocy izolowały od hałasu i chłodu. Możesz ustawiać kąty lamel w zależności od potrzeb - wszystko za pomocą jednego kliknięcia.</p><h3>Żaluzje drewniane - steruj światłem z łóżka</h3><p>Zainstaluj <strong>żaluzje drewniane</strong> z napędem elektrycznym. Dzięki temu możesz zmieniać ustawienia nawet nie wstając z łóżka - przez aplikację lub głosowo, np. przez Alexa lub Google Home.</p><h3>Rolety pilsowane (plisy) - dodatkowa warstwa komfortu</h3><p><strong>Rolety pilsowane</strong> (plisy) świetnie sprawdzą się jako dodatkowa warstwa - pozwalają na subtelne rozproszenie światła i podniesienie poczucia przytulności, zwłaszcza w mniejszych sypialniach.</p><h3>Zadbaj o detale i integrację</h3><p>Decydując się na <strong>osłony okienne</strong> od ROLBEST, od razu zapytaj o możliwość integracji z istniejącym systemem smart home. Unikniesz późniejszych niespodzianek i zyskasz pełną spójność technologii w domu.</p>[IMG3]<p>Chcesz spać lepiej tej jesieni - i każdego kolejnego poranka? Skorzystaj z bezpłatnej wyceny i sprawdź, jak <strong>żaluzje fasadowe</strong>, <strong>shuttersy</strong> i <strong>żaluzje drewniane</strong> od ROLBEST zmienią Twoją sypialnię w prawdziwą smart oazę. Zadzwoń: <a href=""tel:507704919"">507 704 919</a> i przekonaj się, jak komfort może być prosty!</p>","Inteligentne zarządzanie światłem z żaluzje fasadowe, shuttersy i żaluzje drewniane w sypialni - brzmi jak coś dla Ciebie? Dzięki naszym rozwiązaniom codziennie budzisz się w idealnych warunkach: komfort, kontrola i lepszy sen zyskują zupełnie nowy wymiar. Nasze 20-letnie doświadczenie pokazuje, że dobrze dobrane osłony potrafią odmienić sypialnię. Umów bezpłatną wycenę: 507 704 919 🏠✨📞","Poranne promienie delikatnie budzą Cię w sypialni, gdzie światło dostosowuje się do Twojego rytmu. Inteligentna kontrola światła to nie tylko komfort - to lepszy sen, więcej energii i nowy poziom prywatności. Jak wyglądałby Twój idealny poranek? Zainspiruj się na blogu - link w bio! #żaluzje #shutters #wnętrza #dom #rolbest #inspiracje",https://drive.google.com/file/d/1oz3-B4onsGFOrxIyZUlZE0G5MNJXSGHE/view?usp=drivesdk,1oz3-B4onsGFOrxIyZUlZE0G5MNJXSGHE,Do akceptacji,Do akceptacji,https://drive.google.com/file/d/1uFE7N7SGX_NzFOgzfvKprk0l30486sFI/view?usp=drivesdk,1uFE7N7SGX_NzFOgzfvKprk0l30486sFI,https://drive.google.com/file/d/1A_SjjWsKmsnAL9OZk68ofqOzEeSc897P/view?usp=drivesdk,1A_SjjWsKmsnAL9OZk68ofqOzEeSc897P
13-11-2025,"Jesienne home office - produktywność dzięki żaluzje drewniane, shuttersy i żaluzje fasadowe","<h1>Jesienne home office - produktywność dzięki żaluzje drewniane, shuttersy i żaluzje fasadowe</h1>

<strong>HOOK</strong>

Wyobraź sobie: wstajesz rano, siadasz do pracy przy domowym biurku, a za oknem szaro, ciemno, światło ledwie sączy się przez szybę. Znasz to uczucie braku energii, kiedy krótki jesienny dzień odbiera Ci motywację? Nie jesteś sam. Właściwie zaaranżowana przestrzeń i przemyślana kontrola światła to klucz do efektywnej pracy w domu, zwłaszcza teraz - gdy słońca jest jak na lekarstwo.

<strong>KONTEKST</strong>

Jesień to bezlitosny test dla każdego home office. Krótsze dni i pochmurne poranki sprawiają, że domowe biuro może stać się miejscem znużenia zamiast inspiracji. Coraz więcej osób pracuje zdalnie, a dbałość o komfort staje się priorytetem. Architekci i designerzy podkreślają, że światło - zarówno naturalne, jak i sztuczne - ma ogromny wpływ na naszą produktywność, energię i samopoczucie. Odpowiedni dobór osłon okiennych jak żaluzje drewniane, shuttersy czy żaluzje fasadowe pozwala nie tylko kontrolować ilość światła wpadającego do wnętrza, ale i nadać przestrzeni niepowtarzalny styl. Warto zadbać o to, by miejsce pracy sprzyjało skupieniu - nawet wtedy, gdy za oknem szarość.

<strong>PROBLEM</strong>

Wielu właścicieli domów popełnia typowe błędy przy urządzaniu domowego biura na jesień. Najczęściej wybierają przypadkowe rolety albo zasłony, które tylko pozornie rozwiązują problem światła. Efekt? Albo biuro tonie w półmroku, albo światło z okna razi w monitor i męczy oczy. Do tego dochodzi brak kontroli nad prywatnością - w pochmurne dni łatwo o niepożądane spojrzenia z zewnątrz. Często zapomina się też o kwestiach estetyki - tymczasem funkcjonalne osłony okienne, jak żaluzje drewniane czy shuttersy, mogą być dekoracyjnym akcentem, podkreślającym charakter wnętrza. Zbyt mocne sztuczne światło, brak możliwości regulacji stopnia nasłonecznienia - to wszystko wpływa na zmęczenie, niższą efektywność i ogólny spadek komfortu. 

<strong>ROZWIĄZANIE ROLBEST</strong>

Tu z pomocą przychodzi ROLBEST - ekspert w dziedzinie osłon okiennych od 2003 roku. Jeśli chcesz odzyskać kontrolę nad światłem w swoim home office, sięgnij po sprawdzone rozwiązania premium. <strong>Żaluzje drewniane</strong> ROLBEST to nie tylko klasyka designu, ale i praktyczny sposób na precyzyjną regulację ilości światła - możesz rozproszyć światło dzienne, zmiękczyć je i uniknąć odblasków na ekranie. <strong>Shuttersy</strong> - okiennice wewnętrzne - to prawdziwy hit ostatnich sezonów. Pozwalają na dynamiczną zmianę klimatu wnętrza - od pełnego światła po przytulny półmrok - a do tego są stylowym elementem dekoracyjnym. Dla tych, którzy mają home office od strony ogrodu czy tarasu, idealnym wyborem będą <strong>żaluzje fasadowe</strong>. Skutecznie chronią przed nadmiernym światłem i ciekawskimi spojrzeniami, a ich nowoczesny wygląd świetnie wpisuje się w architekturę współczesnych domów. Wszystkie produkty ROLBEST są wykonywane na wymiar - gwarantują idealne dopasowanie do Twoich potrzeb i charakteru wnętrza. Dzięki nim Twoje biuro będzie nie tylko funkcjonalne, ale i piękne - bez kompromisów.

<strong>PORADNIK PRAKTYCZNY</strong>

<strong>1. Zaplanuj strefę światła:</strong> Ustaw biurko blisko okna, ale tak, żeby nie padało bezpośrednie światło na ekran. Z pomocą żaluzji drewnianych lub shuttersów możesz dowolnie regulować kierunek i natężenie światła.

<strong>2. Wybierz odpowiednie osłony okienne:</strong> Jeśli zależy Ci na pełnej kontroli światła, postaw na żaluzje drewniane lub shuttersy. Do dużych przeszkleń i nowoczesnych biur świetne będą żaluzje fasadowe. Unikaj przypadkowych rozwiązań - inwestuj w produkty na wymiar.

<strong>3. Łącz style i funkcje:</strong> Połącz żaluzje drewniane z lekkimi zasłonami lub roletami rzymskimi, by uzyskać jeszcze lepszy efekt wizualny i praktyczny. Shuttersy świetnie wyglądają zarówno w minimalistycznych, jak i eklektycznych wnętrzach.

<strong>4. Pamiętaj o ergonomii światła:</strong> Nie prześwietlaj biurka - rozproszone światło jest mniej męczące dla oczu. Ustaw shuttersy lub żaluzje pod takim kątem, by uzyskać miękkie, odbite światło.

<strong>5. Dbaj o estetykę i porządek:</strong> Nowoczesne osłony okienne na wymiar nie tylko poprawiają komfort pracy, ale też są ozdobą wnętrza. Wybierz kolory i materiały pasujące do Twojego stylu.

<strong>CTA</strong>

Chcesz odzyskać energię i komfort w swoim domowym biurze tej jesieni? Postaw na żaluzje drewniane, shuttersy lub żaluzje fasadowe ROLBEST - indywidualnie dopasowane do Twoich potrzeb. Bezpłatna wycena - tel: 507 704 919. Sprawdź, jak zmieni się Twoje home office!","<h2>Jesienne home office</h2><p>Wyobraź sobie: wstajesz rano, siadasz do pracy przy domowym biurku, a za oknem szaro, ciemno, światło ledwie sączy się przez szybę. Znasz to uczucie braku energii, kiedy krótki jesienny dzień odbiera Ci motywację? Nie jesteś sam. Właściwie zaaranżowana przestrzeń i przemyślana kontrola światła to klucz do efektywnej pracy w domu, zwłaszcza teraz - gdy słońca jest jak na lekarstwo.</p><h2>Kontekst</h2><p>Jesień to bezlitosny test dla każdego home office. Krótsze dni i pochmurne poranki sprawiają, że domowe biuro może stać się miejscem znużenia zamiast inspiracji. Coraz więcej osób pracuje zdalnie, a dbałość o komfort staje się priorytetem. Architekci i designerzy podkreślają, że światło - zarówno naturalne, jak i sztuczne - ma ogromny wpływ na naszą produktywność, energię i samopoczucie. Odpowiedni dobór <strong>osłon okiennych</strong> jak <strong>żaluzje drewniane</strong>, <strong>shuttersy</strong> czy <strong>żaluzje fasadowe</strong> pozwala nie tylko kontrolować ilość światła wpadającego do wnętrza, ale i nadać przestrzeni niepowtarzalny styl. Warto zadbać o to, by miejsce pracy sprzyjało skupieniu - nawet wtedy, gdy za oknem szarość.</p><h2>Problem</h2><p>Wielu właścicieli domów popełnia typowe błędy przy urządzaniu domowego biura na jesień. Najczęściej wybierają przypadkowe <strong>rolety</strong> albo zasłony, które tylko pozornie rozwiązują problem światła. Efekt? Albo biuro tonie w półmroku, albo światło z okna razi w monitor i męczy oczy. Do tego dochodzi brak kontroli nad prywatnością - w pochmurne dni łatwo o niepożądane spojrzenia z zewnątrz. Często zapomina się też o kwestiach estetyki - tymczasem funkcjonalne <strong>osłony okienne</strong>, jak <strong>żaluzje drewniane</strong> czy <strong>shuttersy</strong>, mogą być dekoracyjnym akcentem, podkreślającym charakter wnętrza. Zbyt mocne sztuczne światło, brak możliwości regulacji stopnia nasłonecznienia - to wszystko wpływa na zmęczenie, niższą efektywność i ogólny spadek komfortu.</p>[IMG2]<h2>Rozwiązanie ROLBEST</h2><p>Tu z pomocą przychodzi ROLBEST - ekspert w dziedzinie <strong>osłon okiennych</strong> od 2003 roku. Jeśli chcesz odzyskać kontrolę nad światłem w swoim home office, sięgnij po sprawdzone rozwiązania premium. <strong>Żaluzje drewniane</strong> ROLBEST to nie tylko klasyka designu, ale i praktyczny sposób na precyzyjną regulację ilości światła - możesz rozproszyć światło dzienne, zmiękczyć je i uniknąć odblasków na ekranie. <strong>Shuttersy</strong> - <strong>okiennice wewnętrzne</strong> - to prawdziwy hit ostatnich sezonów. Pozwalają na dynamiczną zmianę klimatu wnętrza - od pełnego światła po przytulny półmrok - a do tego są stylowym elementem dekoracyjnym. Dla tych, którzy mają home office od strony ogrodu czy tarasu, idealnym wyborem będą <strong>żaluzje fasadowe</strong>. Skutecznie chronią przed nadmiernym światłem i ciekawskimi spojrzeniami, a ich nowoczesny wygląd świetnie wpisuje się w architekturę współczesnych domów. Wszystkie produkty ROLBEST są wykonywane na wymiar - gwarantują idealne dopasowanie do Twoich potrzeb i charakteru wnętrza. Dzięki nim Twoje biuro będzie nie tylko funkcjonalne, ale i piękne - bez kompromisów.</p><h2>Poradnik praktyczny</h2><h3>Zaplanuj strefę światła</h3><p>Ustaw biurko blisko okna, ale tak, żeby nie padało bezpośrednie światło na ekran. Z pomocą <strong>żaluzji drewnianych</strong> lub <strong>shuttersów</strong> możesz dowolnie regulować kierunek i natężenie światła.</p><h3>Wybierz odpowiednie osłony okienne</h3><p>Jeśli zależy Ci na pełnej kontroli światła, postaw na <strong>żaluzje drewniane</strong> lub <strong>shuttersy</strong>. Do dużych przeszkleń i nowoczesnych biur świetne będą <strong>żaluzje fasadowe</strong>. Unikaj przypadkowych rozwiązań - inwestuj w produkty na wymiar.</p><h3>Łącz style i funkcje</h3><p>Połącz <strong>żaluzje drewniane</strong> z lekkimi zasłonami lub <strong>roletami rzymskimi</strong>, by uzyskać jeszcze lepszy efekt wizualny i praktyczny. <strong>Shuttersy</strong> świetnie wyglądają zarówno w minimalistycznych, jak i eklektycznych wnętrzach.</p><h3>Pamiętaj o ergonomii światła</h3><p>Nie prześwietlaj biurka - rozproszone światło jest mniej męczące dla oczu. Ustaw <strong>shuttersy</strong> lub <strong>żaluzje</strong> pod takim kątem, by uzyskać miękkie, odbite światło.</p><h3>Dbaj o estetykę i porządek</h3><p>Nowoczesne <strong>osłony okienne</strong> na wymiar nie tylko poprawiają komfort pracy, ale też są ozdobą wnętrza. Wybierz kolory i materiały pasujące do Twojego stylu.</p>[IMG3]<p>Umów bezpłatną wycenę: <a href=""tel:507704919"">507 704 919</a></p>","Jak światło wpływa na produktywność w domowym biurze? Jesienne wyzwania i rozwiązania architektoniczne - dobrze dobrane żaluzje drewniane, shuttersy czy żaluzje fasadowe pozwalają odzyskać energię do pracy nawet w pochmurne dni. Nasze 20-letnie doświadczenie pokazuje, że przemyślana kontrola światła naprawdę zwiększa komfort. Umów bezpłatną wycenę: 507 704 919. 🏠 💡 👨‍🔧","Poranna kawa, świeże pomysły i domowe biuro pełne miękkiego, naturalnego światła - czy to nie brzmi jak idealny start dnia? Odpowiednia kontrola światła żaluzjami drewnianymi czy shuttersami to więcej energii i lepsza koncentracja mimo jesiennej szarości. Jak wygląda Twoje miejsce do pracy? Zajrzyj na bloga ROLBEST po więcej inspiracji - link w bio! #żaluzje #shutters #wnętrza #dom #rolbest #inspiracje #design",https://drive.google.com/file/d/1RkGYQG7dulp4UNvCfLMhHyANl5-0HQcs/view?usp=drivesdk,1RkGYQG7dulp4UNvCfLMhHyANl5-0HQcs,Do akceptacji,Do akceptacji,https://drive.google.com/file/d/1J6d9hi9yVCLWSoRekBsoCLIAJMaqWTIm/view?usp=drivesdk,1J6d9hi9yVCLWSoRekBsoCLIAJMaqWTIm,https://drive.google.com/file/d/1gKt0sR6TwWBO5EaDJ1AH_8NHsWd1sasw/view?usp=drivesdk,1gKt0sR6TwWBO5EaDJ1AH_8NHsWd1sasw
14-11-2025,Industrialna łazienka - światło i prywatność z shuttersy i żaluzje drewniane ROLBEST,"<h1>Industrialna łazienka - światło i prywatność z shuttersy i żaluzje drewniane ROLBEST</h1>

<strong>HOOK</strong>

Wyobraź sobie poranny prysznic, kiedy pierwsze promienie wpadają do łazienki, ale Ty czujesz się maksymalnie swobodnie - bez niechcianych spojrzeń, bez kompromisów. Właśnie takie doświadczenia chcą mieć właściciele nowoczesnych domów. Industrialna łazienka z naturalnym światłem i pełną kontrolą prywatności? To nie tylko marzenie - to nowy standard, który możesz z łatwością osiągnąć!

<strong>KONTEKST</strong>

Styl industrialny w łazienkach nie znika z czołówki trendów - wręcz przeciwnie, jesień 2025 zapowiada się pod znakiem surowych struktur, ciepłych beżów i terakoty oraz… światła! Coraz więcej osób remontuje lub projektuje łazienkę jako miejsce relaksu, gdzie światło dzienne gra główną rolę. Problem w tym, że duże okna dają cudowną jasność, ale też odbierają poczucie intymności. Właśnie dlatego rośnie popularność nowoczesnych rozwiązań - rolety pilsowane (plisy), żaluzje drewniane i przede wszystkim shuttersy - okiennice wewnętrzne, które pozwalają cieszyć się każdym promieniem słońca i pełną swobodą. Architekci wnętrz stawiają na osłony okienne, które podkreślają klimat industrial chic, nie zamykając łazienki w ciemnym pudełku. To must-have na nadchodzący sezon!

<strong>PROBLEM</strong>

Właściciele domów często popełniają kilka typowych błędów przy aranżacji łazienki w stylu industrialnym. Najbardziej powszechny? Zbyt grube zasłony albo rolety, które całkowicie odcinają światło - przez co łazienka, zamiast być energetyzującą przestrzenią, staje się ponura. Drugi błąd to wybór niskiej jakości, nietrwałych osłon okiennych - szczególnie groźny w łazience, gdzie wilgoć potrafi szybko zniszczyć materiał. Wreszcie - wiele osób boi się eksperymentować z rozwiązaniami typu shuttersy czy żaluzje drewniane, myśląc, że są ""za zimne"" lub zbyt designerskie na codzienną łazienkę. Tymczasem to właśnie takie produkty mogą dać nie tylko maksimum światła i prywatności, ale też podkreślić industrialny, a jednocześnie przytulny charakter wnętrza. Kluczem jest wybór rozwiązań, które są trwałe, łatwe do utrzymania w czystości i pozwalają na precyzyjną regulację światła.

<strong>ROZWIĄZANIE ROLBEST</strong>

Tutaj wchodzą shuttersy - okiennice wewnętrzne ROLBEST, które bezkonkurencyjnie łączą funkcję dekoracyjną z praktyczną. Warianty wodoodporne oraz shuttersy café style świetnie sprawdzają się w łazience: nie boją się wilgoci, a dzięki ruchomym lamelom precyzyjnie sterujesz światłem i prywatnością. Wyobraź sobie ceglaną ścianę, betonową posadzkę i okno z białymi shuttersami - to kwintesencja industrialnej elegancji! Jeśli chcesz dodać wnętrzu nuty natury, żaluzje drewniane ROLBEST pozwolą Ci wprowadzić ciepło i szlachetność drewna, doskonale współgrające z beżami lub terakotą. Oba produkty prezentują się doskonale w towarzystwie roślin i designerskich dodatków. Na mniejsze okna lub tam, gdzie zależy Ci na subtelnej ochronie, sprawdzą się także rolety pilsowane (plisy) - delikatnie rozpraszają światło, nie przytłaczając wnętrza. Każdy z tych wariantów można dopasować do wymiarów i stylu Twojej łazienki, a ekipa ROLBEST doradzi Ci, co wybrać - bo mamy w tym 20 lat doświadczenia! W końcu osłony okienne to nie tylko kwestia estetyki, ale i funkcjonalności na lata.

<strong>PORADNIK PRAKTYCZNY</strong>

<strong>1. Shuttersy wodoodporne - wybierz na duże okna</strong>
Szukasz spektakularnego efektu? Postaw na shuttersy wodoodporne ROLBEST w wersji białej lub café style. Łatwo je wytrzesz, nie straszna im para wodna, a Ty swobodnie ustawiasz lamele - światło tam, gdzie chcesz, pełna prywatność na wysokości wzroku.

<strong>2. Żaluzje drewniane - ciepło i klimat</strong>
Jeśli kochasz naturalne materiały, wybierz żaluzje drewniane ROLBEST w ciepłym odcieniu. Świetnie prezentują się z terakotą i zielenią roślin. Ustawiaj kąty lameli, by precyzyjnie kontrolować ilość światła - to szczególnie ważne, gdy łazienka wychodzi na stronę południową.

<strong>3. Rolety pilsowane (plisy) - na mniejsze okna</strong>
W małej łazience lub przy wąskich oknach postaw na rolety pilsowane (plisy) ROLBEST. Są delikatne, łatwe w montażu i pozwalają przesuwać materiał zarówno od góry, jak i od dołu - pełna elastyczność!

<strong>4. Kolory ziemi i naturalne akcenty</strong>
Nie bój się łączyć shuttersy lub żaluzje drewniane z ceglą, betonem i ciepłymi dodatkami. Industrial chic wcale nie musi być chłodny - beże, terakota i drewno ocieplą całość.

<strong>5. Zawsze stawiaj na trwałość</strong>
Wilgoć w łazience to wyzwanie. Wybieraj wyłącznie produkty przeznaczone do takich warunków - shuttersy i żaluzje ROLBEST są odporne na codzienne użytkowanie i łatwe w czyszczeniu.

<strong>CTA</strong>

Chcesz mieć łazienkę, w której światło i prywatność są zawsze pod Twoją kontrolą? Zadzwoń po bezpłatną wycenę i umów się na indywidualną konsultację z ekspertem ROLBEST - tel: 507 704 919. Z nami industrialna łazienka stanie się Twoim ulubionym miejscem w domu!","<h2>Światło i prywatność</h2><p>Wyobraź sobie poranny prysznic, kiedy pierwsze promienie wpadają do łazienki, ale Ty czujesz się maksymalnie swobodnie - bez niechcianych spojrzeń, bez kompromisów. Właśnie takie doświadczenia chcą mieć właściciele nowoczesnych domów. Industrialna łazienka z naturalnym światłem i pełną kontrolą prywatności? To nie tylko marzenie - to nowy standard, który możesz z łatwością osiągnąć!</p><h2>Styl industrialny</h2><p>Styl industrialny w łazienkach nie znika z czołówki trendów - wręcz przeciwnie, jesień 2025 zapowiada się pod znakiem surowych struktur, ciepłych beżów i terakoty oraz… światła! Coraz więcej osób remontuje lub projektuje łazienkę jako miejsce relaksu, gdzie światło dzienne gra główną rolę. Problem w tym, że duże okna dają cudowną jasność, ale też odbierają poczucie intymności. Właśnie dlatego rośnie popularność nowoczesnych rozwiązań - <strong>rolety</strong> pilsowane (<strong>plisy</strong>), <strong>żaluzje drewniane</strong> i przede wszystkim <strong>shuttersy</strong> - okiennice wewnętrzne, które pozwalają cieszyć się każdym promieniem słońca i pełną swobodą. Architekci wnętrz stawiają na osłony okienne, które podkreślają klimat industrial chic, nie zamykając łazienki w ciemnym pudełku. To must-have na nadchodzący sezon!</p><h2>Typowe błędy</h2><p>Właściciele domów często popełniają kilka typowych błędów przy aranżacji łazienki w stylu industrialnym. Najbardziej powszechny? Zbyt grube zasłony albo <strong>rolety</strong>, które całkowicie odcinają światło - przez co łazienka, zamiast być energetyzującą przestrzenią, staje się ponura. Drugi błąd to wybór niskiej jakości, nietrwałych osłon okiennych - szczególnie groźny w łazience, gdzie wilgoć potrafi szybko zniszczyć materiał. Wreszcie - wiele osób boi się eksperymentować z rozwiązaniami typu <strong>shuttersy</strong> czy <strong>żaluzje drewniane</strong>, myśląc, że są 'za zimne' lub zbyt designerskie na codzienną łazienkę. Tymczasem to właśnie takie produkty mogą dać nie tylko maksimum światła i prywatności, ale też podkreślić industrialny, a jednocześnie przytulny charakter wnętrza. Kluczem jest wybór rozwiązań, które są trwałe, łatwe do utrzymania w czystości i pozwalają na precyzyjną regulację światła.</p>[IMG2]<h2>Rozwiązanie ROLBEST</h2><p>Tutaj wchodzą <strong>shuttersy</strong> - okiennice wewnętrzne ROLBEST, które bezkonkurencyjnie łączą funkcję dekoracyjną z praktyczną. Warianty wodoodporne oraz <strong>shuttersy</strong> café style świetnie sprawdzają się w łazience: nie boją się wilgoci, a dzięki ruchomym lamelom precyzyjnie sterujesz światłem i prywatnością. Wyobraź sobie ceglaną ścianę, betonową posadzkę i okno z białymi <strong>shuttersami</strong> - to kwintesencja industrialnej elegancji! Jeśli chcesz dodać wnętrzu nuty natury, <strong>żaluzje drewniane</strong> ROLBEST pozwolą Ci wprowadzić ciepło i szlachetność drewna, doskonale współgrające z beżami lub terakotą. Oba produkty prezentują się doskonale w towarzystwie roślin i designerskich dodatków. Na mniejsze okna lub tam, gdzie zależy Ci na subtelnej ochronie, sprawdzą się także <strong>rolety pilsowane</strong> (<strong>plisy</strong>) - delikatnie rozpraszają światło, nie przytłaczając wnętrza. Każdy z tych wariantów można dopasować do wymiarów i stylu Twojej łazienki, a ekipa ROLBEST doradzi Ci, co wybrać - bo mamy w tym 20 lat doświadczenia! W końcu osłony okienne to nie tylko kwestia estetyki, ale i funkcjonalności na lata.</p><h2>Poradnik praktyczny</h2><h3>Shuttersy wodoodporne</h3><p><strong>Wybierz na duże okna</strong> - Szukasz spektakularnego efektu? Postaw na <strong>shuttersy</strong> wodoodporne ROLBEST w wersji białej lub café style. Łatwo je wytrzesz, nie straszna im para wodna, a Ty swobodnie ustawiasz lamele - światło tam, gdzie chcesz, pełna prywatność na wysokości wzroku.</p><h3>Żaluzje drewniane</h3><p><strong>Ciepło i klimat</strong> - Jeśli kochasz naturalne materiały, wybierz <strong>żaluzje drewniane</strong> ROLBEST w ciepłym odcieniu. Świetnie prezentują się z terakotą i zielenią roślin. Ustawiaj kąty lameli, by precyzyjnie kontrolować ilość światła - to szczególnie ważne, gdy łazienka wychodzi na stronę południową.</p><h3>Rolety pilsowane</h3><p><strong>Na mniejsze okna</strong> - W małej łazience lub przy wąskich oknach postaw na <strong>rolety pilsowane</strong> (<strong>plisy</strong>) ROLBEST. Są delikatne, łatwe w montażu i pozwalają przesuwać materiał zarówno od góry, jak i od dołu - pełna elastyczność!</p><h3>Kolory ziemi</h3><p><strong>Naturalne akcenty</strong> - Nie bój się łączyć <strong>shuttersy</strong> lub <strong>żaluzje drewniane</strong> z ceglą, betonem i ciepłymi dodatkami. Industrial chic wcale nie musi być chłodny - beże, terakota i drewno ocieplą całość.</p><h3>Trwałość</h3><p><strong>Zawsze stawiaj na trwałość</strong> - Wilgoć w łazience to wyzwanie. Wybieraj wyłącznie produkty przeznaczone do takich warunków - <strong>shuttersy</strong> i <strong>żaluzje</strong> ROLBEST są odporne na codzienne użytkowanie i łatwe w czyszczeniu.</p>[IMG3]<p>Umów bezpłatną wycenę: <a href=""tel:507704919"">507 704 919</a></p>","Prywatność pod kontrolą: Industrialna łazienka pełna światła - czy wiesz, że możesz łatwo połączyć nowoczesny design z komfortem bez kompromisów? Dzięki shuttersom i żaluzjom drewnianym ROLBEST swobodnie sterujesz światłem i intymnością, nie tracąc stylu. Nasze 20-letnie doświadczenie pokazuje, że to rozwiązania na lata. Umów bezpłatną wycenę: 507 704 919 🏠✨📞","Poranna kawa i relaks po prysznicu, gdy łazienka zalana jest światłem, a Ty czujesz się naprawdę u siebie - bez kompromisów. Kontrola prywatności poprzez shuttersy i żaluzje ROLBEST zmienia codzienność w wyjątkowy rytuał. Jak Ty dbasz o światło i intymność w swoim wnętrzu? Więcej inspiracji znajdziesz na naszym blogu - link w bio. #shutters #żaluzje #rolbest #wnętrza #design #dom #rolety",https://drive.google.com/file/d/1hBm0gXQseNDJDNPHtzesr_CDyGLmmdUb/view?usp=drivesdk,1hBm0gXQseNDJDNPHtzesr_CDyGLmmdUb,Do akceptacji,Do akceptacji,https://drive.google.com/file/d/1VD9La6FOhNtQfWp0Kihot8LdvRRc8qmS/view?usp=drivesdk,1VD9La6FOhNtQfWp0Kihot8LdvRRc8qmS,https://drive.google.com/file/d/1Weo6g8z35_3QgTUOdWaiFIZFcmYi8bkF/view?usp=drivesdk,1Weo6g8z35_3QgTUOdWaiFIZFcmYi8bkF
15-11-2025,"Jesienny balkon premium - żaluzje fasadowe, shuttersy i żaluzje drewniane w stylu śródziemnomorskim","<h1>Jesienny balkon premium - żaluzje fasadowe, shuttersy i żaluzje drewniane w stylu śródziemnomorskim</h1>

<strong>HOOK</strong>

Wyobraź sobie, że za oknem już chłodniej, a Ty nadal wygrzewasz się w promieniach popołudniowego słońca - na balkonie, który bardziej przypomina ogród zimowy w śródziemnomorskim kurorcie niż typową loggię w bloku. Wygodne fotele, oliwki w donicach, ciepłe pledy i… idealnie kontrolowane światło. Marzysz o takim klimacie na jesień? To naprawdę możliwe - nawet w apartamencie w centrum miasta.

<strong>KONTEKST</strong>

Ogród zimowy na balkonie to hit sezonu jesień/zima 2025. Coraz więcej z nas szuka sposobów, by przedłużyć czas spędzany na świeżym powietrzu i stworzyć sobie zieloną oazę, która nie kończy się wraz z pierwszym chłodnym wieczorem. Styl śródziemnomorski wraca do łask - stawiamy na kamień, zieleń, wygodę i światło, które buduje klimat. Tu liczy się nie tylko wybór roślin czy mebli, ale przede wszystkim - jak zarządzasz naturalnym światłem i prywatnością. Właśnie dlatego dobrze dobrane osłony okienne, takie jak żaluzje fasadowe, shuttersy czy żaluzje drewniane, stają się kluczowym elementem nowoczesnych balkonów w apartamentach.

<strong>PROBLEM</strong>

Największe wyzwanie? Zamienić balkon lub loggię w przedłużenie salonu, które zachowuje przytulność i funkcjonalność przez całą jesień. Właściciele mieszkań często popełniają kilka klasycznych błędów: wybierają przypadkowe rolety czy tanie markizy, zapominają o odpowiedniej izolacji od chłodu i wiatru, nie dbają o kontrolę światła, przez co przestrzeń szybko staje się zbyt ciemna lub nieprzyjemnie przegrzana. Często też brakuje im pomysłu na aranżację - kończy się na kilku donicach i kocu, co nijak nie oddaje klimatu południowej Europy. A przecież to właśnie światło, kolory i dobrze dobrane, stylowe osłony okienne mogą sprawić, że balkon staje się Twoim ulubionym miejscem na herbatę, książkę czy spotkanie ze znajomymi - nawet gdy temperatura za oknem spada.

<strong>ROZWIĄZANIE ROLBEST</strong>

W ROLBEST od 20 lat pomagamy tworzyć nie tylko funkcjonalne, ale i piękne przestrzenie do życia. Jeśli marzysz o śródziemnomorskim ogrodzie zimowym w apartamencie, postaw na rozwiązania, które budują klimat - i realnie chronią przed jesienną aurą.

<strong>Żaluzje fasadowe</strong> to podstawa stylowej aranżacji. Ich minimalistyczny, elegancki design idealnie wpisuje się w klimat południa, a przy tym pozwala precyzyjnie sterować ilością światła - zyskujesz prywatność i komfort, nie tracąc kontaktu z naturą. <strong>Shuttersy</strong> (okiennice wewnętrzne) to klasyka śródziemnomorskich wnętrz - są nie tylko piękne, ale też skutecznie izolują od chłodu i hałasu, a do tego możesz je dowolnie konfigurować pod kolorystykę swojego balkonu. <strong>Żaluzje drewniane</strong> wprowadzają ciepło, naturalny look i świetnie komponują się z oliwkami, figowcami czy lawendą w donicach.

Wszystkie te produkty nie tylko świetnie wyglądają - gwarantują też realną kontrolę nad światłem, temperaturą i prywatnością. Dzięki nim balkon staje się prawdziwym przedłużeniem salonu, w którym możesz odpocząć niezależnie od pogody. A jeśli chcesz wyjść poza schemat, dodaj do aranżacji rolety pilsowane (plisy) lub rolety rzymskie - pozwolą Ci dowolnie bawić się światłem i fakturą. Nie zapomnij o moskitierach na wymiar, jeśli lubisz otwierać okna nawet późną jesienią!

<strong>PORADNIK PRAKTYCZNY</strong>

<strong>H2: Jak wykorzystać żaluzje fasadowe na balkonie?</strong>

<strong>H3: Żaluzje fasadowe - ochrona i styl</strong>
1. Zadbaj o precyzyjny montaż żaluzji fasadowych - pozwoli to szczelnie odizolować balkon od wiatru i wilgoci, a jednocześnie kontrolować nasłonecznienie w ciągu dnia.
2. Wybierz stonowaną kolorystykę (szarości, antracyt, beże), która nawiązuje do kamiennych elewacji śródziemnomorskich willi - efekt WOW gwarantowany.

<strong>H3: Shuttersy i żaluzje drewniane - klimat południa</strong>
3. Postaw na shuttersy w bieli, oliwkowej zieleni lub naturalnym odcieniu drewna - możesz je łatwo dopasować do reszty aranżacji i nadać wnętrzu ciepła.
4. Żaluzje drewniane sprawdzą się świetnie w połączeniu z roślinami doniczkowymi i tekstyliami w odcieniach ziemi. To szybki trik na „letni” balkon przez cały rok.

<strong>H3: Dodatki - rolety pilsowane i moskitiery</strong>
5. Jeśli chcesz mieć 100% kontroli nad światłem, dołóż do aranżacji rolety pilsowane (plisy) - możesz zasłonić tylko wybraną część okna, a całość pozostaje lekka i nowoczesna.
6. Zamontuj moskitiery na wymiar, by cieszyć się świeżym powietrzem nawet w chłodniejsze dni, bez obaw o owady.

<strong>CTA</strong>

Zainspiruj się południem i stwórz swój prywatny ogród zimowy na balkonie - dokładnie taki, jak lubisz! Skorzystaj z bezpłatnej wyceny i doradztwa ROLBEST - zadzwoń teraz: 507 704 919. Razem wybierzemy żaluzje fasadowe, shuttersy lub żaluzje drewniane, które zmienią Twój balkon w prawdziwą strefę relaksu na całą jesień!","<h2>Jesienny balkon premium</h2><p>Wyobraź sobie, że za oknem już chłodniej, a Ty nadal wygrzewasz się w promieniach popołudniowego słońca - na balkonie, który bardziej przypomina ogród zimowy w śródziemnomorskim kurorcie niż typową loggię w bloku. Wygodne fotele, oliwki w donicach, ciepłe pledy i… idealnie kontrolowane światło. Marzysz o takim klimacie na jesień? To naprawdę możliwe - nawet w apartamencie w centrum miasta.</p><h2>Kontekst</h2><p>Ogród zimowy na balkonie to hit sezonu jesień/zima 2025. Coraz więcej z nas szuka sposobów, by przedłużyć czas spędzany na świeżym powietrzu i stworzyć sobie zieloną oazę, która nie kończy się wraz z pierwszym chłodnym wieczorem. Styl śródziemnomorski wraca do łask - stawiamy na kamień, zieleń, wygodę i światło, które buduje klimat. Tu liczy się nie tylko wybór roślin czy mebli, ale przede wszystkim - jak zarządzasz naturalnym światłem i prywatnością. Właśnie dlatego dobrze dobrane <strong>osłony okienne</strong>, takie jak <strong>żaluzje fasadowe</strong>, <strong>shuttersy</strong> czy <strong>żaluzje drewniane</strong>, stają się kluczowym elementem nowoczesnych balkonów w apartamentach.</p><h2>Problem</h2><p>Największe wyzwanie? Zamienić balkon lub loggię w przedłużenie salonu, które zachowuje przytulność i funkcjonalność przez całą jesień. Właściciele mieszkań często popełniają kilka klasycznych błędów: wybierają przypadkowe <strong>rolety</strong> czy tanie <strong>markizy</strong>, zapominają o odpowiedniej izolacji od chłodu i wiatru, nie dbają o kontrolę światła, przez co przestrzeń szybko staje się zbyt ciemna lub nieprzyjemnie przegrzana. Często też brakuje im pomysłu na aranżację - kończy się na kilku donicach i kocu, co nijak nie oddaje klimatu południowej Europy. A przecież to właśnie światło, kolory i dobrze dobrane, stylowe <strong>osłony okienne</strong> mogą sprawić, że balkon staje się Twoim ulubionym miejscem na herbatę, książkę czy spotkanie ze znajomymi - nawet gdy temperatura za oknem spada.</p>[IMG2]<h2>Rozwiązanie ROLBEST</h2><p>W ROLBEST od 20 lat pomagamy tworzyć nie tylko funkcjonalne, ale i piękne przestrzenie do życia. Jeśli marzysz o śródziemnomorskim ogrodzie zimowym w apartamencie, postaw na rozwiązania, które budują klimat - i realnie chronią przed jesienną aurą.</p><p><strong>Żaluzje fasadowe</strong> to podstawa stylowej aranżacji. Ich minimalistyczny, elegancki design idealnie wpisuje się w klimat południa, a przy tym pozwala precyzyjnie sterować ilością światła - zyskujesz prywatność i komfort, nie tracąc kontaktu z naturą. <strong>Shuttersy</strong> (okiennice wewnętrzne) to klasyka śródziemnomorskich wnętrz - są nie tylko piękne, ale też skutecznie izolują od chłodu i hałasu, a do tego możesz je dowolnie konfigurować pod kolorystykę swojego balkonu. <strong>Żaluzje drewniane</strong> wprowadzają ciepło, naturalny look i świetnie komponują się z oliwkami, figowcami czy lawendą w donicach.</p><p>Wszystkie te produkty nie tylko świetnie wyglądają - gwarantują też realną kontrolę nad światłem, temperaturą i prywatnością. Dzięki nim balkon staje się prawdziwym przedłużeniem salonu, w którym możesz odpocząć niezależnie od pogody. A jeśli chcesz wyjść poza schemat, dodaj do aranżacji <strong>rolety pilsowane</strong> (<strong>plisy</strong>) lub <strong>rolety rzymskie</strong> - pozwolą Ci dowolnie bawić się światłem i fakturą. Nie zapomnij o <strong>moskitierach</strong> na wymiar, jeśli lubisz otwierać okna nawet późną jesienią!</p><h2>Poradnik praktyczny</h2><h3>Jak wykorzystać żaluzje fasadowe na balkonie?</h3><h3>Żaluzje fasadowe - ochrona i styl</h3><ul><li><strong>Zadbaj o precyzyjny montaż</strong> żaluzji fasadowych - pozwoli to szczelnie odizolować balkon od wiatru i wilgoci, a jednocześnie kontrolować nasłonecznienie w ciągu dnia.</li><li><strong>Wybierz stonowaną kolorystykę</strong> (szarości, antracyt, beże), która nawiązuje do kamiennych elewacji śródziemnomorskich willi - efekt WOW gwarantowany.</li></ul><h3>Shuttersy i żaluzje drewniane - klimat południa</h3><ul><li><strong>Postaw na shuttersy</strong> w bieli, oliwkowej zieleni lub naturalnym odcieniu drewna - możesz je łatwo dopasować do reszty aranżacji i nadać wnętrzu ciepła.</li><li><strong>Żaluzje drewniane</strong> sprawdzą się świetnie w połączeniu z roślinami doniczkowymi i tekstyliami w odcieniach ziemi. To szybki trik na „letni” balkon przez cały rok.</li></ul><h3>Dodatki - rolety pilsowane i moskitiery</h3><ul><li><strong>Jeśli chcesz mieć 100% kontroli</strong> nad światłem, dołóż do aranżacji <strong>rolety pilsowane</strong> (<strong>plisy</strong>) - możesz zasłonić tylko wybraną część okna, a całość pozostaje lekka i nowoczesna.</li><li><strong>Zamontuj moskitiery</strong> na wymiar, by cieszyć się świeżym powietrzem nawet w chłodniejsze dni, bez obaw o owady.</li></ul>[IMG3]<p>Umów bezpłatną wycenę: <a href=""tel:507704919"">507 704 919</a></p>","Śródziemnomorski ogród zimowy w apartamencie - jak jesienią zamienić balkon w przedłużenie salonu? Dzięki żaluzjom fasadowym, shuttersom i drewnianym żaluzjom stworzysz przytulną, stylową przestrzeń nawet w chłodniejsze dni. Nasze 20-letnie doświadczenie pokazuje, że odpowiednio dobrane osłony gwarantują komfort i klimat południa. Umów bezpłatną wycenę: 507 704 919. 🏠✨📞","Jesienne popołudnia na balkonie, który przenosi Cię myślami wprost nad śródziemnomorskie wybrzeża - to luksus, na który możesz sobie pozwolić nawet w centrum miasta. Odpowiedni dobór żaluzji, shuttersów i drewnianych osłon buduje klimat, komfort oraz daje pełną kontrolę nad światłem i temperaturą. A gdyby tak balkon stał się Twoim ulubionym miejscem na jesień? Odkryj więcej inspiracji na blogu - link w bio! #żaluzje #shutters #wnętrza #rolbest #design #inspiracje #dom",https://drive.google.com/file/d/1kJhdZYZonECIhdg52E3p0Sl4gB_7ezJc/view?usp=drivesdk,1kJhdZYZonECIhdg52E3p0Sl4gB_7ezJc,Do akceptacji,Do akceptacji,https://drive.google.com/file/d/1r3ZnVvc11bJM2Pu7jKAO8lkTJ6eQfdNn/view?usp=drivesdk,1r3ZnVvc11bJM2Pu7jKAO8lkTJ6eQfdNn,https://drive.google.com/file/d/1M5GRm4nPM1jTV2MxdnqRFVcf2JZk34oF/view?usp=drivesdk,1M5GRm4nPM1jTV2MxdnqRFVcf2JZk34oF
16-11-2025,"Jesienna biblioteka - komfort i ochrona dzięki rolety pilsowane (plisy), shuttersy i żaluzje drewniane ROLBEST","<h1>Jesienna biblioteka - komfort i ochrona dzięki rolety pilsowane (plisy), shuttersy i żaluzje drewniane ROLBEST</h1>

<strong>HOOK</strong>

Wyobraź sobie spokojny jesienny wieczór, kubek herbaty i ulubiona książka w ręku. Ale czy Twój pokój-biblioteka naprawdę sprzyja relaksowi? Zbyt ostre światło, nagrzewające się wnętrze lub wyblakłe grzbiety książek to niestety codzienność wielu domowych kolekcjonerów. Jak stworzyć przestrzeń, która będzie jednocześnie przytulna, stylowa i bezpieczna dla Twoich zbiorów?

<strong>KONTEKST</strong>

Domowe biblioteki i pokoje hobbystyczne przeżywają swój renesans, zwłaszcza wśród osób 60+. Jesień to czas, kiedy spędzamy więcej chwil w domu, a światło słoneczne, choć mile widziane, potrafi być zaskakująco ostre i szkodliwe dla książek czy obrazów. Styl french elegance, z ciepłymi odcieniami brązu, kości słoniowej i złocistych detali, coraz częściej pojawia się w polskich wnętrzach. Ale nawet najpiękniejsze regały czy miękkie fotele nie uchronią Twoich zbiorów przed promieniowaniem UV i nadmiernym nagrzewaniem. Tu do gry wchodzą nowoczesne osłony okienne, które nie tylko podkreślają styl, ale realnie zwiększają komfort i trwałość Twojej kolekcji.

<strong>PROBLEM</strong>

<strong>Błędy w aranżacji okien - czego unikać?</strong>

Wielu właścicieli domowych bibliotek myśli wyłącznie o estetyce, zapominając, że źle dobrane rolety czy brak osłon okiennych mogą prowadzić do:
- blaknięcia okładek i kartek książek przez promieniowanie UV,
- przegrzewania się pomieszczenia, przez co trudno się zrelaksować,
- refleksów na stronach książek i ekranach czytników,
- braku spójności z resztą wystroju (np. niepasujące rolety rzymskie czy tandetne żaluzje aluminiowe).
Często spotykam się z przypadkami, gdzie książki ustawione są tuż przy południowym oknie, bez żadnej ochrony. Inni wybierają przypadkowe żaluzje, które nijak mają się do stylu wnętrza. Efekt? Zbiory tracą na wartości, a klimat pokoju robi się nijaki.

<strong>Żaluzje drewniane jako podstawa stylu</strong>

Żaluzje drewniane ROLBEST to klasyka, która nigdy nie wychodzi z mody. Naturalne drewno w odcieniach karmelu lub głębokiego brązu pięknie współgra z francuską elegancją. Odpowiednio ustawione lamele pozwalają idealnie kontrolować ilość światła wpadającego do wnętrza - chronią zbiory przed blaknięciem i zapewniają przytulny klimat. Dodatkowo drewno ociepla przestrzeń i nadaje jej ponadczasowy charakter.

<strong>Shuttersy - okiennice wewnętrzne dla wymagających</strong>

Shuttersy (okiennice wewnętrzne) ROLBEST to rozwiązanie dla tych, którzy chcą połączyć styl z funkcjonalnością. Dzięki regulowanym lamelom możesz precyzyjnie dozować światło - od pełnego zaciemnienia po subtelne rozproszenie. Shuttersy świetnie sprawdzają się w bibliotecznych wnętrzach, gdzie liczy się zarówno ochrona zbiorów, jak i intymność. Ich elegancki wygląd (np. w kolorze kości słoniowej) doskonale podkreśla klimat french elegance.

<strong>Rolety pilsowane (plisy) - kontrola światła i ciepła</strong>

Jeśli Twój pokój ma niestandardowe okna (np. dachowe lub łukowe), rolety pilsowane (plisy) ROLBEST będą strzałem w dziesiątkę. Pozwalają na dowolną regulację zaciemnienia - możesz zasłonić tylko dolną część okna, chroniąc regały, a górą wpuścić światło. Dzięki nowoczesnym tkaninom plisy skutecznie odbijają promieniowanie UV i redukują nagrzewanie pomieszczenia. Dodatkowa zaleta? Są praktycznie niewidoczne po zsunięciu - idealnie wpisują się w dyskretną elegancję biblioteki.

<strong>Praktyczne wskazówki - ochrona i styl w jednym</strong>

<strong>Jak dobrać żaluzje drewniane do biblioteki?</strong>
- Wybierz szerokie lamele (np. 50 mm) w ciepłych odcieniach, by podkreślić francuski klimat.
- Ustaw żaluzje tak, by rozpraszały światło - unikaj pełnego otwarcia w godzinach południowych.

<strong>Shuttersy w praktyce - kontrola światła i prywatności</strong>
- Montuj shuttersy w jasnych odcieniach przy oknach wychodzących na południe lub zachód - zapewnią skuteczną barierę dla promieni UV.
- Zwróć uwagę na szerokość lameli - im szersze, tym lepsza regulacja światła.

<strong>Rolety pilsowane (plisy) - ochrona dla nietypowych okien</strong>
- Idealne do okien dachowych lub wykuszowych - wybierz tkaniny z powłoką odbijającą światło.
- Plisy pozwalają na zasłonięcie tylko wybranego fragmentu okna - ustaw je tak, by regały zawsze były w cieniu.

<strong>Detale robią różnicę</strong>
- Zamiast plastikowych dodatków, wybieraj naturalne lub postarzane uchwyty i karnisze.
- Połącz rolety pilsowane (plisy) z żaluzjami drewnianymi dla pełnej kontroli światła i stylu.

<strong>Shuttersy i żaluzje - inwestycja w spokój</strong>
- Dobrze dobrane osłony okienne nie tylko chronią zbiory, ale podnoszą wartość całego wnętrza.

<strong>CTA</strong>

Marzysz o bibliotece w stylu french elegance, gdzie światło, komfort i ochrona Twoich zbiorów idą w parze? Skorzystaj z naszej wiedzy i wybierz idealne rolety pilsowane (plisy), shuttersy czy żaluzje drewniane ROLBEST. Zadzwoń po bezpłatną wycenę - tel: 507 704 919 i rozpocznij metamorfozę swojego pokoju pasji już dziś!","<h2>Komfortowa przestrzeń do czytania</h2><p>Wyobraź sobie spokojny jesienny wieczór, kubek herbaty i ulubiona książka w ręku. Ale czy Twój pokój-biblioteka naprawdę sprzyja relaksowi? Zbyt ostre światło, nagrzewające się wnętrze lub wyblakłe grzbiety książek to niestety codzienność wielu domowych kolekcjonerów. Jak stworzyć przestrzeń, która będzie jednocześnie przytulna, stylowa i bezpieczna dla Twoich zbiorów?</p><h2>Renesans domowych bibliotek</h2><p>Domowe biblioteki i pokoje hobbystyczne przeżywają swój renesans, zwłaszcza wśród osób 60+. Jesień to czas, kiedy spędzamy więcej chwil w domu, a światło słoneczne, choć mile widziane, potrafi być zaskakująco ostre i szkodliwe dla książek czy obrazów. Styl french elegance, z ciepłymi odcieniami brązu, kości słoniowej i złocistych detali, coraz częściej pojawia się w polskich wnętrzach. Ale nawet najpiękniejsze regały czy miękkie fotele nie uchronią Twoich zbiorów przed promieniowaniem UV i nadmiernym nagrzewaniem. Tu do gry wchodzą nowoczesne <strong>osłony okienne</strong>, które nie tylko podkreślają styl, ale realnie zwiększają komfort i trwałość Twojej kolekcji.</p><h2>Problem</h2><p><strong>Błędy w aranżacji okien</strong> - czego unikać?</p><p>Wielu właścicieli domowych bibliotek myśli wyłącznie o estetyce, zapominając, że źle dobrane <strong>rolety</strong> czy brak osłon okiennych mogą prowadzić do:</p><ul><li><strong>blaknięcia</strong> okładek i kartek książek przez promieniowanie UV,</li><li><strong>przegrzewania</strong> się pomieszczenia, przez co trudno się zrelaksować,</li><li><strong>refleksów</strong> na stronach książek i ekranach czytników,</li><li><strong>braku spójności</strong> z resztą wystroju (np. niepasujące <strong>rolety rzymskie</strong> czy tandetne <strong>żaluzje aluminiowe</strong>).</li></ul><p>Często spotykam się z przypadkami, gdzie książki ustawione są tuż przy południowym oknie, bez żadnej ochrony. Inni wybierają przypadkowe <strong>żaluzje</strong>, które nijak mają się do stylu wnętrza. Efekt? Zbiory tracą na wartości, a klimat pokoju robi się nijaki.</p>[IMG2]<h2>Żaluzje drewniane jako podstawa stylu</h2><p><strong>Żaluzje drewniane</strong> ROLBEST to klasyka, która nigdy nie wychodzi z mody. Naturalne drewno w odcieniach karmelu lub głębokiego brązu pięknie współgra z francuską elegancją. Odpowiednio ustawione lamele pozwalają idealnie kontrolować ilość światła wpadającego do wnętrza - chronią zbiory przed blaknięciem i zapewniają przytulny klimat. Dodatkowo drewno ociepla przestrzeń i nadaje jej ponadczasowy charakter.</p><h2>Shuttersy dla wymagających</h2><p><strong>Shuttersy</strong> (okiennice wewnętrzne) ROLBEST to rozwiązanie dla tych, którzy chcą połączyć styl z funkcjonalnością. Dzięki regulowanym lamelom możesz precyzyjnie dozować światło - od pełnego zaciemnienia po subtelne rozproszenie. Shuttersy świetnie sprawdzają się w bibliotecznych wnętrzach, gdzie liczy się zarówno ochrona zbiorów, jak i intymność. Ich elegancki wygląd (np. w kolorze kości słoniowej) doskonale podkreśla klimat french elegance.</p><h2>Rolety pilsowane (plisy) - kontrola światła</h2><p>Jeśli Twój pokój ma niestandardowe okna (np. dachowe lub łukowe), <strong>rolety pilsowane</strong> (plisy) ROLBEST będą strzałem w dziesiątkę. Pozwalają na dowolną regulację zaciemnienia - możesz zasłonić tylko dolną część okna, chroniąc regały, a górą wpuścić światło. Dzięki nowoczesnym tkaninom plisy skutecznie odbijają promieniowanie UV i redukują nagrzewanie pomieszczenia. Dodatkowa zaleta? Są praktycznie niewidoczne po zsunięciu - idealnie wpisują się w dyskretną elegancję biblioteki.</p><h2>Praktyczne wskazówki</h2><p><strong>Jak dobrać żaluzje drewniane do biblioteki?</strong></p><h3>Wybór lameli</h3><p>Wybierz szerokie lamele (np. 50 mm) w ciepłych odcieniach, by podkreślić francuski klimat.</p><h3>Ustawienie żaluzji</h3><p>Ustaw żaluzje tak, by rozpraszały światło - unikaj pełnego otwarcia w godzinach południowych.</p><h3>Shuttersy w praktyce</h3><p>Montuj shuttersy w jasnych odcieniach przy oknach wychodzących na południe lub zachód - zapewnią skuteczną barierę dla promieni UV.</p><h3>Szerokość lameli</h3><p>Zwróć uwagę na szerokość lameli - im szersze, tym lepsza regulacja światła.</p><h3>Rolety pilsowane (plisy)</h3><p>Idealne do okien dachowych lub wykuszowych - wybierz tkaniny z powłoką odbijającą światło.</p><h3>Ustawienie plis</h3><p>Plisy pozwalają na zasłonięcie tylko wybranego fragmentu okna - ustaw je tak, by regały zawsze były w cieniu.</p><h3>Detale robią różnicę</h3><p>Zamiast plastikowych dodatków, wybieraj naturalne lub postarzane uchwyty i karnisze.</p><p>Połącz <strong>rolety pilsowane</strong> (plisy) z <strong>żaluzjami drewnianymi</strong> dla pełnej kontroli światła i stylu.</p><h3>Inwestycja w spokój</h3><p>Dobrze dobrane <strong>osłony okienne</strong> nie tylko chronią zbiory, ale podnoszą wartość całego wnętrza.</p>[IMG3]<p>Umów bezpłatną wycenę: <a href=""tel:507704919"">507 704 919</a></p>","Eksperci radzą: Jak urządzić hobbystyczny pokój-bibliotekę dla seniora w stylu french elegance, by cieszyć się światłem i chronić zbiory? Zyskaj elegancję i pełną kontrolę światła dzięki żaluzjom drewnianym, shuttersom lub plisom - zabezpiecz książki przed blaknięciem i zadbaj o komfortową atmosferę. Nasze 20-letnie doświadczenie pokazuje, że dobrze dobrane osłony odmieniają wnętrze. Umów bezpłatną wycenę: 507 704 919 📞✨🏠","Poranna herbata w sercu biblioteki, promienie słońca subtelnie filtrują się przez drewniane żaluzje... Tak rodzi się klimat, który koi zmysły i chroni ukochane książki przed blaknięciem. Jak Ty dbasz o światło i styl w swoim wnętrzu? Zajrzyj na bloga po inspiracje - link w bio. #rolbest #żaluzje #shutters #rolety #wnętrza #dom #inspiracje",https://drive.google.com/file/d/1VvxR2xD40j5yZg585KzbBOr0Z3susrTO/view?usp=drivesdk,1VvxR2xD40j5yZg585KzbBOr0Z3susrTO,Do akceptacji,Do akceptacji,https://drive.google.com/file/d/1k6orfipPic566b7L6KrrF8NVXBOmtcdD/view?usp=drivesdk,1k6orfipPic566b7L6KrrF8NVXBOmtcdD,https://drive.google.com/file/d/1tL2v5aTGXgMzsgY8cP2027wSsWB-RpSS/view?usp=drivesdk,1tL2v5aTGXgMzsgY8cP2027wSsWB-RpSS
17-11-2025,Salon rodzinny na jesień 2025 - światło i harmonia z żaluzje drewniane i shuttersy od ROLBEST,"<h1>Salon rodzinny na jesień 2025 - światło i harmonia z żaluzje drewniane i shuttersy od ROLBEST</h1>

<strong>HOOK</strong>

Czy Twój salon naprawdę sprzyja wspólnemu spędzaniu czasu, czy raczej każdy ucieka w swoje kąty? Jesienią, gdy szybciej zapada zmrok, światło i ciepło domowego wnętrza mają jeszcze większe znaczenie. Wyobraź sobie miejsce, w którym dzieci bawią się na podłodze, rodzice czytają książki, a światło płynnie dopasowuje się do Waszych potrzeb. Klucz? Przemyślana aranżacja okien i naturalne materiały.

<strong>KONTEKST</strong>

Trendy wnętrzarskie na jesień 2025 są jasne: rodziny szukają rozwiązań, które łączą domowników i wspierają codzienny komfort. Architekci coraz mocniej podkreślają rolę światła dziennego, ergonomii oraz naturalnych materiałów - właśnie one budują przyjazny klimat i dobre samopoczucie. Salon, jako centrum domu, musi być wszechstronny: służyć do zabawy, relaksu, a czasem i pracy. Odpowiednio dobrane osłony okienne, takie jak żaluzje drewniane czy shuttersy (okiennice wewnętrzne), stają się nie tylko praktycznym detalem, ale i elementem stylu. Zwłaszcza że nie każda aranżacja, nawet ta designerska, gwarantuje funkcjonalność i przytulność na co dzień.

<strong>PROBLEM</strong>

Wielu właścicieli domów i mieszkań popełnia podobne błędy podczas urządzania salonu. Najczęstszy? Zbyt małe okna, ciężkie zasłony lub rolety, które blokują naturalne światło, przez co wnętrze staje się przytłaczające. Niektórzy wybierają przypadkowe żaluzje czy plisy, nie zastanawiając się nad ich funkcją i stylem. Efekt? Zamiast przestrzeni do wspólnego życia powstaje chłodne, nieprzyjazne miejsce, z którego każdy chce uciec do własnego pokoju. Do tego dochodzi brak „strefowania” salonu - trudno znaleźć miejsce na rodzinne planszówki, popołudniową kawę czy dziecięcą zabawę bez chaosu. Jesień potęguje te problemy, bo światła jest mniej, a dom powinien stać się przytulnym azylem. Dobrze dobrane osłony okienne, jak żaluzje drewniane czy shuttersy, są często pomijane, a przecież mogą całkowicie odmienić klimat wnętrza i ułatwić codzienne funkcjonowanie.

<strong>ROZWIĄZANIE ROLBEST</strong>

Jeśli chcesz, by Twój salon był naprawdę rodzinny i funkcjonalny, postaw na sprawdzone rozwiązania ROLBEST. Żaluzje drewniane to ponadczasowa klasyka - wprowadzają do wnętrza ciepło, naturalność i niepowtarzalny klimat. Ich szerokie lamele pozwalają precyzyjnie sterować światłem - możesz stworzyć przytulny półmrok do drzemki lub rozjaśnić całe pomieszczenie podczas rodzinnych aktywności. Shuttersy, czyli okiennice wewnętrzne, to z kolei hit projektantów wnętrz. Są nie tylko piękne, ale i niezwykle praktyczne. Umożliwiają szybkie zaciemnienie salonu do wieczornego seansu filmowego, a jednocześnie świetnie izolują od hałasu i chłodu. Oba rozwiązania - żaluzje drewniane i shuttersy - możesz zamówić w ROLBEST na wymiar, w szerokiej gamie kolorów i wykończeń. Dzięki temu dopasujesz je idealnie do ciepłych bieli, lnianych tkanin czy drewnianych akcentów, które królują tej jesieni w salonach rodzinnych. To nie tylko styl, ale i wygoda, którą docenisz każdego dnia. Warto dodać, że nasze żaluzje i shuttersy są wybierane przez topowych polskich architektów właśnie za uniwersalność i komfort użytkowania w rodzinnych przestrzeniach.

<strong>PORADNIK PRAKTYCZNY</strong>

<strong>H3: Żaluzje drewniane w strefie relaksu</strong>
Postaw na szerokie żaluzje drewniane 50mm w okolicach kanapy lub kącika do czytania. Pozwolą Ci łatwo regulować ilość światła - wystarczy jeden ruch, by wyczarować idealną atmosferę na popołudniową kawę.

<strong>H3: Shuttersy dla prywatności i izolacji</strong>
Zamontuj shuttersy w oknach wychodzących na ulicę lub sąsiadów. Będziesz mieć kontrolę nad prywatnością, a jednocześnie zyskasz dodatkową warstwę ochrony przed chłodem i hałasem.

<strong>H3: Naturalne materiały i jasne kolory</strong>
Łącz żaluzje drewniane lub shuttersy z lnianymi zasłonami, miękkimi dywanami i białymi ścianami. To prosty sposób, by uzyskać modny, przytulny efekt bez zbędnego przeładowania.

<strong>H3: Strefowanie światłem</strong>
Zastosuj różne osłony okienne do podziału salonu na strefy - na przykład żaluzje drewniane przy stole, shuttersy w części wypoczynkowej. Dzięki temu każdy domownik znajdzie dla siebie idealne miejsce.

<strong>H3: Przemyślana funkcjonalność</strong>
Zanim wybierzesz konkretne rolety, żaluzje czy shuttersy, zastanów się, do czego najczęściej używasz salonu. Skonsultuj się z doradcą ROLBEST, żeby dobrać rozwiązanie idealne do Twoich potrzeb.

<strong>CTA</strong>

Chcesz mieć salon, w którym naprawdę spędzacie czas razem? Postaw na żaluzje drewniane i shuttersy od ROLBEST - lidera osłon okiennych w Polsce od 2003 roku. Zamów bezpłatną wycenę i dobierz rozwiązanie idealne dla swojej rodziny - tel: 507 704 919.","<h2>Salon rodzinny na jesień 2025</h2><p>Czy Twój salon naprawdę sprzyja wspólnemu spędzaniu czasu, czy raczej każdy ucieka w swoje kąty? Jesienią, gdy szybciej zapada zmrok, światło i ciepło domowego wnętrza mają jeszcze większe znaczenie. Wyobraź sobie miejsce, w którym dzieci bawią się na podłodze, rodzice czytają książki, a światło płynnie dopasowuje się do Waszych potrzeb. Klucz? Przemyślana aranżacja okien i naturalne materiały.</p><h2>Trendy wnętrzarskie</h2><p>Trendy wnętrzarskie na jesień 2025 są jasne: rodziny szukają rozwiązań, które łączą domowników i wspierają codzienny komfort. Architekci coraz mocniej podkreślają rolę światła dziennego, ergonomii oraz naturalnych materiałów - właśnie one budują przyjazny klimat i dobre samopoczucie. Salon, jako centrum domu, musi być wszechstronny: służyć do zabawy, relaksu, a czasem i pracy. Odpowiednio dobrane <strong>osłony okienne</strong>, takie jak <strong>żaluzje drewniane</strong> czy <strong>shuttersy</strong> (okiennice wewnętrzne), stają się nie tylko praktycznym detalem, ale i elementem stylu. Zwłaszcza że nie każda aranżacja, nawet ta designerska, gwarantuje funkcjonalność i przytulność na co dzień.</p><h2>Problem</h2><p>Wielu właścicieli domów i mieszkań popełnia podobne błędy podczas urządzania salonu. Najczęstszy? Zbyt małe okna, ciężkie zasłony lub rolety, które blokują naturalne światło, przez co wnętrze staje się przytłaczające. Niektórzy wybierają przypadkowe <strong>żaluzje</strong> czy <strong>plisy</strong>, nie zastanawiając się nad ich funkcją i stylem. Efekt? Zamiast przestrzeni do wspólnego życia powstaje chłodne, nieprzyjazne miejsce, z którego każdy chce uciec do własnego pokoju. Do tego dochodzi brak „strefowania” salonu - trudno znaleźć miejsce na rodzinne planszówki, popołudniową kawę czy dziecięcą zabawę bez chaosu. Jesień potęguje te problemy, bo światła jest mniej, a dom powinien stać się przytulnym azylem. Dobrze dobrane <strong>osłony okienne</strong>, jak <strong>żaluzje drewniane</strong> czy <strong>shuttersy</strong>, są często pomijane, a przecież mogą całkowicie odmienić klimat wnętrza i ułatwić codzienne funkcjonowanie.</p>[IMG2]<h2>Rozwiązanie ROLBEST</h2><p>Jeśli chcesz, by Twój salon był naprawdę rodzinny i funkcjonalny, postaw na sprawdzone rozwiązania ROLBEST. <strong>Żaluzje drewniane</strong> to ponadczasowa klasyka - wprowadzają do wnętrza ciepło, naturalność i niepowtarzalny klimat. Ich szerokie lamele pozwalają precyzyjnie sterować światłem - możesz stworzyć przytulny półmrok do drzemki lub rozjaśnić całe pomieszczenie podczas rodzinnych aktywności. <strong>Shuttersy</strong>, czyli okiennice wewnętrzne, to z kolei hit projektantów wnętrz. Są nie tylko piękne, ale i niezwykle praktyczne. Umożliwiają szybkie zaciemnienie salonu do wieczornego seansu filmowego, a jednocześnie świetnie izolują od hałasu i chłodu. Oba rozwiązania - <strong>żaluzje drewniane</strong> i <strong>shuttersy</strong> - możesz zamówić w ROLBEST na wymiar, w szerokiej gamie kolorów i wykończeń. Dzięki temu dopasujesz je idealnie do ciepłych bieli, lnianych tkanin czy drewnianych akcentów, które królują tej jesieni w salonach rodzinnych. To nie tylko styl, ale i wygoda, którą docenisz każdego dnia. Warto dodać, że nasze <strong>żaluzje</strong> i <strong>shuttersy</strong> są wybierane przez topowych polskich architektów właśnie za uniwersalność i komfort użytkowania w rodzinnych przestrzeniach.</p><h2>Poradnik praktyczny</h2><h3>Żaluzje drewniane w strefie relaksu</h3><p>Postaw na szerokie <strong>żaluzje drewniane</strong> 50mm w okolicach kanapy lub kącika do czytania. Pozwolą Ci łatwo regulować ilość światła - wystarczy jeden ruch, by wyczarować idealną atmosferę na popołudniową kawę.</p><h3>Shuttersy dla prywatności i izolacji</h3><p>Zamontuj <strong>shuttersy</strong> w oknach wychodzących na ulicę lub sąsiadów. Będziesz mieć kontrolę nad prywatnością, a jednocześnie zyskasz dodatkową warstwę ochrony przed chłodem i hałasem.</p><h3>Naturalne materiały i jasne kolory</h3><p>Łącz <strong>żaluzje drewniane</strong> lub <strong>shuttersy</strong> z lnianymi zasłonami, miękkimi dywanami i białymi ścianami. To prosty sposób, by uzyskać modny, przytulny efekt bez zbędnego przeładowania.</p><h3>Strefowanie światłem</h3><p>Zastosuj różne <strong>osłony okienne</strong> do podziału salonu na strefy - na przykład <strong>żaluzje drewniane</strong> przy stole, <strong>shuttersy</strong> w części wypoczynkowej. Dzięki temu każdy domownik znajdzie dla siebie idealne miejsce.</p><h3>Przemyślana funkcjonalność</h3><p>Zanim wybierzesz konkretne <strong>rolety</strong>, <strong>żaluzje</strong> czy <strong>shuttersy</strong>, zastanów się, do czego najczęściej używasz salonu. Skonsultuj się z doradcą ROLBEST, żeby dobrać rozwiązanie idealne do Twoich potrzeb.</p>[IMG3]<p>Umów bezpłatną wycenę: <a href=""tel:507704919"">507 704 919</a></p>","Salon rodzinny na jesień 2025 - światło i harmonia z żaluzje drewniane i shuttersy od ROLBEST? Naturalne osłony okienne to prosty sposób, by wprowadzić do salonu ciepło, komfort i idealne dopasowanie światła do rodzinnych aktywności. Nasze 20-letnie doświadczenie pokazuje, że takie rozwiązania odmieniają klimat domowych wnętrz. Umów bezpłatną wycenę: 507 704 919. 🏠 ✨ 📞","Jesienne popołudnia w rodzinnym salonie nabierają magii, gdy światło wpada przez drewniane żaluzje i stylowe shuttersy. To one tworzą harmonię, przytulność i dają poczucie bliskości. Jakie światło gości w Twoim domu tej jesieni? Po więcej pomysłów zajrzyj na bloga - link w bio. #żaluzje #shutters #wnętrza #dom #rolbest #inspiracje #design",https://drive.google.com/file/d/196_o-RgqkqdtS09eo9EHOBqVAL55aPY8/view?usp=drivesdk,196_o-RgqkqdtS09eo9EHOBqVAL55aPY8,Do akceptacji,Do akceptacji,https://drive.google.com/file/d/19USCs4zzUxZp-R8AdqaTLuaV7viVhRyG/view?usp=drivesdk,19USCs4zzUxZp-R8AdqaTLuaV7viVhRyG,https://drive.google.com/file/d/1QrD_uPWIz068iB0VrovKhVelcavYcOyh/view?usp=drivesdk,1QrD_uPWIz068iB0VrovKhVelcavYcOyh
18-11-2025,Jak światło i osłony okienne odmieniają aneks kuchenny,"<strong>HOOK:</strong>

Wyobraź sobie: jesienny wieczór, kubek kawy i Twój aneks kuchenny, który zamiast zapraszać, wydaje się nieco surowy i... ciemny. Industrialne wnętrza są super, ale bez odpowiedniego światła łatwo stracić klimat i funkcjonalność. Jeśli masz wrażenie, że Twój aneks to bardziej garaż niż serce domu, czytaj dalej - pokażę Ci, jak światło i odpowiednie osłony okienne mogą kompletnie odmienić ten fragment Twojego mieszkania.

<strong>KONTEKST:</strong>

Industrialny styl w aneksach kuchennych nie wychodzi z mody - łączy minimalizm, surowe materiały i dużą ilość przemyślanego światła. W 2025 roku wnętrza będą jeszcze mocniej stawiać na naturalną paletę barw, kamień, drewno i kontrasty, a światło naturalne stanie się najważniejszym „meblem” w Twoim mieszkaniu. Jesienią, gdy dni stają się krótsze, odpowiednia ekspozycja okien i umiejętne zarządzanie światłem decydują nie tylko o klimacie wnętrza, ale też o Twoim samopoczuciu i wygodzie. Właściwy dobór osłon okiennych - takich jak żaluzje fasadowe, shuttersy czy żaluzje drewniane - pozwala uzyskać efekt przestrzenności, lekkości i przytulności nawet w niewielkim aneksie. Chcesz, żeby Twoja kuchnia była funkcjonalna i stylowa przez cały rok? Zostań ze mną.

<strong>PROBLEM:</strong>

Co najczęściej psuje klimat industrialnego aneksu? Przede wszystkim źle zaplanowane światło. Właściciele mieszkań często wybierają przypadkowe rolety lub żaluzje, które tłumią dzienne światło albo wprowadzają chaos kolorystyczny. Popularny błąd to montaż ciężkich zasłon albo tanich rolet, które nijak nie pasują do surowości betonu czy stali. Efekt? Kuchnia robi się ciemna, ponura i traci na funkcjonalności - gotowanie staje się udręką, a relaks przy stole nie daje tego efektu „wow”. Warto też pamiętać, że industrialny styl lubi geometrię i prostotę - zbyt bogate wzory czy nieprzemyślane rozwiązania okienne mogą zaburzyć cały zamysł aranżacyjny. Problemem jest też brak elastyczności: w aneksie często potrzebujesz innego światła rano (do śniadania), a innego wieczorem (do chilloutu). Jak to pogodzić bez kompromisu ze stylem?

<strong>ROZWIĄZANIE ROLBEST:</strong>

Co zrobić, by industrialny aneks był pełen światła, ale nie stracił klimatu? Postaw na nowoczesne osłony okienne od ROLBEST! Zacznij od żaluzji fasadowych - to hit do dużych przeszkleń, bo pozwalają precyzyjnie regulować ilość światła i podkreślają surową geometrię okien. Dzięki nim możesz uzyskać efekt „open space” i doświetlić nawet najbardziej pochmurny dzień. Shuttersy (okiennice wewnętrzne) to z kolei sposób na elegancję i kontrolę prywatności - idealne, gdy aneks łączy się z salonem albo wychodzi na ulicę. Są stylowe, minimalistyczne i łatwe do utrzymania w czystości, a do tego pięknie współgrają z drewnem i kamieniem. Jeśli chcesz ocieplić wnętrze i dodać mu nieco przytulności, wybierz żaluzje drewniane - drewniane lamele wprowadzą do industrialnego wnętrza naturalny kontrast i podkreślą jego unikalny charakter. Każdy z tych produktów ROLBEST możesz idealnie dopasować do wymiaru i kolorystyki swojego aneksu, dzięki czemu zyskujesz nie tylko funkcjonalność, ale też 100% spójności z Twoją koncepcją wnętrza.

<strong>PORADNIK PRAKTYCZNY:</strong>

<strong>- H3: Żaluzje fasadowe w kontroli światła</strong>
Reguluj kąt nachylenia żaluzji fasadowych w zależności od pory dnia - rano wpuszczaj maksymalnie dużo naturalnego światła, wieczorem ustaw lamele tak, by zapewniały prywatność, ale nie całkowicie odcinały Cię od świata.

<strong>- H3: Shuttersy jako strefa relaksu i prywatności</strong>
Zamontuj shuttersy w strefie jadalnianej - możesz szybko zmieniać nastrój: zamknięte zapewniają intymność, otwarte wpuszczają światło i eksponują industrialne detale wnętrza.

<strong>- H3: Żaluzje drewniane dla przytulności</strong>
Dobierz kolor żaluzji drewnianych do barw ziemi, kamienia lub betonu w Twoim aneksie - jasne drewno ociepla, a ciemne podkreśla loftowy charakter. Pamiętaj, żeby nie przesadzić z ilością dodatków - prostota to klucz w industrialu.

<strong>- H3: Rolety screen na okna do gotowania</strong>
Jeśli Twój aneks wychodzi na mocno nasłonecznioną stronę, rozważ rolety screen - chronią przed nagrzewaniem, ale nie blokują widoku na zewnątrz.

<strong>CTA:</strong>

Chcesz, żeby Twój aneks kuchenny był funkcjonalny i stylowy przez cały rok? Zadzwoń po bezpłatną wycenę: 507 704 919. ROLBEST - od 20 lat pomagamy tworzyć światło, klimat i wygodę w Twoim domu. Nie czekaj - sprawdź, jak żaluzje fasadowe, shuttersy i żaluzje drewniane mogą odmienić Twoje wnętrze!","<h2>Światło w aneksie kuchennym</h2><p>Wyobraź sobie: jesienny wieczór, kubek kawy i Twój aneks kuchenny, który zamiast zapraszać, wydaje się nieco surowy i... ciemny. Industrialne wnętrza są super, ale bez odpowiedniego światła łatwo stracić klimat i funkcjonalność. Jeśli masz wrażenie, że Twój aneks to bardziej garaż niż serce domu, czytaj dalej - pokażę Ci, jak światło i odpowiednie osłony okienne mogą kompletnie odmienić ten fragment Twojego mieszkania.</p><h2>Klimat industrialny</h2><p><strong>Industrialny styl</strong> w aneksach kuchennych nie wychodzi z mody - łączy minimalizm, surowe materiały i dużą ilość przemyślanego światła. W 2025 roku wnętrza będą jeszcze mocniej stawiać na naturalną paletę barw, kamień, drewno i kontrasty, a światło naturalne stanie się najważniejszym „meblem” w Twoim mieszkaniu. Jesienią, gdy dni stają się krótsze, odpowiednia ekspozycja okien i umiejętne zarządzanie światłem decydują nie tylko o klimacie wnętrza, ale też o Twoim samopoczuciu i wygodzie. Właściwy dobór <strong>osłon okiennych</strong> - takich jak <strong>żaluzje fasadowe</strong>, <strong>shuttersy</strong> czy <strong>żaluzje drewniane</strong> - pozwala uzyskać efekt przestrzenności, lekkości i przytulności nawet w niewielkim aneksie. Chcesz, żeby Twoja kuchnia była funkcjonalna i stylowa przez cały rok? Zostań ze mną.</p><h2>Problem z oświetleniem</h2><p>Co najczęściej psuje klimat industrialnego aneksu? Przede wszystkim źle zaplanowane światło. Właściciele mieszkań często wybierają przypadkowe <strong>rolety</strong> lub <strong>żaluzje</strong>, które tłumią dzienne światło albo wprowadzają chaos kolorystyczny. Popularny błąd to montaż ciężkich zasłon albo tanich rolet, które nijak nie pasują do surowości betonu czy stali. Efekt? Kuchnia robi się ciemna, ponura i traci na funkcjonalności - gotowanie staje się udręką, a relaks przy stole nie daje tego efektu „wow”. Warto też pamiętać, że <strong>industrialny styl</strong> lubi geometrię i prostotę - zbyt bogate wzory czy nieprzemyślane rozwiązania okienne mogą zaburzyć cały zamysł aranżacyjny. Problemem jest też brak elastyczności: w aneksie często potrzebujesz innego światła rano (do śniadania), a innego wieczorem (do chilloutu). Jak to pogodzić bez kompromisu ze stylem?</p>[IMG2]<h2>Rozwiązanie ROLBEST</h2><p>Co zrobić, by <strong>industrialny aneks</strong> był pełen światła, ale nie stracił klimatu? Postaw na nowoczesne <strong>osłony okienne</strong> od ROLBEST! Zacznij od <strong>żaluzji fasadowych</strong> - to hit do dużych przeszkleń, bo pozwalają precyzyjnie regulować ilość światła i podkreślają surową geometrię okien. Dzięki nim możesz uzyskać efekt „open space” i doświetlić nawet najbardziej pochmurny dzień. <strong>Shuttersy</strong> (okiennice wewnętrzne) to z kolei sposób na elegancję i kontrolę prywatności - idealne, gdy aneks łączy się z salonem albo wychodzi na ulicę. Są stylowe, minimalistyczne i łatwe do utrzymania w czystości, a do tego pięknie współgrają z drewnem i kamieniem. Jeśli chcesz ocieplić wnętrze i dodać mu nieco przytulności, wybierz <strong>żaluzje drewniane</strong> - drewniane lamele wprowadzą do industrialnego wnętrza naturalny kontrast i podkreślą jego unikalny charakter. Każdy z tych produktów ROLBEST możesz idealnie dopasować do wymiaru i kolorystyki swojego aneksu, dzięki czemu zyskujesz nie tylko funkcjonalność, ale też 100% spójności z Twoją koncepcją wnętrza.</p><h2>Poradnik praktyczny</h2><h3>Żaluzje fasadowe w kontroli światła</h3><p><strong>Reguluj</strong> kąt nachylenia <strong>żaluzji fasadowych</strong> w zależności od pory dnia - rano wpuszczaj maksymalnie dużo naturalnego światła, wieczorem ustaw lamele tak, by zapewniały prywatność, ale nie całkowicie odcinały Cię od świata.</p><h3>Shuttersy jako strefa relaksu</h3><p><strong>Zamontuj</strong> shuttersy w strefie jadalnianej - możesz szybko zmieniać nastrój: zamknięte zapewniają intymność, otwarte wpuszczają światło i eksponują industrialne detale wnętrza.</p><h3>Żaluzje drewniane dla przytulności</h3><p><strong>Dobierz</strong> kolor <strong>żaluzji drewnianych</strong> do barw ziemi, kamienia lub betonu w Twoim aneksie - jasne drewno ociepla, a ciemne podkreśla loftowy charakter. Pamiętaj, żeby nie przesadzić z ilością dodatków - prostota to klucz w industrialu.</p><h3>Rolety screen na okna do gotowania</h3><p>Jeśli Twój aneks wychodzi na mocno nasłonecznioną stronę, rozważ <strong>rolety screen</strong> - chronią przed nagrzewaniem, ale nie blokują widoku na zewnątrz.</p>[IMG3]<p>Umów bezpłatną wycenę: <a href=""tel:507704919"">507 704 919</a></p>","Aneks kuchenny w industrialnym stylu - klimat i funkcjonalność dzięki nowoczesnym żaluzjom? Odpowiedni dobór osłon okiennych, jak shuttersy czy żaluzje drewniane, to prosty sposób na więcej światła, przytulności i prywatności w Twoim wnętrzu. Nasze 20-letnie doświadczenie pokazuje, że detale robią różnicę. Umów bezpłatną wycenę: 507 704 919. 🌞✨📞","Poranna kawa w industrialnym aneksie zalanym naturalnym światłem - brzmi jak codzienny luksus? Odpowiednia kontrola światła przez stylowe żaluzje lub shuttersy potrafi odmienić charakter wnętrza i dodać energii na cały dzień. A Ty, czy wiesz już, jak światło może podkreślić klimat Twojej kuchni? Zajrzyj na bloga - link w bio! #żaluzje #shutters #wnętrza #dom #rolbest #architektura #inspiracje",https://drive.google.com/file/d/15VUOtjX0gINMT3tpuigRhJGOdaaC47Nd/view?usp=drivesdk,15VUOtjX0gINMT3tpuigRhJGOdaaC47Nd,Do akceptacji,Do akceptacji,https://drive.google.com/file/d/19Yyf8r_5cTkP6FiSZ_XORqqITr9YtJlf/view?usp=drivesdk,19Yyf8r_5cTkP6FiSZ_XORqqITr9YtJlf,https://drive.google.com/file/d/1BiCdy5uKZHSUCveNPVvM113jKSMfrgVi/view?usp=drivesdk,1BiCdy5uKZHSUCveNPVvM113jKSMfrgVi